2026-08-01 11:09:14  ERROR     Línea 2 [BR-001] (Brassolis sophorae vulpeculus) — APIError: {'message': 'column specimens.metadata does not exist', 'code': '42703', 'hint': None, 'details': None}
Traceback (most recent call last):
  File "/Users/housinsectsoffperu/Neotropical Specimens Native/scripts/ingest_csv.py", line 814, in process_row
    specimen_id = resolve_specimen(sb, r, taxonomy_id, region_id)
  File "/Users/housinsectsoffperu/Neotropical Specimens Native/scripts/ingest_csv.py", line 743, in resolve_specimen
    .execute()
     ~~~~~~~^^
  File "/Users/housinsectsoffperu/Neotropical Specimens Native/.venv-ingest/lib/python3.14/site-packages/postgrest/_sync/request_builder.py", line 96, in execute
    raise APIError(dict(json_obj))
postgrest.exceptions.APIError: {'message': 'column specimens.metadata does not exist', 'code': '42703', 'hint': None, 'details': None}
2026-08-01 11:09:15  ERROR     Línea 3 [BR-002] (Brassolis sophorae vulpeculus) — APIError: {'message': 'column specimens.metadata does not exist', 'code': '42703', 'hint': None, 'details': None}
Traceback (most recent call last):
  File "/Users/housinsectsoffperu/Neotropical Specimens Native/scripts/ingest_csv.py", line 814, in process_row
    specimen_id = resolve_specimen(sb, r, taxonomy_id, region_id)
  File "/Users/housinsectsoffperu/Neotropical Specimens Native/scripts/ingest_csv.py", line 743, in resolve_specimen
    .execute()
     ~~~~~~~^^
  File "/Users/housinsectsoffperu/Neotropical Specimens Native/.venv-ingest/lib/python3.14/site-packages/postgrest/_sync/request_builder.py", line 96, in execute
    raise APIError(dict(json_obj))
postgrest.exceptions.APIError: {'message': 'column specimens.metadata does not exist', 'code': '42703', 'hint': None, 'details': None}
2026-08-01 11:09:17  ERROR     Línea 4 [BR-003] (Caligo atreus agesilaus) — APIError: {'message': 'column specimens.metadata does not exist', 'code': '42703', 'hint': None, 'details': None}
Traceback (most recent call last):
  File "/Users/housinsectsoffperu/Neotropical Specimens Native/scripts/ingest_csv.py", line 814, in process_row
    specimen_id = resolve_specimen(sb, r, taxonomy_id, region_id)
  File "/Users/housinsectsoffperu/Neotropical Specimens Native/scripts/ingest_csv.py", line 743, in resolve_specimen
    .execute()
     ~~~~~~~^^
  File "/Users/housinsectsoffperu/Neotropical Specimens Native/.venv-ingest/lib/python3.14/site-packages/postgrest/_sync/request_builder.py", line 96, in execute
    raise APIError(dict(json_obj))
postgrest.exceptions.APIError: {'message': 'column specimens.metadata does not exist', 'code': '42703', 'hint': None, 'details': None}
2026-08-01 11:09:18  ERROR     Línea 5 [BR-004] (Caligo atreus agesilaus) — APIError: {'message': 'column specimens.metadata does not exist', 'code': '42703', 'hint': None, 'details': None}
Traceback (most recent call last):
  File "/Users/housinsectsoffperu/Neotropical Specimens Native/scripts/ingest_csv.py", line 814, in process_row
    specimen_id = resolve_specimen(sb, r, taxonomy_id, region_id)
  File "/Users/housinsectsoffperu/Neotropical Specimens Native/scripts/ingest_csv.py", line 743, in resolve_specimen
    .execute()
     ~~~~~~~^^
  File "/Users/housinsectsoffperu/Neotropical Specimens Native/.venv-ingest/lib/python3.14/site-packages/postgrest/_sync/request_builder.py", line 96, in execute
    raise APIError(dict(json_obj))
postgrest.exceptions.APIError: {'message': 'column specimens.metadata does not exist', 'code': '42703', 'hint': None, 'details': None}
2026-08-01 11:09:19  ERROR     Línea 6 [BR-005] (Caligo atreus agesilaus) — APIError: {'message': 'column specimens.metadata does not exist', 'code': '42703', 'hint': None, 'details': None}
Traceback (most recent call last):
  File "/Users/housinsectsoffperu/Neotropical Specimens Native/scripts/ingest_csv.py", line 814, in process_row
    specimen_id = resolve_specimen(sb, r, taxonomy_id, region_id)
  File "/Users/housinsectsoffperu/Neotropical Specimens Native/scripts/ingest_csv.py", line 743, in resolve_specimen
    .execute()
     ~~~~~~~^^
  File "/Users/housinsectsoffperu/Neotropical Specimens Native/.venv-ingest/lib/python3.14/site-packages/postgrest/_sync/request_builder.py", line 96, in execute
    raise APIError(dict(json_obj))
postgrest.exceptions.APIError: {'message': 'column specimens.metadata does not exist', 'code': '42703', 'hint': None, 'details': None}
2026-08-01 11:09:20  ERROR     Línea 7 [BR-006] (Caligo atreus ajax) — APIError: {'message': 'column specimens.metadata does not exist', 'code': '42703', 'hint': None, 'details': None}
Traceback (most recent call last):
  File "/Users/housinsectsoffperu/Neotropical Specimens Native/scripts/ingest_csv.py", line 814, in process_row
    specimen_id = resolve_specimen(sb, r, taxonomy_id, region_id)
  File "/Users/housinsectsoffperu/Neotropical Specimens Native/scripts/ingest_csv.py", line 743, in resolve_specimen
    .execute()
     ~~~~~~~^^
  File "/Users/housinsectsoffperu/Neotropical Specimens Native/.venv-ingest/lib/python3.14/site-packages/postgrest/_sync/request_builder.py", line 96, in execute
    raise APIError(dict(json_obj))
postgrest.exceptions.APIError: {'message': 'column specimens.metadata does not exist', 'code': '42703', 'hint': None, 'details': None}
2026-08-01 11:09:21  ERROR     Línea 8 [BR-007] (Caligo atreus ajax) — APIError: {'message': 'column specimens.metadata does not exist', 'code': '42703', 'hint': None, 'details': None}
Traceback (most recent call last):
  File "/Users/housinsectsoffperu/Neotropical Specimens Native/scripts/ingest_csv.py", line 814, in process_row
    specimen_id = resolve_specimen(sb, r, taxonomy_id, region_id)
  File "/Users/housinsectsoffperu/Neotropical Specimens Native/scripts/ingest_csv.py", line 743, in resolve_specimen
    .execute()
     ~~~~~~~^^
  File "/Users/housinsectsoffperu/Neotropical Specimens Native/.venv-ingest/lib/python3.14/site-packages/postgrest/_sync/request_builder.py", line 96, in execute
    raise APIError(dict(json_obj))
postgrest.exceptions.APIError: {'message': 'column specimens.metadata does not exist', 'code': '42703', 'hint': None, 'details': None}
2026-08-01 11:09:23  ERROR     Línea 9 [BR-008] (Caligo brasiliensis sulanus) — APIError: {'message': 'column specimens.metadata does not exist', 'code': '42703', 'hint': None, 'details': None}
Traceback (most recent call last):
  File "/Users/housinsectsoffperu/Neotropical Specimens Native/scripts/ingest_csv.py", line 814, in process_row
    specimen_id = resolve_specimen(sb, r, taxonomy_id, region_id)
  File "/Users/housinsectsoffperu/Neotropical Specimens Native/scripts/ingest_csv.py", line 743, in resolve_specimen
    .execute()
     ~~~~~~~^^
  File "/Users/housinsectsoffperu/Neotropical Specimens Native/.venv-ingest/lib/python3.14/site-packages/postgrest/_sync/request_builder.py", line 96, in execute
    raise APIError(dict(json_obj))
postgrest.exceptions.APIError: {'message': 'column specimens.metadata does not exist', 'code': '42703', 'hint': None, 'details': None}
2026-08-01 11:09:25  ERROR     Línea 10 [BR-009] (Caligo eurilochus livius) — APIError: {'message': 'column specimens.metadata does not exist', 'code': '42703', 'hint': None, 'details': None}
Traceback (most recent call last):
  File "/Users/housinsectsoffperu/Neotropical Specimens Native/scripts/ingest_csv.py", line 814, in process_row
    specimen_id = resolve_specimen(sb, r, taxonomy_id, region_id)
  File "/Users/housinsectsoffperu/Neotropical Specimens Native/scripts/ingest_csv.py", line 743, in resolve_specimen
    .execute()
     ~~~~~~~^^
  File "/Users/housinsectsoffperu/Neotropical Specimens Native/.venv-ingest/lib/python3.14/site-packages/postgrest/_sync/request_builder.py", line 96, in execute
    raise APIError(dict(json_obj))
postgrest.exceptions.APIError: {'message': 'column specimens.metadata does not exist', 'code': '42703', 'hint': None, 'details': None}
2026-08-01 11:09:26  ERROR     Línea 11 [BR-010] (Caligo eurilochus livius) — APIError: {'message': 'column specimens.metadata does not exist', 'code': '42703', 'hint': None, 'details': None}
Traceback (most recent call last):
  File "/Users/housinsectsoffperu/Neotropical Specimens Native/scripts/ingest_csv.py", line 814, in process_row
    specimen_id = resolve_specimen(sb, r, taxonomy_id, region_id)
  File "/Users/housinsectsoffperu/Neotropical Specimens Native/scripts/ingest_csv.py", line 743, in resolve_specimen
    .execute()
     ~~~~~~~^^
  File "/Users/housinsectsoffperu/Neotropical Specimens Native/.venv-ingest/lib/python3.14/site-packages/postgrest/_sync/request_builder.py", line 96, in execute
    raise APIError(dict(json_obj))
postgrest.exceptions.APIError: {'message': 'column specimens.metadata does not exist', 'code': '42703', 'hint': None, 'details': None}
2026-08-01 11:09:27  ERROR     Línea 12 [BR-011] (Caligo idomeneus idomenides) — APIError: {'message': 'column specimens.metadata does not exist', 'code': '42703', 'hint': None, 'details': None}
Traceback (most recent call last):
  File "/Users/housinsectsoffperu/Neotropical Specimens Native/scripts/ingest_csv.py", line 814, in process_row
    specimen_id = resolve_specimen(sb, r, taxonomy_id, region_id)
  File "/Users/housinsectsoffperu/Neotropical Specimens Native/scripts/ingest_csv.py", line 743, in resolve_specimen
    .execute()
     ~~~~~~~^^
  File "/Users/housinsectsoffperu/Neotropical Specimens Native/.venv-ingest/lib/python3.14/site-packages/postgrest/_sync/request_builder.py", line 96, in execute
    raise APIError(dict(json_obj))
postgrest.exceptions.APIError: {'message': 'column specimens.metadata does not exist', 'code': '42703', 'hint': None, 'details': None}
2026-08-01 11:09:28  ERROR     Línea 13 [BR-012] (Caligo idomeneus idomenides) — APIError: {'message': 'column specimens.metadata does not exist', 'code': '42703', 'hint': None, 'details': None}
Traceback (most recent call last):
  File "/Users/housinsectsoffperu/Neotropical Specimens Native/scripts/ingest_csv.py", line 814, in process_row
    specimen_id = resolve_specimen(sb, r, taxonomy_id, region_id)
  File "/Users/housinsectsoffperu/Neotropical Specimens Native/scripts/ingest_csv.py", line 743, in resolve_specimen
    .execute()
     ~~~~~~~^^
  File "/Users/housinsectsoffperu/Neotropical Specimens Native/.venv-ingest/lib/python3.14/site-packages/postgrest/_sync/request_builder.py", line 96, in execute
    raise APIError(dict(json_obj))
postgrest.exceptions.APIError: {'message': 'column specimens.metadata does not exist', 'code': '42703', 'hint': None, 'details': None}
2026-08-01 11:09:29  ERROR     Línea 14 [BR-013] (Caligo illioneus) — APIError: {'message': 'column specimens.metadata does not exist', 'code': '42703', 'hint': None, 'details': None}
Traceback (most recent call last):
  File "/Users/housinsectsoffperu/Neotropical Specimens Native/scripts/ingest_csv.py", line 814, in process_row
    specimen_id = resolve_specimen(sb, r, taxonomy_id, region_id)
  File "/Users/housinsectsoffperu/Neotropical Specimens Native/scripts/ingest_csv.py", line 743, in resolve_specimen
    .execute()
     ~~~~~~~^^
  File "/Users/housinsectsoffperu/Neotropical Specimens Native/.venv-ingest/lib/python3.14/site-packages/postgrest/_sync/request_builder.py", line 96, in execute
    raise APIError(dict(json_obj))
postgrest.exceptions.APIError: {'message': 'column specimens.metadata does not exist', 'code': '42703', 'hint': None, 'details': None}
2026-08-01 11:09:30  ERROR     Línea 15 [BR-014] (Caligo illioneus) — APIError: {'message': 'column specimens.metadata does not exist', 'code': '42703', 'hint': None, 'details': None}
Traceback (most recent call last):
  File "/Users/housinsectsoffperu/Neotropical Specimens Native/scripts/ingest_csv.py", line 814, in process_row
    specimen_id = resolve_specimen(sb, r, taxonomy_id, region_id)
  File "/Users/housinsectsoffperu/Neotropical Specimens Native/scripts/ingest_csv.py", line 743, in resolve_specimen
    .execute()
     ~~~~~~~^^
  File "/Users/housinsectsoffperu/Neotropical Specimens Native/.venv-ingest/lib/python3.14/site-packages/postgrest/_sync/request_builder.py", line 96, in execute
    raise APIError(dict(json_obj))
postgrest.exceptions.APIError: {'message': 'column specimens.metadata does not exist', 'code': '42703', 'hint': None, 'details': None}
2026-08-01 11:09:31  ERROR     Línea 16 [BR-015] (Caligo placidianus) — APIError: {'message': 'column specimens.metadata does not exist', 'code': '42703', 'hint': None, 'details': None}
Traceback (most recent call last):
  File "/Users/housinsectsoffperu/Neotropical Specimens Native/scripts/ingest_csv.py", line 814, in process_row
    specimen_id = resolve_specimen(sb, r, taxonomy_id, region_id)
  File "/Users/housinsectsoffperu/Neotropical Specimens Native/scripts/ingest_csv.py", line 743, in resolve_specimen
    .execute()
     ~~~~~~~^^
  File "/Users/housinsectsoffperu/Neotropical Specimens Native/.venv-ingest/lib/python3.14/site-packages/postgrest/_sync/request_builder.py", line 96, in execute
    raise APIError(dict(json_obj))
postgrest.exceptions.APIError: {'message': 'column specimens.metadata does not exist', 'code': '42703', 'hint': None, 'details': None}
2026-08-01 11:09:31  ERROR     Línea 17 [BR-016] (Caligo placidianus) — APIError: {'message': 'column specimens.metadata does not exist', 'code': '42703', 'hint': None, 'details': None}
Traceback (most recent call last):
  File "/Users/housinsectsoffperu/Neotropical Specimens Native/scripts/ingest_csv.py", line 814, in process_row
    specimen_id = resolve_specimen(sb, r, taxonomy_id, region_id)
  File "/Users/housinsectsoffperu/Neotropical Specimens Native/scripts/ingest_csv.py", line 743, in resolve_specimen
    .execute()
     ~~~~~~~^^
  File "/Users/housinsectsoffperu/Neotropical Specimens Native/.venv-ingest/lib/python3.14/site-packages/postgrest/_sync/request_builder.py", line 96, in execute
    raise APIError(dict(json_obj))
postgrest.exceptions.APIError: {'message': 'column specimens.metadata does not exist', 'code': '42703', 'hint': None, 'details': None}
2026-08-01 11:09:32  ERROR     Línea 18 [BR-017] (Caligo placidianus) — APIError: {'message': 'column specimens.metadata does not exist', 'code': '42703', 'hint': None, 'details': None}
Traceback (most recent call last):
  File "/Users/housinsectsoffperu/Neotropical Specimens Native/scripts/ingest_csv.py", line 814, in process_row
    specimen_id = resolve_specimen(sb, r, taxonomy_id, region_id)
  File "/Users/housinsectsoffperu/Neotropical Specimens Native/scripts/ingest_csv.py", line 743, in resolve_specimen
    .execute()
     ~~~~~~~^^
  File "/Users/housinsectsoffperu/Neotropical Specimens Native/.venv-ingest/lib/python3.14/site-packages/postgrest/_sync/request_builder.py", line 96, in execute
    raise APIError(dict(json_obj))
postgrest.exceptions.APIError: {'message': 'column specimens.metadata does not exist', 'code': '42703', 'hint': None, 'details': None}
2026-08-01 11:09:33  ERROR     Línea 19 [BR-018] (Caligo placidianus) — APIError: {'message': 'column specimens.metadata does not exist', 'code': '42703', 'hint': None, 'details': None}
Traceback (most recent call last):
  File "/Users/housinsectsoffperu/Neotropical Specimens Native/scripts/ingest_csv.py", line 814, in process_row
    specimen_id = resolve_specimen(sb, r, taxonomy_id, region_id)
  File "/Users/housinsectsoffperu/Neotropical Specimens Native/scripts/ingest_csv.py", line 743, in resolve_specimen
    .execute()
     ~~~~~~~^^
  File "/Users/housinsectsoffperu/Neotropical Specimens Native/.venv-ingest/lib/python3.14/site-packages/postgrest/_sync/request_builder.py", line 96, in execute
    raise APIError(dict(json_obj))
postgrest.exceptions.APIError: {'message': 'column specimens.metadata does not exist', 'code': '42703', 'hint': None, 'details': None}
2026-08-01 11:09:34  ERROR     Línea 20 [BR-019] (Caligo teucer semicaerulea) — APIError: {'message': 'column specimens.metadata does not exist', 'code': '42703', 'hint': None, 'details': None}
Traceback (most recent call last):
  File "/Users/housinsectsoffperu/Neotropical Specimens Native/scripts/ingest_csv.py", line 814, in process_row
    specimen_id = resolve_specimen(sb, r, taxonomy_id, region_id)
  File "/Users/housinsectsoffperu/Neotropical Specimens Native/scripts/ingest_csv.py", line 743, in resolve_specimen
    .execute()
     ~~~~~~~^^
  File "/Users/housinsectsoffperu/Neotropical Specimens Native/.venv-ingest/lib/python3.14/site-packages/postgrest/_sync/request_builder.py", line 96, in execute
    raise APIError(dict(json_obj))
postgrest.exceptions.APIError: {'message': 'column specimens.metadata does not exist', 'code': '42703', 'hint': None, 'details': None}
2026-08-01 11:09:35  ERROR     Línea 21 [BR-020] (Caligo teucer semicaerulea) — APIError: {'message': 'column specimens.metadata does not exist', 'code': '42703', 'hint': None, 'details': None}
Traceback (most recent call last):
  File "/Users/housinsectsoffperu/Neotropical Specimens Native/scripts/ingest_csv.py", line 814, in process_row
    specimen_id = resolve_specimen(sb, r, taxonomy_id, region_id)
  File "/Users/housinsectsoffperu/Neotropical Specimens Native/scripts/ingest_csv.py", line 743, in resolve_specimen
    .execute()
     ~~~~~~~^^
  File "/Users/housinsectsoffperu/Neotropical Specimens Native/.venv-ingest/lib/python3.14/site-packages/postgrest/_sync/request_builder.py", line 96, in execute
    raise APIError(dict(json_obj))
postgrest.exceptions.APIError: {'message': 'column specimens.metadata does not exist', 'code': '42703', 'hint': None, 'details': None}
2026-08-01 11:09:36  ERROR     Línea 22 [BR-021] (Caligo teucer semicaerulea) — APIError: {'message': 'column specimens.metadata does not exist', 'code': '42703', 'hint': None, 'details': None}
Traceback (most recent call last):
  File "/Users/housinsectsoffperu/Neotropical Specimens Native/scripts/ingest_csv.py", line 814, in process_row
    specimen_id = resolve_specimen(sb, r, taxonomy_id, region_id)
  File "/Users/housinsectsoffperu/Neotropical Specimens Native/scripts/ingest_csv.py", line 743, in resolve_specimen
    .execute()
     ~~~~~~~^^
  File "/Users/housinsectsoffperu/Neotropical Specimens Native/.venv-ingest/lib/python3.14/site-packages/postgrest/_sync/request_builder.py", line 96, in execute
    raise APIError(dict(json_obj))
postgrest.exceptions.APIError: {'message': 'column specimens.metadata does not exist', 'code': '42703', 'hint': None, 'details': None}
2026-08-01 11:09:38  ERROR     Línea 23 [BR-022] (Dynastor darius darius) — APIError: {'message': 'column specimens.metadata does not exist', 'code': '42703', 'hint': None, 'details': None}
Traceback (most recent call last):
  File "/Users/housinsectsoffperu/Neotropical Specimens Native/scripts/ingest_csv.py", line 814, in process_row
    specimen_id = resolve_specimen(sb, r, taxonomy_id, region_id)
  File "/Users/housinsectsoffperu/Neotropical Specimens Native/scripts/ingest_csv.py", line 743, in resolve_specimen
    .execute()
     ~~~~~~~^^
  File "/Users/housinsectsoffperu/Neotropical Specimens Native/.venv-ingest/lib/python3.14/site-packages/postgrest/_sync/request_builder.py", line 96, in execute
    raise APIError(dict(json_obj))
postgrest.exceptions.APIError: {'message': 'column specimens.metadata does not exist', 'code': '42703', 'hint': None, 'details': None}
2026-08-01 11:09:39  ERROR     Línea 24 [BR-023] (Opsiphanes bogatanus) — APIError: {'message': 'column specimens.metadata does not exist', 'code': '42703', 'hint': None, 'details': None}
Traceback (most recent call last):
  File "/Users/housinsectsoffperu/Neotropical Specimens Native/scripts/ingest_csv.py", line 814, in process_row
    specimen_id = resolve_specimen(sb, r, taxonomy_id, region_id)
  File "/Users/housinsectsoffperu/Neotropical Specimens Native/scripts/ingest_csv.py", line 743, in resolve_specimen
    .execute()
     ~~~~~~~^^
  File "/Users/housinsectsoffperu/Neotropical Specimens Native/.venv-ingest/lib/python3.14/site-packages/postgrest/_sync/request_builder.py", line 96, in execute
    raise APIError(dict(json_obj))
postgrest.exceptions.APIError: {'message': 'column specimens.metadata does not exist', 'code': '42703', 'hint': None, 'details': None}
2026-08-01 11:09:40  ERROR     Línea 25 [BR-024] (Opsiphanes cassiae rubigatus) — APIError: {'message': 'column specimens.metadata does not exist', 'code': '42703', 'hint': None, 'details': None}
Traceback (most recent call last):
  File "/Users/housinsectsoffperu/Neotropical Specimens Native/scripts/ingest_csv.py", line 814, in process_row
    specimen_id = resolve_specimen(sb, r, taxonomy_id, region_id)
  File "/Users/housinsectsoffperu/Neotropical Specimens Native/scripts/ingest_csv.py", line 743, in resolve_specimen
    .execute()
     ~~~~~~~^^
  File "/Users/housinsectsoffperu/Neotropical Specimens Native/.venv-ingest/lib/python3.14/site-packages/postgrest/_sync/request_builder.py", line 96, in execute
    raise APIError(dict(json_obj))
postgrest.exceptions.APIError: {'message': 'column specimens.metadata does not exist', 'code': '42703', 'hint': None, 'details': None}
2026-08-01 11:09:42  ERROR     Línea 26 [BR-025] (Opsiphanes cassina barkeri) — APIError: {'message': 'column specimens.metadata does not exist', 'code': '42703', 'hint': None, 'details': None}
Traceback (most recent call last):
  File "/Users/housinsectsoffperu/Neotropical Specimens Native/scripts/ingest_csv.py", line 814, in process_row
    specimen_id = resolve_specimen(sb, r, taxonomy_id, region_id)
  File "/Users/housinsectsoffperu/Neotropical Specimens Native/scripts/ingest_csv.py", line 743, in resolve_specimen
    .execute()
     ~~~~~~~^^
  File "/Users/housinsectsoffperu/Neotropical Specimens Native/.venv-ingest/lib/python3.14/site-packages/postgrest/_sync/request_builder.py", line 96, in execute
    raise APIError(dict(json_obj))
postgrest.exceptions.APIError: {'message': 'column specimens.metadata does not exist', 'code': '42703', 'hint': None, 'details': None}
2026-08-01 11:09:43  ERROR     Línea 27 [BR-026] (Opsiphanes cassina barkeri) — APIError: {'message': 'column specimens.metadata does not exist', 'code': '42703', 'hint': None, 'details': None}
Traceback (most recent call last):
  File "/Users/housinsectsoffperu/Neotropical Specimens Native/scripts/ingest_csv.py", line 814, in process_row
    specimen_id = resolve_specimen(sb, r, taxonomy_id, region_id)
  File "/Users/housinsectsoffperu/Neotropical Specimens Native/scripts/ingest_csv.py", line 743, in resolve_specimen
    .execute()
     ~~~~~~~^^
  File "/Users/housinsectsoffperu/Neotropical Specimens Native/.venv-ingest/lib/python3.14/site-packages/postgrest/_sync/request_builder.py", line 96, in execute
    raise APIError(dict(json_obj))
postgrest.exceptions.APIError: {'message': 'column specimens.metadata does not exist', 'code': '42703', 'hint': None, 'details': None}
2026-08-01 11:09:44  ERROR     Línea 28 [BR-027] (Opsiphanes cassina barkeri) — APIError: {'message': 'column specimens.metadata does not exist', 'code': '42703', 'hint': None, 'details': None}
Traceback (most recent call last):
  File "/Users/housinsectsoffperu/Neotropical Specimens Native/scripts/ingest_csv.py", line 814, in process_row
    specimen_id = resolve_specimen(sb, r, taxonomy_id, region_id)
  File "/Users/housinsectsoffperu/Neotropical Specimens Native/scripts/ingest_csv.py", line 743, in resolve_specimen
    .execute()
     ~~~~~~~^^
  File "/Users/housinsectsoffperu/Neotropical Specimens Native/.venv-ingest/lib/python3.14/site-packages/postgrest/_sync/request_builder.py", line 96, in execute
    raise APIError(dict(json_obj))
postgrest.exceptions.APIError: {'message': 'column specimens.metadata does not exist', 'code': '42703', 'hint': None, 'details': None}
2026-08-01 11:09:45  ERROR     Línea 29 [BR-028] (Opsiphanes invirae aequatorialis) — APIError: {'message': 'column specimens.metadata does not exist', 'code': '42703', 'hint': None, 'details': None}
Traceback (most recent call last):
  File "/Users/housinsectsoffperu/Neotropical Specimens Native/scripts/ingest_csv.py", line 814, in process_row
    specimen_id = resolve_specimen(sb, r, taxonomy_id, region_id)
  File "/Users/housinsectsoffperu/Neotropical Specimens Native/scripts/ingest_csv.py", line 743, in resolve_specimen
    .execute()
     ~~~~~~~^^
  File "/Users/housinsectsoffperu/Neotropical Specimens Native/.venv-ingest/lib/python3.14/site-packages/postgrest/_sync/request_builder.py", line 96, in execute
    raise APIError(dict(json_obj))
postgrest.exceptions.APIError: {'message': 'column specimens.metadata does not exist', 'code': '42703', 'hint': None, 'details': None}
2026-08-01 11:09:46  ERROR     Línea 30 [BR-029] (Opsiphanes invirae aequatorialis) — APIError: {'message': 'column specimens.metadata does not exist', 'code': '42703', 'hint': None, 'details': None}
Traceback (most recent call last):
  File "/Users/housinsectsoffperu/Neotropical Specimens Native/scripts/ingest_csv.py", line 814, in process_row
    specimen_id = resolve_specimen(sb, r, taxonomy_id, region_id)
  File "/Users/housinsectsoffperu/Neotropical Specimens Native/scripts/ingest_csv.py", line 743, in resolve_specimen
    .execute()
     ~~~~~~~^^
  File "/Users/housinsectsoffperu/Neotropical Specimens Native/.venv-ingest/lib/python3.14/site-packages/postgrest/_sync/request_builder.py", line 96, in execute
    raise APIError(dict(json_obj))
postgrest.exceptions.APIError: {'message': 'column specimens.metadata does not exist', 'code': '42703', 'hint': None, 'details': None}
2026-08-01 11:09:47  ERROR     Línea 31 [BR-030] (Opsiphanes tamarindi incolumis) — APIError: {'message': 'column specimens.metadata does not exist', 'code': '42703', 'hint': None, 'details': None}
Traceback (most recent call last):
  File "/Users/housinsectsoffperu/Neotropical Specimens Native/scripts/ingest_csv.py", line 814, in process_row
    specimen_id = resolve_specimen(sb, r, taxonomy_id, region_id)
  File "/Users/housinsectsoffperu/Neotropical Specimens Native/scripts/ingest_csv.py", line 743, in resolve_specimen
    .execute()
     ~~~~~~~^^
  File "/Users/housinsectsoffperu/Neotropical Specimens Native/.venv-ingest/lib/python3.14/site-packages/postgrest/_sync/request_builder.py", line 96, in execute
    raise APIError(dict(json_obj))
postgrest.exceptions.APIError: {'message': 'column specimens.metadata does not exist', 'code': '42703', 'hint': None, 'details': None}
2026-08-01 11:10:29  WARNING   Insert con extras falló ({'message': "Could not find the 'attributes' column of 'specimens' in the schema cache", 'code': 'PGRST204', 'hint': Non). Reintento solo columnas planas. code=BR-001
2026-08-01 11:10:31  WARNING   Insert con extras falló ({'message': "Could not find the 'attributes' column of 'specimens' in the schema cache", 'code': 'PGRST204', 'hint': Non). Reintento solo columnas planas. code=BR-002
2026-08-01 11:10:33  WARNING   Insert con extras falló ({'message': "Could not find the 'attributes' column of 'specimens' in the schema cache", 'code': 'PGRST204', 'hint': Non). Reintento solo columnas planas. code=BR-003
2026-08-01 11:22:19  WARNING   Insert full falló ({'message': "Could not find the 'specimen_code' column of 'specimens' in the schema cache", 'code': 'PGRST204', 'hint': ). Reintento slim. code=BR-001
2026-08-01 11:22:21  WARNING   Insert full falló ({'message': "Could not find the 'specimen_code' column of 'specimens' in the schema cache", 'code': 'PGRST204', 'hint': ). Reintento slim. code=BR-002
2026-08-01 11:22:23  WARNING   Insert full falló ({'message': "Could not find the 'specimen_code' column of 'specimens' in the schema cache", 'code': 'PGRST204', 'hint': ). Reintento slim. code=BR-003
2026-08-01 11:22:25  WARNING   Insert full falló ({'message': "Could not find the 'specimen_code' column of 'specimens' in the schema cache", 'code': 'PGRST204', 'hint': ). Reintento slim. code=BR-004
2026-08-01 11:22:27  WARNING   Insert full falló ({'message': "Could not find the 'specimen_code' column of 'specimens' in the schema cache", 'code': 'PGRST204', 'hint': ). Reintento slim. code=BR-005
2026-08-01 11:22:29  WARNING   Insert full falló ({'message': "Could not find the 'specimen_code' column of 'specimens' in the schema cache", 'code': 'PGRST204', 'hint': ). Reintento slim. code=BR-006
2026-08-01 11:22:30  WARNING   Insert full falló ({'message': "Could not find the 'specimen_code' column of 'specimens' in the schema cache", 'code': 'PGRST204', 'hint': ). Reintento slim. code=BR-007
2026-08-01 11:22:33  WARNING   Insert full falló ({'message': "Could not find the 'specimen_code' column of 'specimens' in the schema cache", 'code': 'PGRST204', 'hint': ). Reintento slim. code=BR-008
2026-08-01 11:22:35  WARNING   Insert full falló ({'message': "Could not find the 'specimen_code' column of 'specimens' in the schema cache", 'code': 'PGRST204', 'hint': ). Reintento slim. code=BR-009
2026-08-01 11:22:36  WARNING   Insert full falló ({'message': "Could not find the 'specimen_code' column of 'specimens' in the schema cache", 'code': 'PGRST204', 'hint': ). Reintento slim. code=BR-010
2026-08-01 11:22:38  WARNING   Insert full falló ({'message': "Could not find the 'specimen_code' column of 'specimens' in the schema cache", 'code': 'PGRST204', 'hint': ). Reintento slim. code=BR-011
2026-08-01 11:22:40  WARNING   Insert full falló ({'message': "Could not find the 'specimen_code' column of 'specimens' in the schema cache", 'code': 'PGRST204', 'hint': ). Reintento slim. code=BR-012
2026-08-01 11:22:42  WARNING   Insert full falló ({'message': "Could not find the 'specimen_code' column of 'specimens' in the schema cache", 'code': 'PGRST204', 'hint': ). Reintento slim. code=BR-013
2026-08-01 11:22:43  WARNING   Insert full falló ({'message': "Could not find the 'specimen_code' column of 'specimens' in the schema cache", 'code': 'PGRST204', 'hint': ). Reintento slim. code=BR-014
2026-08-01 11:22:45  WARNING   Insert full falló ({'message': "Could not find the 'specimen_code' column of 'specimens' in the schema cache", 'code': 'PGRST204', 'hint': ). Reintento slim. code=BR-015
2026-08-01 11:22:46  WARNING   Insert full falló ({'message': "Could not find the 'specimen_code' column of 'specimens' in the schema cache", 'code': 'PGRST204', 'hint': ). Reintento slim. code=BR-016
2026-08-01 11:22:47  WARNING   Insert full falló ({'message': "Could not find the 'specimen_code' column of 'specimens' in the schema cache", 'code': 'PGRST204', 'hint': ). Reintento slim. code=BR-017
2026-08-01 11:22:49  WARNING   Insert full falló ({'message': "Could not find the 'specimen_code' column of 'specimens' in the schema cache", 'code': 'PGRST204', 'hint': ). Reintento slim. code=BR-018
2026-08-01 11:22:51  WARNING   Insert full falló ({'message': "Could not find the 'specimen_code' column of 'specimens' in the schema cache", 'code': 'PGRST204', 'hint': ). Reintento slim. code=BR-019
2026-08-01 11:22:52  WARNING   Insert full falló ({'message': "Could not find the 'specimen_code' column of 'specimens' in the schema cache", 'code': 'PGRST204', 'hint': ). Reintento slim. code=BR-020
2026-08-01 11:22:54  WARNING   Insert full falló ({'message': "Could not find the 'specimen_code' column of 'specimens' in the schema cache", 'code': 'PGRST204', 'hint': ). Reintento slim. code=BR-021
2026-08-01 11:22:56  WARNING   Insert full falló ({'message': "Could not find the 'specimen_code' column of 'specimens' in the schema cache", 'code': 'PGRST204', 'hint': ). Reintento slim. code=BR-022
2026-08-01 11:22:58  WARNING   Insert full falló ({'message': "Could not find the 'specimen_code' column of 'specimens' in the schema cache", 'code': 'PGRST204', 'hint': ). Reintento slim. code=BR-023
2026-08-01 11:23:00  WARNING   Insert full falló ({'message': "Could not find the 'specimen_code' column of 'specimens' in the schema cache", 'code': 'PGRST204', 'hint': ). Reintento slim. code=BR-024
2026-08-01 11:23:02  WARNING   Insert full falló ({'message': "Could not find the 'specimen_code' column of 'specimens' in the schema cache", 'code': 'PGRST204', 'hint': ). Reintento slim. code=BR-025
2026-08-01 11:23:04  WARNING   Insert full falló ({'message': "Could not find the 'specimen_code' column of 'specimens' in the schema cache", 'code': 'PGRST204', 'hint': ). Reintento slim. code=BR-026
2026-08-01 11:23:05  WARNING   Insert full falló ({'message': "Could not find the 'specimen_code' column of 'specimens' in the schema cache", 'code': 'PGRST204', 'hint': ). Reintento slim. code=BR-027
2026-08-01 11:23:07  WARNING   Insert full falló ({'message': "Could not find the 'specimen_code' column of 'specimens' in the schema cache", 'code': 'PGRST204', 'hint': ). Reintento slim. code=BR-028
2026-08-01 11:23:09  WARNING   Insert full falló ({'message': "Could not find the 'specimen_code' column of 'specimens' in the schema cache", 'code': 'PGRST204', 'hint': ). Reintento slim. code=BR-029
2026-08-01 11:23:11  WARNING   Insert full falló ({'message': "Could not find the 'specimen_code' column of 'specimens' in the schema cache", 'code': 'PGRST204', 'hint': ). Reintento slim. code=BR-030
2026-08-01 12:06:27  WARNING   Insert full falló ({'message': "Could not find the 'specimen_code' column of 'specimens' in the schema cache", 'code': 'PGRST204', 'hint': ). Reintento slim. code=DA-001
2026-08-01 12:06:28  WARNING   Insert full falló ({'message': "Could not find the 'specimen_code' column of 'specimens' in the schema cache", 'code': 'PGRST204', 'hint': ). Reintento slim. code=DA-002
2026-08-01 12:06:30  WARNING   Insert full falló ({'message': "Could not find the 'specimen_code' column of 'specimens' in the schema cache", 'code': 'PGRST204', 'hint': ). Reintento slim. code=DA-003
2026-08-01 12:06:32  WARNING   Insert full falló ({'message': "Could not find the 'specimen_code' column of 'specimens' in the schema cache", 'code': 'PGRST204', 'hint': ). Reintento slim. code=DA-004
2026-08-01 12:06:34  WARNING   Insert full falló ({'message': "Could not find the 'specimen_code' column of 'specimens' in the schema cache", 'code': 'PGRST204', 'hint': ). Reintento slim. code=DA-005
2026-08-01 12:06:36  WARNING   Insert full falló ({'message': "Could not find the 'specimen_code' column of 'specimens' in the schema cache", 'code': 'PGRST204', 'hint': ). Reintento slim. code=DA-006
2026-08-01 12:06:37  WARNING   Insert full falló ({'message': "Could not find the 'specimen_code' column of 'specimens' in the schema cache", 'code': 'PGRST204', 'hint': ). Reintento slim. code=DA-007
2026-08-01 12:06:39  WARNING   Insert full falló ({'message': "Could not find the 'specimen_code' column of 'specimens' in the schema cache", 'code': 'PGRST204', 'hint': ). Reintento slim. code=DA-008
2026-08-01 12:06:41  WARNING   Insert full falló ({'message': "Could not find the 'specimen_code' column of 'specimens' in the schema cache", 'code': 'PGRST204', 'hint': ). Reintento slim. code=DA-009
2026-08-01 12:06:42  WARNING   Insert full falló ({'message': "Could not find the 'specimen_code' column of 'specimens' in the schema cache", 'code': 'PGRST204', 'hint': ). Reintento slim. code=DA-010
2026-08-01 12:26:41  WARNING   Insert full falló ({'message': "Could not find the 'specimen_code' column of 'specimens' in the schema cache", 'code': 'PGRST204', 'hint': ). Reintento slim. code=HE-001
2026-08-01 12:26:42  WARNING   Insert full falló ({'message': "Could not find the 'specimen_code' column of 'specimens' in the schema cache", 'code': 'PGRST204', 'hint': ). Reintento slim. code=HE-002
2026-08-01 12:26:44  WARNING   Insert full falló ({'message': "Could not find the 'specimen_code' column of 'specimens' in the schema cache", 'code': 'PGRST204', 'hint': ). Reintento slim. code=HE-003
2026-08-01 12:26:46  WARNING   Insert full falló ({'message': "Could not find the 'specimen_code' column of 'specimens' in the schema cache", 'code': 'PGRST204', 'hint': ). Reintento slim. code=HE-004
2026-08-01 12:26:48  WARNING   Insert full falló ({'message': "Could not find the 'specimen_code' column of 'specimens' in the schema cache", 'code': 'PGRST204', 'hint': ). Reintento slim. code=HE-005
2026-08-01 12:26:50  WARNING   Insert full falló ({'message': "Could not find the 'specimen_code' column of 'specimens' in the schema cache", 'code': 'PGRST204', 'hint': ). Reintento slim. code=HE-006
2026-08-01 12:26:52  WARNING   Insert full falló ({'message': "Could not find the 'specimen_code' column of 'specimens' in the schema cache", 'code': 'PGRST204', 'hint': ). Reintento slim. code=HE-007
2026-08-01 12:26:55  WARNING   Insert full falló ({'message': "Could not find the 'specimen_code' column of 'specimens' in the schema cache", 'code': 'PGRST204', 'hint': ). Reintento slim. code=HE-008
2026-08-01 12:26:56  WARNING   Insert full falló ({'message': "Could not find the 'specimen_code' column of 'specimens' in the schema cache", 'code': 'PGRST204', 'hint': ). Reintento slim. code=HE-009
2026-08-01 12:26:59  WARNING   Insert full falló ({'message': "Could not find the 'specimen_code' column of 'specimens' in the schema cache", 'code': 'PGRST204', 'hint': ). Reintento slim. code=IT-001
2026-08-01 12:27:01  WARNING   Insert full falló ({'message': "Could not find the 'specimen_code' column of 'specimens' in the schema cache", 'code': 'PGRST204', 'hint': ). Reintento slim. code=IT-002
2026-08-01 12:27:03  WARNING   Insert full falló ({'message': "Could not find the 'specimen_code' column of 'specimens' in the schema cache", 'code': 'PGRST204', 'hint': ). Reintento slim. code=IT-003
2026-08-01 12:33:48  WARNING   Insert full falló ({'message': "Could not find the 'specimen_code' column of 'specimens' in the schema cache", 'code': 'PGRST204', 'hint': ). Reintento slim. code=HE-010
2026-08-01 12:33:49  WARNING   Insert full falló ({'message': "Could not find the 'specimen_code' column of 'specimens' in the schema cache", 'code': 'PGRST204', 'hint': ). Reintento slim. code=HE-011
2026-08-01 12:34:20  WARNING   Insert full falló ({'message': "Could not find the 'specimen_code' column of 'specimens' in the schema cache", 'code': 'PGRST204', 'hint': ). Reintento slim. code=HE-010
2026-08-01 12:34:22  WARNING   Insert full falló ({'message': "Could not find the 'specimen_code' column of 'specimens' in the schema cache", 'code': 'PGRST204', 'hint': ). Reintento slim. code=HE-011
2026-08-01 12:34:24  WARNING   Insert full falló ({'message': "Could not find the 'specimen_code' column of 'specimens' in the schema cache", 'code': 'PGRST204', 'hint': ). Reintento slim. code=HE-012
2026-08-01 12:34:26  WARNING   Insert full falló ({'message': "Could not find the 'specimen_code' column of 'specimens' in the schema cache", 'code': 'PGRST204', 'hint': ). Reintento slim. code=HE-013
2026-08-01 12:34:28  WARNING   Insert full falló ({'message': "Could not find the 'specimen_code' column of 'specimens' in the schema cache", 'code': 'PGRST204', 'hint': ). Reintento slim. code=HE-014
2026-08-01 12:34:30  WARNING   Insert full falló ({'message': "Could not find the 'specimen_code' column of 'specimens' in the schema cache", 'code': 'PGRST204', 'hint': ). Reintento slim. code=HE-015
2026-08-01 12:34:32  WARNING   Insert full falló ({'message': "Could not find the 'specimen_code' column of 'specimens' in the schema cache", 'code': 'PGRST204', 'hint': ). Reintento slim. code=HE-016
2026-08-01 12:34:34  WARNING   Insert full falló ({'message': "Could not find the 'specimen_code' column of 'specimens' in the schema cache", 'code': 'PGRST204', 'hint': ). Reintento slim. code=HE-017
2026-08-01 12:34:36  WARNING   Insert full falló ({'message': "Could not find the 'specimen_code' column of 'specimens' in the schema cache", 'code': 'PGRST204', 'hint': ). Reintento slim. code=IT-004
2026-08-01 12:34:37  WARNING   Insert full falló ({'message': "Could not find the 'specimen_code' column of 'specimens' in the schema cache", 'code': 'PGRST204', 'hint': ). Reintento slim. code=IT-005
2026-08-01 12:34:39  WARNING   Insert full falló ({'message': "Could not find the 'specimen_code' column of 'specimens' in the schema cache", 'code': 'PGRST204', 'hint': ). Reintento slim. code=IT-006
2026-08-01 12:34:41  WARNING   Insert full falló ({'message': "Could not find the 'specimen_code' column of 'specimens' in the schema cache", 'code': 'PGRST204', 'hint': ). Reintento slim. code=HE-018
2026-08-01 12:34:43  WARNING   Insert full falló ({'message': "Could not find the 'specimen_code' column of 'specimens' in the schema cache", 'code': 'PGRST204', 'hint': ). Reintento slim. code=HE-019
2026-08-01 12:34:45  WARNING   Insert full falló ({'message': "Could not find the 'specimen_code' column of 'specimens' in the schema cache", 'code': 'PGRST204', 'hint': ). Reintento slim. code=HE-020
2026-08-01 12:34:47  WARNING   Insert full falló ({'message': "Could not find the 'specimen_code' column of 'specimens' in the schema cache", 'code': 'PGRST204', 'hint': ). Reintento slim. code=HE-021
2026-08-01 12:34:48  WARNING   Insert full falló ({'message': "Could not find the 'specimen_code' column of 'specimens' in the schema cache", 'code': 'PGRST204', 'hint': ). Reintento slim. code=HE-022
2026-08-01 12:34:50  WARNING   Insert full falló ({'message': "Could not find the 'specimen_code' column of 'specimens' in the schema cache", 'code': 'PGRST204', 'hint': ). Reintento slim. code=HE-023
2026-08-01 12:34:52  WARNING   Insert full falló ({'message': "Could not find the 'specimen_code' column of 'specimens' in the schema cache", 'code': 'PGRST204', 'hint': ). Reintento slim. code=HE-024
2026-08-01 12:34:54  WARNING   Insert full falló ({'message': "Could not find the 'specimen_code' column of 'specimens' in the schema cache", 'code': 'PGRST204', 'hint': ). Reintento slim. code=HE-025
2026-08-01 12:34:55  WARNING   Insert full falló ({'message': "Could not find the 'specimen_code' column of 'specimens' in the schema cache", 'code': 'PGRST204', 'hint': ). Reintento slim. code=HE-026
2026-08-01 12:34:57  WARNING   Insert full falló ({'message': "Could not find the 'specimen_code' column of 'specimens' in the schema cache", 'code': 'PGRST204', 'hint': ). Reintento slim. code=HE-027
2026-08-01 12:34:59  WARNING   Insert full falló ({'message': "Could not find the 'specimen_code' column of 'specimens' in the schema cache", 'code': 'PGRST204', 'hint': ). Reintento slim. code=HE-028
2026-08-01 12:35:01  WARNING   Insert full falló ({'message': "Could not find the 'specimen_code' column of 'specimens' in the schema cache", 'code': 'PGRST204', 'hint': ). Reintento slim. code=HE-029
2026-08-01 12:35:03  WARNING   Insert full falló ({'message': "Could not find the 'specimen_code' column of 'specimens' in the schema cache", 'code': 'PGRST204', 'hint': ). Reintento slim. code=HE-030
2026-08-01 12:35:04  WARNING   Insert full falló ({'message': "Could not find the 'specimen_code' column of 'specimens' in the schema cache", 'code': 'PGRST204', 'hint': ). Reintento slim. code=HE-031
2026-08-01 12:35:06  WARNING   Insert full falló ({'message': "Could not find the 'specimen_code' column of 'specimens' in the schema cache", 'code': 'PGRST204', 'hint': ). Reintento slim. code=HE-032
2026-08-01 12:35:08  WARNING   Insert full falló ({'message': "Could not find the 'specimen_code' column of 'specimens' in the schema cache", 'code': 'PGRST204', 'hint': ). Reintento slim. code=HE-033
2026-08-01 12:35:09  WARNING   Insert full falló ({'message': "Could not find the 'specimen_code' column of 'specimens' in the schema cache", 'code': 'PGRST204', 'hint': ). Reintento slim. code=HE-034
2026-08-01 12:35:11  WARNING   Insert full falló ({'message': "Could not find the 'specimen_code' column of 'specimens' in the schema cache", 'code': 'PGRST204', 'hint': ). Reintento slim. code=HE-035
2026-08-01 12:35:13  WARNING   Insert full falló ({'message': "Could not find the 'specimen_code' column of 'specimens' in the schema cache", 'code': 'PGRST204', 'hint': ). Reintento slim. code=HE-036
2026-08-01 12:35:15  WARNING   Insert full falló ({'message': "Could not find the 'specimen_code' column of 'specimens' in the schema cache", 'code': 'PGRST204', 'hint': ). Reintento slim. code=HE-037
2026-08-01 12:35:16  WARNING   Insert full falló ({'message': "Could not find the 'specimen_code' column of 'specimens' in the schema cache", 'code': 'PGRST204', 'hint': ). Reintento slim. code=HE-038
2026-08-01 12:35:18  WARNING   Insert full falló ({'message': "Could not find the 'specimen_code' column of 'specimens' in the schema cache", 'code': 'PGRST204', 'hint': ). Reintento slim. code=HE-039
2026-08-01 12:35:20  WARNING   Insert full falló ({'message': "Could not find the 'specimen_code' column of 'specimens' in the schema cache", 'code': 'PGRST204', 'hint': ). Reintento slim. code=HE-040
2026-08-01 12:35:22  WARNING   Insert full falló ({'message': "Could not find the 'specimen_code' column of 'specimens' in the schema cache", 'code': 'PGRST204', 'hint': ). Reintento slim. code=HE-041
2026-08-01 12:35:24  WARNING   Insert full falló ({'message': "Could not find the 'specimen_code' column of 'specimens' in the schema cache", 'code': 'PGRST204', 'hint': ). Reintento slim. code=IT-007
2026-08-01 12:35:26  WARNING   Insert full falló ({'message': "Could not find the 'specimen_code' column of 'specimens' in the schema cache", 'code': 'PGRST204', 'hint': ). Reintento slim. code=IT-008
2026-08-01 12:35:28  WARNING   Insert full falló ({'message': "Could not find the 'specimen_code' column of 'specimens' in the schema cache", 'code': 'PGRST204', 'hint': ). Reintento slim. code=IT-009
2026-08-01 12:35:30  WARNING   Insert full falló ({'message': "Could not find the 'specimen_code' column of 'specimens' in the schema cache", 'code': 'PGRST204', 'hint': ). Reintento slim. code=HE-042
2026-08-01 12:35:32  WARNING   Insert full falló ({'message': "Could not find the 'specimen_code' column of 'specimens' in the schema cache", 'code': 'PGRST204', 'hint': ). Reintento slim. code=IT-010
2026-08-01 12:49:19  WARNING   Insert full falló ({'message': "Could not find the 'specimen_code' column of 'specimens' in the schema cache", 'code': 'PGRST204', 'hint': ). Reintento slim. code=LY-001
2026-08-01 12:49:20  WARNING   Insert full falló ({'message': "Could not find the 'specimen_code' column of 'specimens' in the schema cache", 'code': 'PGRST204', 'hint': ). Reintento slim. code=LY-002
2026-08-01 12:49:22  WARNING   Insert full falló ({'message': "Could not find the 'specimen_code' column of 'specimens' in the schema cache", 'code': 'PGRST204', 'hint': ). Reintento slim. code=LY-003
2026-08-01 12:49:24  WARNING   Insert full falló ({'message': "Could not find the 'specimen_code' column of 'specimens' in the schema cache", 'code': 'PGRST204', 'hint': ). Reintento slim. code=LY-004
2026-08-01 12:49:25  WARNING   Insert full falló ({'message': "Could not find the 'specimen_code' column of 'specimens' in the schema cache", 'code': 'PGRST204', 'hint': ). Reintento slim. code=LY-005
2026-08-01 12:49:27  WARNING   Insert full falló ({'message': "Could not find the 'specimen_code' column of 'specimens' in the schema cache", 'code': 'PGRST204', 'hint': ). Reintento slim. code=LY-006
2026-08-01 12:49:29  WARNING   Insert full falló ({'message': "Could not find the 'specimen_code' column of 'specimens' in the schema cache", 'code': 'PGRST204', 'hint': ). Reintento slim. code=LY-007
2026-08-01 12:49:30  WARNING   Insert full falló ({'message': "Could not find the 'specimen_code' column of 'specimens' in the schema cache", 'code': 'PGRST204', 'hint': ). Reintento slim. code=LY-008
2026-08-01 12:49:32  WARNING   Insert full falló ({'message': "Could not find the 'specimen_code' column of 'specimens' in the schema cache", 'code': 'PGRST204', 'hint': ). Reintento slim. code=LY-009
2026-08-01 12:49:34  WARNING   Insert full falló ({'message': "Could not find the 'specimen_code' column of 'specimens' in the schema cache", 'code': 'PGRST204', 'hint': ). Reintento slim. code=LY-010
2026-08-01 12:53:18  WARNING   Insert full falló ({'message': "Could not find the 'specimen_code' column of 'specimens' in the schema cache", 'code': 'PGRST204', 'hint': ). Reintento slim. code=MO-001
2026-08-01 12:58:10  WARNING   Insert full falló ({'message': "Could not find the 'specimen_code' column of 'specimens' in the schema cache", 'code': 'PGRST204', 'hint': ). Reintento slim. code=MO-001
2026-08-01 12:58:11  WARNING   Insert full falló ({'message': "Could not find the 'specimen_code' column of 'specimens' in the schema cache", 'code': 'PGRST204', 'hint': ). Reintento slim. code=MO-002
2026-08-01 12:58:13  WARNING   Insert full falló ({'message': "Could not find the 'specimen_code' column of 'specimens' in the schema cache", 'code': 'PGRST204', 'hint': ). Reintento slim. code=MO-003
2026-08-01 12:58:15  WARNING   Insert full falló ({'message': "Could not find the 'specimen_code' column of 'specimens' in the schema cache", 'code': 'PGRST204', 'hint': ). Reintento slim. code=MO-004
2026-08-01 12:58:17  WARNING   Insert full falló ({'message': "Could not find the 'specimen_code' column of 'specimens' in the schema cache", 'code': 'PGRST204', 'hint': ). Reintento slim. code=MO-005
2026-08-01 12:58:19  WARNING   Insert full falló ({'message': "Could not find the 'specimen_code' column of 'specimens' in the schema cache", 'code': 'PGRST204', 'hint': ). Reintento slim. code=MO-006
2026-08-01 12:58:20  WARNING   Insert full falló ({'message': "Could not find the 'specimen_code' column of 'specimens' in the schema cache", 'code': 'PGRST204', 'hint': ). Reintento slim. code=MO-007
2026-08-01 12:58:22  WARNING   Insert full falló ({'message': "Could not find the 'specimen_code' column of 'specimens' in the schema cache", 'code': 'PGRST204', 'hint': ). Reintento slim. code=MO-008
2026-08-01 12:58:24  WARNING   Insert full falló ({'message': "Could not find the 'specimen_code' column of 'specimens' in the schema cache", 'code': 'PGRST204', 'hint': ). Reintento slim. code=MO-009
2026-08-01 12:58:25  WARNING   Insert full falló ({'message': "Could not find the 'specimen_code' column of 'specimens' in the schema cache", 'code': 'PGRST204', 'hint': ). Reintento slim. code=MO-010
2026-08-01 12:58:27  WARNING   Insert full falló ({'message': "Could not find the 'specimen_code' column of 'specimens' in the schema cache", 'code': 'PGRST204', 'hint': ). Reintento slim. code=MO-011
2026-08-01 12:58:29  WARNING   Insert full falló ({'message': "Could not find the 'specimen_code' column of 'specimens' in the schema cache", 'code': 'PGRST204', 'hint': ). Reintento slim. code=MO-012
2026-08-01 12:58:31  WARNING   Insert full falló ({'message': "Could not find the 'specimen_code' column of 'specimens' in the schema cache", 'code': 'PGRST204', 'hint': ). Reintento slim. code=MO-013
2026-08-01 12:58:33  WARNING   Insert full falló ({'message': "Could not find the 'specimen_code' column of 'specimens' in the schema cache", 'code': 'PGRST204', 'hint': ). Reintento slim. code=MO-014
2026-08-01 12:58:35  WARNING   Insert full falló ({'message': "Could not find the 'specimen_code' column of 'specimens' in the schema cache", 'code': 'PGRST204', 'hint': ). Reintento slim. code=MO-015
2026-08-01 12:58:36  WARNING   Insert full falló ({'message': "Could not find the 'specimen_code' column of 'specimens' in the schema cache", 'code': 'PGRST204', 'hint': ). Reintento slim. code=MO-016
2026-08-01 12:58:38  WARNING   Insert full falló ({'message': "Could not find the 'specimen_code' column of 'specimens' in the schema cache", 'code': 'PGRST204', 'hint': ). Reintento slim. code=MO-017
2026-08-01 12:58:40  WARNING   Insert full falló ({'message': "Could not find the 'specimen_code' column of 'specimens' in the schema cache", 'code': 'PGRST204', 'hint': ). Reintento slim. code=MO-018
2026-08-01 12:58:41  WARNING   Insert full falló ({'message': "Could not find the 'specimen_code' column of 'specimens' in the schema cache", 'code': 'PGRST204', 'hint': ). Reintento slim. code=MO-019
2026-08-01 12:58:43  WARNING   Insert full falló ({'message': "Could not find the 'specimen_code' column of 'specimens' in the schema cache", 'code': 'PGRST204', 'hint': ). Reintento slim. code=MO-020
2026-08-01 12:58:45  WARNING   Insert full falló ({'message': "Could not find the 'specimen_code' column of 'specimens' in the schema cache", 'code': 'PGRST204', 'hint': ). Reintento slim. code=MO-021
2026-08-01 12:58:47  WARNING   Insert full falló ({'message': "Could not find the 'specimen_code' column of 'specimens' in the schema cache", 'code': 'PGRST204', 'hint': ). Reintento slim. code=MO-022
2026-08-01 12:58:48  WARNING   Insert full falló ({'message': "Could not find the 'specimen_code' column of 'specimens' in the schema cache", 'code': 'PGRST204', 'hint': ). Reintento slim. code=MO-023
2026-08-01 12:58:50  WARNING   Insert full falló ({'message': "Could not find the 'specimen_code' column of 'specimens' in the schema cache", 'code': 'PGRST204', 'hint': ). Reintento slim. code=MO-024
2026-08-01 12:58:52  WARNING   Insert full falló ({'message': "Could not find the 'specimen_code' column of 'specimens' in the schema cache", 'code': 'PGRST204', 'hint': ). Reintento slim. code=MO-025
2026-08-01 12:58:53  WARNING   Insert full falló ({'message': "Could not find the 'specimen_code' column of 'specimens' in the schema cache", 'code': 'PGRST204', 'hint': ). Reintento slim. code=MO-026
2026-08-01 12:58:55  WARNING   Insert full falló ({'message': "Could not find the 'specimen_code' column of 'specimens' in the schema cache", 'code': 'PGRST204', 'hint': ). Reintento slim. code=MO-027
2026-08-01 12:58:56  WARNING   Insert full falló ({'message': "Could not find the 'specimen_code' column of 'specimens' in the schema cache", 'code': 'PGRST204', 'hint': ). Reintento slim. code=MO-028
2026-08-01 12:58:58  WARNING   Insert full falló ({'message': "Could not find the 'specimen_code' column of 'specimens' in the schema cache", 'code': 'PGRST204', 'hint': ). Reintento slim. code=MO-029
2026-08-01 12:59:00  WARNING   Insert full falló ({'message': "Could not find the 'specimen_code' column of 'specimens' in the schema cache", 'code': 'PGRST204', 'hint': ). Reintento slim. code=MO-030
2026-08-01 12:59:02  WARNING   Insert full falló ({'message': "Could not find the 'specimen_code' column of 'specimens' in the schema cache", 'code': 'PGRST204', 'hint': ). Reintento slim. code=MO-031
2026-08-01 12:59:03  WARNING   Insert full falló ({'message': "Could not find the 'specimen_code' column of 'specimens' in the schema cache", 'code': 'PGRST204', 'hint': ). Reintento slim. code=MO-032
2026-08-01 12:59:05  WARNING   Insert full falló ({'message': "Could not find the 'specimen_code' column of 'specimens' in the schema cache", 'code': 'PGRST204', 'hint': ). Reintento slim. code=MO-033
2026-08-01 12:59:07  WARNING   Insert full falló ({'message': "Could not find the 'specimen_code' column of 'specimens' in the schema cache", 'code': 'PGRST204', 'hint': ). Reintento slim. code=MO-034
2026-08-01 12:59:08  WARNING   Insert full falló ({'message': "Could not find the 'specimen_code' column of 'specimens' in the schema cache", 'code': 'PGRST204', 'hint': ). Reintento slim. code=MO-035
2026-08-01 12:59:10  WARNING   Insert full falló ({'message': "Could not find the 'specimen_code' column of 'specimens' in the schema cache", 'code': 'PGRST204', 'hint': ). Reintento slim. code=MO-036
2026-08-01 12:59:12  WARNING   Insert full falló ({'message': "Could not find the 'specimen_code' column of 'specimens' in the schema cache", 'code': 'PGRST204', 'hint': ). Reintento slim. code=MO-037
2026-08-01 12:59:13  WARNING   Insert full falló ({'message': "Could not find the 'specimen_code' column of 'specimens' in the schema cache", 'code': 'PGRST204', 'hint': ). Reintento slim. code=MO-038
2026-08-01 12:59:15  WARNING   Insert full falló ({'message': "Could not find the 'specimen_code' column of 'specimens' in the schema cache", 'code': 'PGRST204', 'hint': ). Reintento slim. code=MO-039
2026-08-01 12:59:17  WARNING   Insert full falló ({'message': "Could not find the 'specimen_code' column of 'specimens' in the schema cache", 'code': 'PGRST204', 'hint': ). Reintento slim. code=MO-040
2026-08-01 12:59:18  WARNING   Insert full falló ({'message': "Could not find the 'specimen_code' column of 'specimens' in the schema cache", 'code': 'PGRST204', 'hint': ). Reintento slim. code=MO-041
2026-08-01 12:59:20  WARNING   Insert full falló ({'message': "Could not find the 'specimen_code' column of 'specimens' in the schema cache", 'code': 'PGRST204', 'hint': ). Reintento slim. code=MO-042
2026-08-01 12:59:22  WARNING   Insert full falló ({'message': "Could not find the 'specimen_code' column of 'specimens' in the schema cache", 'code': 'PGRST204', 'hint': ). Reintento slim. code=MO-043
2026-08-01 12:59:24  WARNING   Insert full falló ({'message': "Could not find the 'specimen_code' column of 'specimens' in the schema cache", 'code': 'PGRST204', 'hint': ). Reintento slim. code=MO-044
2026-08-01 12:59:25  WARNING   Insert full falló ({'message': "Could not find the 'specimen_code' column of 'specimens' in the schema cache", 'code': 'PGRST204', 'hint': ). Reintento slim. code=MO-045
2026-08-01 12:59:27  WARNING   Insert full falló ({'message': "Could not find the 'specimen_code' column of 'specimens' in the schema cache", 'code': 'PGRST204', 'hint': ). Reintento slim. code=MO-046
2026-08-01 12:59:28  WARNING   Insert full falló ({'message': "Could not find the 'specimen_code' column of 'specimens' in the schema cache", 'code': 'PGRST204', 'hint': ). Reintento slim. code=MO-047
2026-08-01 12:59:30  WARNING   Insert full falló ({'message': "Could not find the 'specimen_code' column of 'specimens' in the schema cache", 'code': 'PGRST204', 'hint': ). Reintento slim. code=MO-048
2026-08-01 12:59:32  WARNING   Insert full falló ({'message': "Could not find the 'specimen_code' column of 'specimens' in the schema cache", 'code': 'PGRST204', 'hint': ). Reintento slim. code=MO-049
2026-08-01 12:59:33  WARNING   Insert full falló ({'message': "Could not find the 'specimen_code' column of 'specimens' in the schema cache", 'code': 'PGRST204', 'hint': ). Reintento slim. code=MO-050
2026-08-01 12:59:35  WARNING   Insert full falló ({'message': "Could not find the 'specimen_code' column of 'specimens' in the schema cache", 'code': 'PGRST204', 'hint': ). Reintento slim. code=MO-051
2026-08-01 12:59:36  WARNING   Insert full falló ({'message': "Could not find the 'specimen_code' column of 'specimens' in the schema cache", 'code': 'PGRST204', 'hint': ). Reintento slim. code=MO-052
2026-08-01 12:59:38  WARNING   Insert full falló ({'message': "Could not find the 'specimen_code' column of 'specimens' in the schema cache", 'code': 'PGRST204', 'hint': ). Reintento slim. code=MO-053
2026-08-01 12:59:40  WARNING   Insert full falló ({'message': "Could not find the 'specimen_code' column of 'specimens' in the schema cache", 'code': 'PGRST204', 'hint': ). Reintento slim. code=MO-054
2026-08-01 12:59:41  WARNING   Insert full falló ({'message': "Could not find the 'specimen_code' column of 'specimens' in the schema cache", 'code': 'PGRST204', 'hint': ). Reintento slim. code=MO-055
2026-08-01 12:59:43  WARNING   Insert full falló ({'message': "Could not find the 'specimen_code' column of 'specimens' in the schema cache", 'code': 'PGRST204', 'hint': ). Reintento slim. code=MO-056
2026-08-01 12:59:45  WARNING   Insert full falló ({'message': "Could not find the 'specimen_code' column of 'specimens' in the schema cache", 'code': 'PGRST204', 'hint': ). Reintento slim. code=MO-057
2026-08-01 12:59:46  WARNING   Insert full falló ({'message': "Could not find the 'specimen_code' column of 'specimens' in the schema cache", 'code': 'PGRST204', 'hint': ). Reintento slim. code=MO-058
2026-08-01 12:59:48  WARNING   Insert full falló ({'message': "Could not find the 'specimen_code' column of 'specimens' in the schema cache", 'code': 'PGRST204', 'hint': ). Reintento slim. code=MO-059
2026-08-01 12:59:50  WARNING   Insert full falló ({'message': "Could not find the 'specimen_code' column of 'specimens' in the schema cache", 'code': 'PGRST204', 'hint': ). Reintento slim. code=MO-060
2026-08-01 12:59:51  WARNING   Insert full falló ({'message': "Could not find the 'specimen_code' column of 'specimens' in the schema cache", 'code': 'PGRST204', 'hint': ). Reintento slim. code=MO-061
2026-08-01 12:59:53  WARNING   Insert full falló ({'message': "Could not find the 'specimen_code' column of 'specimens' in the schema cache", 'code': 'PGRST204', 'hint': ). Reintento slim. code=MO-062
2026-08-01 12:59:55  WARNING   Insert full falló ({'message': "Could not find the 'specimen_code' column of 'specimens' in the schema cache", 'code': 'PGRST204', 'hint': ). Reintento slim. code=MO-063
2026-08-01 12:59:57  WARNING   Insert full falló ({'message': "Could not find the 'specimen_code' column of 'specimens' in the schema cache", 'code': 'PGRST204', 'hint': ). Reintento slim. code=MO-064
2026-08-01 12:59:58  WARNING   Insert full falló ({'message': "Could not find the 'specimen_code' column of 'specimens' in the schema cache", 'code': 'PGRST204', 'hint': ). Reintento slim. code=MO-065
2026-08-01 13:00:00  WARNING   Insert full falló ({'message': "Could not find the 'specimen_code' column of 'specimens' in the schema cache", 'code': 'PGRST204', 'hint': ). Reintento slim. code=MO-066
2026-08-01 13:00:01  WARNING   Insert full falló ({'message': "Could not find the 'specimen_code' column of 'specimens' in the schema cache", 'code': 'PGRST204', 'hint': ). Reintento slim. code=MO-067
2026-08-01 13:00:03  WARNING   Insert full falló ({'message': "Could not find the 'specimen_code' column of 'specimens' in the schema cache", 'code': 'PGRST204', 'hint': ). Reintento slim. code=MO-068
2026-08-01 13:00:05  WARNING   Insert full falló ({'message': "Could not find the 'specimen_code' column of 'specimens' in the schema cache", 'code': 'PGRST204', 'hint': ). Reintento slim. code=MO-069
2026-08-01 13:00:07  WARNING   Insert full falló ({'message': "Could not find the 'specimen_code' column of 'specimens' in the schema cache", 'code': 'PGRST204', 'hint': ). Reintento slim. code=MO-070
2026-08-01 13:00:08  WARNING   Insert full falló ({'message': "Could not find the 'specimen_code' column of 'specimens' in the schema cache", 'code': 'PGRST204', 'hint': ). Reintento slim. code=MO-071
2026-08-01 13:00:10  WARNING   Insert full falló ({'message': "Could not find the 'specimen_code' column of 'specimens' in the schema cache", 'code': 'PGRST204', 'hint': ). Reintento slim. code=MO-072
2026-08-01 13:00:11  WARNING   Insert full falló ({'message': "Could not find the 'specimen_code' column of 'specimens' in the schema cache", 'code': 'PGRST204', 'hint': ). Reintento slim. code=MO-073
2026-08-01 13:01:20  WARNING   Insert full falló ({'message': "Could not find the 'specimen_code' column of 'specimens' in the schema cache", 'code': 'PGRST204', 'hint': ). Reintento slim. code=NY-001
2026-08-01 13:01:22  WARNING   Insert full falló ({'message': "Could not find the 'specimen_code' column of 'specimens' in the schema cache", 'code': 'PGRST204', 'hint': ). Reintento slim. code=NY-002
2026-08-01 13:01:24  WARNING   Insert full falló ({'message': "Could not find the 'specimen_code' column of 'specimens' in the schema cache", 'code': 'PGRST204', 'hint': ). Reintento slim. code=NY-003
2026-08-01 13:01:25  WARNING   Insert full falló ({'message': "Could not find the 'specimen_code' column of 'specimens' in the schema cache", 'code': 'PGRST204', 'hint': ). Reintento slim. code=NY-004
2026-08-01 13:01:27  WARNING   Insert full falló ({'message': "Could not find the 'specimen_code' column of 'specimens' in the schema cache", 'code': 'PGRST204', 'hint': ). Reintento slim. code=NY-005
2026-08-01 13:01:28  WARNING   Insert full falló ({'message': "Could not find the 'specimen_code' column of 'specimens' in the schema cache", 'code': 'PGRST204', 'hint': ). Reintento slim. code=NY-006
2026-08-01 13:01:30  WARNING   Insert full falló ({'message': "Could not find the 'specimen_code' column of 'specimens' in the schema cache", 'code': 'PGRST204', 'hint': ). Reintento slim. code=NY-007
2026-08-01 13:01:32  WARNING   Insert full falló ({'message': "Could not find the 'specimen_code' column of 'specimens' in the schema cache", 'code': 'PGRST204', 'hint': ). Reintento slim. code=NY-008
2026-08-01 13:01:33  WARNING   Insert full falló ({'message': "Could not find the 'specimen_code' column of 'specimens' in the schema cache", 'code': 'PGRST204', 'hint': ). Reintento slim. code=NY-009
2026-08-01 13:06:06  WARNING   Insert full falló ({'message': "Could not find the 'specimen_code' column of 'specimens' in the schema cache", 'code': 'PGRST204', 'hint': ). Reintento slim. code=NY-010
2026-08-01 13:06:07  WARNING   Insert full falló ({'message': "Could not find the 'specimen_code' column of 'specimens' in the schema cache", 'code': 'PGRST204', 'hint': ). Reintento slim. code=NY-011
2026-08-01 13:06:09  WARNING   Insert full falló ({'message': "Could not find the 'specimen_code' column of 'specimens' in the schema cache", 'code': 'PGRST204', 'hint': ). Reintento slim. code=NY-012
2026-08-01 13:06:10  WARNING   Insert full falló ({'message': "Could not find the 'specimen_code' column of 'specimens' in the schema cache", 'code': 'PGRST204', 'hint': ). Reintento slim. code=NY-013
2026-08-01 13:06:12  WARNING   Insert full falló ({'message': "Could not find the 'specimen_code' column of 'specimens' in the schema cache", 'code': 'PGRST204', 'hint': ). Reintento slim. code=NY-014
2026-08-01 13:06:15  WARNING   Insert full falló ({'message': "Could not find the 'specimen_code' column of 'specimens' in the schema cache", 'code': 'PGRST204', 'hint': ). Reintento slim. code=HE-100
2026-08-01 13:06:17  WARNING   Insert full falló ({'message': "Could not find the 'specimen_code' column of 'specimens' in the schema cache", 'code': 'PGRST204', 'hint': ). Reintento slim. code=HE-101
2026-08-01 13:06:19  WARNING   Insert full falló ({'message': "Could not find the 'specimen_code' column of 'specimens' in the schema cache", 'code': 'PGRST204', 'hint': ). Reintento slim. code=NY-015
2026-08-01 13:06:20  WARNING   Insert full falló ({'message': "Could not find the 'specimen_code' column of 'specimens' in the schema cache", 'code': 'PGRST204', 'hint': ). Reintento slim. code=NY-016
2026-08-01 13:06:22  WARNING   Insert full falló ({'message': "Could not find the 'specimen_code' column of 'specimens' in the schema cache", 'code': 'PGRST204', 'hint': ). Reintento slim. code=NY-017
2026-08-01 13:06:24  WARNING   Insert full falló ({'message': "Could not find the 'specimen_code' column of 'specimens' in the schema cache", 'code': 'PGRST204', 'hint': ). Reintento slim. code=NY-018
2026-08-01 13:06:25  WARNING   Insert full falló ({'message': "Could not find the 'specimen_code' column of 'specimens' in the schema cache", 'code': 'PGRST204', 'hint': ). Reintento slim. code=NY-019
2026-08-01 13:06:27  WARNING   Insert full falló ({'message': "Could not find the 'specimen_code' column of 'specimens' in the schema cache", 'code': 'PGRST204', 'hint': ). Reintento slim. code=NY-020
2026-08-01 13:06:29  WARNING   Insert full falló ({'message': "Could not find the 'specimen_code' column of 'specimens' in the schema cache", 'code': 'PGRST204', 'hint': ). Reintento slim. code=NY-021
2026-08-01 13:06:31  WARNING   Insert full falló ({'message': "Could not find the 'specimen_code' column of 'specimens' in the schema cache", 'code': 'PGRST204', 'hint': ). Reintento slim. code=NY-022
2026-08-01 13:06:32  WARNING   Insert full falló ({'message': "Could not find the 'specimen_code' column of 'specimens' in the schema cache", 'code': 'PGRST204', 'hint': ). Reintento slim. code=NY-023
2026-08-01 13:06:34  WARNING   Insert full falló ({'message': "Could not find the 'specimen_code' column of 'specimens' in the schema cache", 'code': 'PGRST204', 'hint': ). Reintento slim. code=NY-024
2026-08-01 13:06:35  WARNING   Insert full falló ({'message': "Could not find the 'specimen_code' column of 'specimens' in the schema cache", 'code': 'PGRST204', 'hint': ). Reintento slim. code=NY-025
2026-08-01 13:06:37  WARNING   Insert full falló ({'message': "Could not find the 'specimen_code' column of 'specimens' in the schema cache", 'code': 'PGRST204', 'hint': ). Reintento slim. code=NY-026
2026-08-01 13:06:39  WARNING   Insert full falló ({'message': "Could not find the 'specimen_code' column of 'specimens' in the schema cache", 'code': 'PGRST204', 'hint': ). Reintento slim. code=NY-027
2026-08-01 13:06:40  WARNING   Insert full falló ({'message': "Could not find the 'specimen_code' column of 'specimens' in the schema cache", 'code': 'PGRST204', 'hint': ). Reintento slim. code=NY-028
2026-08-01 13:06:42  WARNING   Insert full falló ({'message': "Could not find the 'specimen_code' column of 'specimens' in the schema cache", 'code': 'PGRST204', 'hint': ). Reintento slim. code=NY-029
2026-08-01 13:06:43  WARNING   Insert full falló ({'message': "Could not find the 'specimen_code' column of 'specimens' in the schema cache", 'code': 'PGRST204', 'hint': ). Reintento slim. code=NY-030
2026-08-01 13:06:45  WARNING   Insert full falló ({'message': "Could not find the 'specimen_code' column of 'specimens' in the schema cache", 'code': 'PGRST204', 'hint': ). Reintento slim. code=NY-031
2026-08-01 13:06:48  WARNING   Insert full falló ({'message': "Could not find the 'specimen_code' column of 'specimens' in the schema cache", 'code': 'PGRST204', 'hint': ). Reintento slim. code=NY-032
2026-08-01 13:06:49  WARNING   Insert full falló ({'message': "Could not find the 'specimen_code' column of 'specimens' in the schema cache", 'code': 'PGRST204', 'hint': ). Reintento slim. code=NY-033
2026-08-01 13:06:50  WARNING   Insert full falló ({'message': "Could not find the 'specimen_code' column of 'specimens' in the schema cache", 'code': 'PGRST204', 'hint': ). Reintento slim. code=NY-034
2026-08-01 13:06:53  WARNING   Insert full falló ({'message': "Could not find the 'specimen_code' column of 'specimens' in the schema cache", 'code': 'PGRST204', 'hint': ). Reintento slim. code=NY-035
2026-08-01 13:06:54  WARNING   Insert full falló ({'message': "Could not find the 'specimen_code' column of 'specimens' in the schema cache", 'code': 'PGRST204', 'hint': ). Reintento slim. code=NY-036
2026-08-01 13:06:56  WARNING   Insert full falló ({'message': "Could not find the 'specimen_code' column of 'specimens' in the schema cache", 'code': 'PGRST204', 'hint': ). Reintento slim. code=NY-037
2026-08-01 13:06:57  WARNING   Insert full falló ({'message': "Could not find the 'specimen_code' column of 'specimens' in the schema cache", 'code': 'PGRST204', 'hint': ). Reintento slim. code=NY-038
2026-08-01 13:06:59  WARNING   Insert full falló ({'message': "Could not find the 'specimen_code' column of 'specimens' in the schema cache", 'code': 'PGRST204', 'hint': ). Reintento slim. code=NY-039
2026-08-01 13:07:01  WARNING   Insert full falló ({'message': "Could not find the 'specimen_code' column of 'specimens' in the schema cache", 'code': 'PGRST204', 'hint': ). Reintento slim. code=NY-040
2026-08-01 13:07:02  WARNING   Insert full falló ({'message': "Could not find the 'specimen_code' column of 'specimens' in the schema cache", 'code': 'PGRST204', 'hint': ). Reintento slim. code=NY-041
2026-08-01 13:07:04  WARNING   Insert full falló ({'message': "Could not find the 'specimen_code' column of 'specimens' in the schema cache", 'code': 'PGRST204', 'hint': ). Reintento slim. code=NY-042
2026-08-01 13:07:06  WARNING   Insert full falló ({'message': "Could not find the 'specimen_code' column of 'specimens' in the schema cache", 'code': 'PGRST204', 'hint': ). Reintento slim. code=NY-043
2026-08-01 13:07:07  WARNING   Insert full falló ({'message': "Could not find the 'specimen_code' column of 'specimens' in the schema cache", 'code': 'PGRST204', 'hint': ). Reintento slim. code=NY-044
2026-08-01 13:07:09  WARNING   Insert full falló ({'message': "Could not find the 'specimen_code' column of 'specimens' in the schema cache", 'code': 'PGRST204', 'hint': ). Reintento slim. code=NY-045
2026-08-01 13:07:11  WARNING   Insert full falló ({'message': "Could not find the 'specimen_code' column of 'specimens' in the schema cache", 'code': 'PGRST204', 'hint': ). Reintento slim. code=NY-046
2026-08-01 13:07:12  WARNING   Insert full falló ({'message': "Could not find the 'specimen_code' column of 'specimens' in the schema cache", 'code': 'PGRST204', 'hint': ). Reintento slim. code=NY-047
2026-08-01 13:07:13  WARNING   Insert full falló ({'message': "Could not find the 'specimen_code' column of 'specimens' in the schema cache", 'code': 'PGRST204', 'hint': ). Reintento slim. code=NY-048
2026-08-01 13:07:15  WARNING   Insert full falló ({'message': "Could not find the 'specimen_code' column of 'specimens' in the schema cache", 'code': 'PGRST204', 'hint': ). Reintento slim. code=NY-049
2026-08-01 13:07:16  WARNING   Insert full falló ({'message': "Could not find the 'specimen_code' column of 'specimens' in the schema cache", 'code': 'PGRST204', 'hint': ). Reintento slim. code=NY-050
2026-08-01 13:07:18  WARNING   Insert full falló ({'message': "Could not find the 'specimen_code' column of 'specimens' in the schema cache", 'code': 'PGRST204', 'hint': ). Reintento slim. code=NY-051
2026-08-01 13:07:20  WARNING   Insert full falló ({'message': "Could not find the 'specimen_code' column of 'specimens' in the schema cache", 'code': 'PGRST204', 'hint': ). Reintento slim. code=NY-052
2026-08-01 13:07:22  WARNING   Insert full falló ({'message': "Could not find the 'specimen_code' column of 'specimens' in the schema cache", 'code': 'PGRST204', 'hint': ). Reintento slim. code=NY-053
2026-08-01 13:07:23  WARNING   Insert full falló ({'message': "Could not find the 'specimen_code' column of 'specimens' in the schema cache", 'code': 'PGRST204', 'hint': ). Reintento slim. code=NY-054
2026-08-01 13:07:25  WARNING   Insert full falló ({'message': "Could not find the 'specimen_code' column of 'specimens' in the schema cache", 'code': 'PGRST204', 'hint': ). Reintento slim. code=NY-055
2026-08-01 13:07:26  WARNING   Insert full falló ({'message': "Could not find the 'specimen_code' column of 'specimens' in the schema cache", 'code': 'PGRST204', 'hint': ). Reintento slim. code=NY-056
2026-08-01 13:07:28  WARNING   Insert full falló ({'message': "Could not find the 'specimen_code' column of 'specimens' in the schema cache", 'code': 'PGRST204', 'hint': ). Reintento slim. code=NY-057
2026-08-01 13:07:30  WARNING   Insert full falló ({'message': "Could not find the 'specimen_code' column of 'specimens' in the schema cache", 'code': 'PGRST204', 'hint': ). Reintento slim. code=NY-058
2026-08-01 13:07:32  WARNING   Insert full falló ({'message': "Could not find the 'specimen_code' column of 'specimens' in the schema cache", 'code': 'PGRST204', 'hint': ). Reintento slim. code=NY-059
2026-08-01 13:07:33  WARNING   Insert full falló ({'message': "Could not find the 'specimen_code' column of 'specimens' in the schema cache", 'code': 'PGRST204', 'hint': ). Reintento slim. code=NY-060
2026-08-01 13:07:35  WARNING   Insert full falló ({'message': "Could not find the 'specimen_code' column of 'specimens' in the schema cache", 'code': 'PGRST204', 'hint': ). Reintento slim. code=NY-061
2026-08-01 13:07:36  WARNING   Insert full falló ({'message': "Could not find the 'specimen_code' column of 'specimens' in the schema cache", 'code': 'PGRST204', 'hint': ). Reintento slim. code=NY-062
2026-08-01 13:07:37  WARNING   Insert full falló ({'message': "Could not find the 'specimen_code' column of 'specimens' in the schema cache", 'code': 'PGRST204', 'hint': ). Reintento slim. code=NY-063
2026-08-01 13:07:39  WARNING   Insert full falló ({'message': "Could not find the 'specimen_code' column of 'specimens' in the schema cache", 'code': 'PGRST204', 'hint': ). Reintento slim. code=NY-064
2026-08-01 13:07:40  WARNING   Insert full falló ({'message': "Could not find the 'specimen_code' column of 'specimens' in the schema cache", 'code': 'PGRST204', 'hint': ). Reintento slim. code=NY-065
2026-08-01 13:07:41  WARNING   Insert full falló ({'message': "Could not find the 'specimen_code' column of 'specimens' in the schema cache", 'code': 'PGRST204', 'hint': ). Reintento slim. code=NY-066
2026-08-01 13:07:43  WARNING   Insert full falló ({'message': "Could not find the 'specimen_code' column of 'specimens' in the schema cache", 'code': 'PGRST204', 'hint': ). Reintento slim. code=NY-067
2026-08-01 13:07:44  WARNING   Insert full falló ({'message': "Could not find the 'specimen_code' column of 'specimens' in the schema cache", 'code': 'PGRST204', 'hint': ). Reintento slim. code=NY-068
2026-08-01 13:07:46  WARNING   Insert full falló ({'message': "Could not find the 'specimen_code' column of 'specimens' in the schema cache", 'code': 'PGRST204', 'hint': ). Reintento slim. code=NY-069
2026-08-01 13:07:47  WARNING   Insert full falló ({'message': "Could not find the 'specimen_code' column of 'specimens' in the schema cache", 'code': 'PGRST204', 'hint': ). Reintento slim. code=NY-070
2026-08-01 13:07:49  WARNING   Insert full falló ({'message': "Could not find the 'specimen_code' column of 'specimens' in the schema cache", 'code': 'PGRST204', 'hint': ). Reintento slim. code=NY-071
2026-08-01 13:07:50  WARNING   Insert full falló ({'message': "Could not find the 'specimen_code' column of 'specimens' in the schema cache", 'code': 'PGRST204', 'hint': ). Reintento slim. code=NY-072
2026-08-01 13:07:52  WARNING   Insert full falló ({'message': "Could not find the 'specimen_code' column of 'specimens' in the schema cache", 'code': 'PGRST204', 'hint': ). Reintento slim. code=NY-073
2026-08-01 13:07:53  WARNING   Insert full falló ({'message': "Could not find the 'specimen_code' column of 'specimens' in the schema cache", 'code': 'PGRST204', 'hint': ). Reintento slim. code=NY-074
2026-08-01 13:07:55  WARNING   Insert full falló ({'message': "Could not find the 'specimen_code' column of 'specimens' in the schema cache", 'code': 'PGRST204', 'hint': ). Reintento slim. code=NY-075
2026-08-01 13:07:57  WARNING   Insert full falló ({'message': "Could not find the 'specimen_code' column of 'specimens' in the schema cache", 'code': 'PGRST204', 'hint': ). Reintento slim. code=NY-076
2026-08-01 13:07:58  WARNING   Insert full falló ({'message': "Could not find the 'specimen_code' column of 'specimens' in the schema cache", 'code': 'PGRST204', 'hint': ). Reintento slim. code=NY-077
2026-08-01 13:08:00  WARNING   Insert full falló ({'message': "Could not find the 'specimen_code' column of 'specimens' in the schema cache", 'code': 'PGRST204', 'hint': ). Reintento slim. code=NY-078
2026-08-01 13:08:02  WARNING   Insert full falló ({'message': "Could not find the 'specimen_code' column of 'specimens' in the schema cache", 'code': 'PGRST204', 'hint': ). Reintento slim. code=NY-079
2026-08-01 13:08:03  WARNING   Insert full falló ({'message': "Could not find the 'specimen_code' column of 'specimens' in the schema cache", 'code': 'PGRST204', 'hint': ). Reintento slim. code=NY-080
2026-08-01 13:08:05  WARNING   Insert full falló ({'message': "Could not find the 'specimen_code' column of 'specimens' in the schema cache", 'code': 'PGRST204', 'hint': ). Reintento slim. code=NY-081
2026-08-01 13:08:07  WARNING   Insert full falló ({'message': "Could not find the 'specimen_code' column of 'specimens' in the schema cache", 'code': 'PGRST204', 'hint': ). Reintento slim. code=NY-082
2026-08-01 13:08:09  WARNING   Insert full falló ({'message': "Could not find the 'specimen_code' column of 'specimens' in the schema cache", 'code': 'PGRST204', 'hint': ). Reintento slim. code=NY-083
2026-08-01 13:08:11  WARNING   Insert full falló ({'message': "Could not find the 'specimen_code' column of 'specimens' in the schema cache", 'code': 'PGRST204', 'hint': ). Reintento slim. code=NY-084
2026-08-01 13:08:12  WARNING   Insert full falló ({'message': "Could not find the 'specimen_code' column of 'specimens' in the schema cache", 'code': 'PGRST204', 'hint': ). Reintento slim. code=NY-085
2026-08-01 13:08:14  WARNING   Insert full falló ({'message': "Could not find the 'specimen_code' column of 'specimens' in the schema cache", 'code': 'PGRST204', 'hint': ). Reintento slim. code=NY-086
2026-08-01 13:08:16  WARNING   Insert full falló ({'message': "Could not find the 'specimen_code' column of 'specimens' in the schema cache", 'code': 'PGRST204', 'hint': ). Reintento slim. code=NY-087
2026-08-01 13:08:17  WARNING   Insert full falló ({'message': "Could not find the 'specimen_code' column of 'specimens' in the schema cache", 'code': 'PGRST204', 'hint': ). Reintento slim. code=NY-088
2026-08-01 13:08:18  WARNING   Insert full falló ({'message': "Could not find the 'specimen_code' column of 'specimens' in the schema cache", 'code': 'PGRST204', 'hint': ). Reintento slim. code=NY-089
2026-08-01 13:08:20  WARNING   Insert full falló ({'message': "Could not find the 'specimen_code' column of 'specimens' in the schema cache", 'code': 'PGRST204', 'hint': ). Reintento slim. code=NY-090
2026-08-01 13:08:21  WARNING   Insert full falló ({'message': "Could not find the 'specimen_code' column of 'specimens' in the schema cache", 'code': 'PGRST204', 'hint': ). Reintento slim. code=NY-091
2026-08-01 13:08:23  WARNING   Insert full falló ({'message': "Could not find the 'specimen_code' column of 'specimens' in the schema cache", 'code': 'PGRST204', 'hint': ). Reintento slim. code=NY-092
2026-08-01 13:08:24  WARNING   Insert full falló ({'message': "Could not find the 'specimen_code' column of 'specimens' in the schema cache", 'code': 'PGRST204', 'hint': ). Reintento slim. code=NY-093
2026-08-01 13:08:26  WARNING   Insert full falló ({'message': "Could not find the 'specimen_code' column of 'specimens' in the schema cache", 'code': 'PGRST204', 'hint': ). Reintento slim. code=NY-094
2026-08-01 13:08:27  WARNING   Insert full falló ({'message': "Could not find the 'specimen_code' column of 'specimens' in the schema cache", 'code': 'PGRST204', 'hint': ). Reintento slim. code=NY-095
2026-08-01 13:08:28  WARNING   Insert full falló ({'message': "Could not find the 'specimen_code' column of 'specimens' in the schema cache", 'code': 'PGRST204', 'hint': ). Reintento slim. code=NY-096
2026-08-01 13:08:30  WARNING   Insert full falló ({'message': "Could not find the 'specimen_code' column of 'specimens' in the schema cache", 'code': 'PGRST204', 'hint': ). Reintento slim. code=NY-097
2026-08-01 13:16:20  WARNING   Insert full falló ({'message': "Could not find the 'specimen_code' column of 'specimens' in the schema cache", 'code': 'PGRST204', 'hint': ). Reintento slim. code=NY-098
2026-08-01 13:16:22  WARNING   Insert full falló ({'message': "Could not find the 'specimen_code' column of 'specimens' in the schema cache", 'code': 'PGRST204', 'hint': ). Reintento slim. code=NY-099
2026-08-01 13:16:24  WARNING   Insert full falló ({'message': "Could not find the 'specimen_code' column of 'specimens' in the schema cache", 'code': 'PGRST204', 'hint': ). Reintento slim. code=NY-100
2026-08-01 13:16:25  WARNING   Insert full falló ({'message': "Could not find the 'specimen_code' column of 'specimens' in the schema cache", 'code': 'PGRST204', 'hint': ). Reintento slim. code=NY-101
2026-08-01 13:16:27  WARNING   Insert full falló ({'message': "Could not find the 'specimen_code' column of 'specimens' in the schema cache", 'code': 'PGRST204', 'hint': ). Reintento slim. code=NY-102
2026-08-01 13:16:29  WARNING   Insert full falló ({'message': "Could not find the 'specimen_code' column of 'specimens' in the schema cache", 'code': 'PGRST204', 'hint': ). Reintento slim. code=NY-103
2026-08-01 13:16:31  WARNING   Insert full falló ({'message': "Could not find the 'specimen_code' column of 'specimens' in the schema cache", 'code': 'PGRST204', 'hint': ). Reintento slim. code=NY-104
2026-08-01 13:16:32  WARNING   Insert full falló ({'message': "Could not find the 'specimen_code' column of 'specimens' in the schema cache", 'code': 'PGRST204', 'hint': ). Reintento slim. code=NY-105
2026-08-01 13:16:34  WARNING   Insert full falló ({'message': "Could not find the 'specimen_code' column of 'specimens' in the schema cache", 'code': 'PGRST204', 'hint': ). Reintento slim. code=NY-106
2026-08-01 13:16:35  WARNING   Insert full falló ({'message': "Could not find the 'specimen_code' column of 'specimens' in the schema cache", 'code': 'PGRST204', 'hint': ). Reintento slim. code=NY-107
2026-08-01 13:16:36  WARNING   Insert full falló ({'message': "Could not find the 'specimen_code' column of 'specimens' in the schema cache", 'code': 'PGRST204', 'hint': ). Reintento slim. code=NY-108
2026-08-01 13:16:39  WARNING   Insert full falló ({'message': "Could not find the 'specimen_code' column of 'specimens' in the schema cache", 'code': 'PGRST204', 'hint': ). Reintento slim. code=NY-109
2026-08-01 13:16:40  WARNING   Insert full falló ({'message': "Could not find the 'specimen_code' column of 'specimens' in the schema cache", 'code': 'PGRST204', 'hint': ). Reintento slim. code=NY-110
2026-08-01 13:16:42  WARNING   Insert full falló ({'message': "Could not find the 'specimen_code' column of 'specimens' in the schema cache", 'code': 'PGRST204', 'hint': ). Reintento slim. code=NY-111
2026-08-01 13:16:44  WARNING   Insert full falló ({'message': "Could not find the 'specimen_code' column of 'specimens' in the schema cache", 'code': 'PGRST204', 'hint': ). Reintento slim. code=NY-112
2026-08-01 13:16:46  WARNING   Insert full falló ({'message': "Could not find the 'specimen_code' column of 'specimens' in the schema cache", 'code': 'PGRST204', 'hint': ). Reintento slim. code=NY-113
2026-08-01 13:16:47  WARNING   Insert full falló ({'message': "Could not find the 'specimen_code' column of 'specimens' in the schema cache", 'code': 'PGRST204', 'hint': ). Reintento slim. code=NY-114
2026-08-01 13:16:49  WARNING   Insert full falló ({'message': "Could not find the 'specimen_code' column of 'specimens' in the schema cache", 'code': 'PGRST204', 'hint': ). Reintento slim. code=NY-115
2026-08-01 13:16:51  WARNING   Insert full falló ({'message': "Could not find the 'specimen_code' column of 'specimens' in the schema cache", 'code': 'PGRST204', 'hint': ). Reintento slim. code=NY-116
2026-08-01 13:16:52  WARNING   Insert full falló ({'message': "Could not find the 'specimen_code' column of 'specimens' in the schema cache", 'code': 'PGRST204', 'hint': ). Reintento slim. code=NY-117
2026-08-01 13:16:53  WARNING   Insert full falló ({'message': "Could not find the 'specimen_code' column of 'specimens' in the schema cache", 'code': 'PGRST204', 'hint': ). Reintento slim. code=NY-118
2026-08-01 13:16:55  WARNING   Insert full falló ({'message': "Could not find the 'specimen_code' column of 'specimens' in the schema cache", 'code': 'PGRST204', 'hint': ). Reintento slim. code=NY-119
2026-08-01 13:16:57  WARNING   Insert full falló ({'message': "Could not find the 'specimen_code' column of 'specimens' in the schema cache", 'code': 'PGRST204', 'hint': ). Reintento slim. code=NY-120
2026-08-01 13:16:59  WARNING   Insert full falló ({'message': "Could not find the 'specimen_code' column of 'specimens' in the schema cache", 'code': 'PGRST204', 'hint': ). Reintento slim. code=NY-121
2026-08-01 13:17:01  WARNING   Insert full falló ({'message': "Could not find the 'specimen_code' column of 'specimens' in the schema cache", 'code': 'PGRST204', 'hint': ). Reintento slim. code=NY-122
2026-08-01 13:17:03  WARNING   Insert full falló ({'message': "Could not find the 'specimen_code' column of 'specimens' in the schema cache", 'code': 'PGRST204', 'hint': ). Reintento slim. code=NY-123
2026-08-01 13:17:04  WARNING   Insert full falló ({'message': "Could not find the 'specimen_code' column of 'specimens' in the schema cache", 'code': 'PGRST204', 'hint': ). Reintento slim. code=NY-124
2026-08-01 13:17:05  WARNING   Insert full falló ({'message': "Could not find the 'specimen_code' column of 'specimens' in the schema cache", 'code': 'PGRST204', 'hint': ). Reintento slim. code=NY-125
2026-08-01 13:17:07  WARNING   Insert full falló ({'message': "Could not find the 'specimen_code' column of 'specimens' in the schema cache", 'code': 'PGRST204', 'hint': ). Reintento slim. code=NY-126
2026-08-01 13:17:08  WARNING   Insert full falló ({'message': "Could not find the 'specimen_code' column of 'specimens' in the schema cache", 'code': 'PGRST204', 'hint': ). Reintento slim. code=NY-127
2026-08-01 13:17:10  WARNING   Insert full falló ({'message': "Could not find the 'specimen_code' column of 'specimens' in the schema cache", 'code': 'PGRST204', 'hint': ). Reintento slim. code=NY-128
2026-08-01 13:17:11  WARNING   Insert full falló ({'message': "Could not find the 'specimen_code' column of 'specimens' in the schema cache", 'code': 'PGRST204', 'hint': ). Reintento slim. code=NY-129
2026-08-01 13:17:12  WARNING   Insert full falló ({'message': "Could not find the 'specimen_code' column of 'specimens' in the schema cache", 'code': 'PGRST204', 'hint': ). Reintento slim. code=NY-130
2026-08-01 13:17:14  WARNING   Insert full falló ({'message': "Could not find the 'specimen_code' column of 'specimens' in the schema cache", 'code': 'PGRST204', 'hint': ). Reintento slim. code=NY-131
2026-08-01 13:17:15  WARNING   Insert full falló ({'message': "Could not find the 'specimen_code' column of 'specimens' in the schema cache", 'code': 'PGRST204', 'hint': ). Reintento slim. code=NY-132
2026-08-01 13:17:17  WARNING   Insert full falló ({'message': "Could not find the 'specimen_code' column of 'specimens' in the schema cache", 'code': 'PGRST204', 'hint': ). Reintento slim. code=NY-133
2026-08-01 13:17:18  WARNING   Insert full falló ({'message': "Could not find the 'specimen_code' column of 'specimens' in the schema cache", 'code': 'PGRST204', 'hint': ). Reintento slim. code=NY-134
2026-08-01 13:17:20  WARNING   Insert full falló ({'message': "Could not find the 'specimen_code' column of 'specimens' in the schema cache", 'code': 'PGRST204', 'hint': ). Reintento slim. code=NY-135
2026-08-01 13:17:22  WARNING   Insert full falló ({'message': "Could not find the 'specimen_code' column of 'specimens' in the schema cache", 'code': 'PGRST204', 'hint': ). Reintento slim. code=NY-136
2026-08-01 13:17:23  WARNING   Insert full falló ({'message': "Could not find the 'specimen_code' column of 'specimens' in the schema cache", 'code': 'PGRST204', 'hint': ). Reintento slim. code=NY-137
2026-08-01 13:17:25  WARNING   Insert full falló ({'message': "Could not find the 'specimen_code' column of 'specimens' in the schema cache", 'code': 'PGRST204', 'hint': ). Reintento slim. code=NY-138
2026-08-01 13:17:27  WARNING   Insert full falló ({'message': "Could not find the 'specimen_code' column of 'specimens' in the schema cache", 'code': 'PGRST204', 'hint': ). Reintento slim. code=NY-139
2026-08-01 13:17:29  WARNING   Insert full falló ({'message': "Could not find the 'specimen_code' column of 'specimens' in the schema cache", 'code': 'PGRST204', 'hint': ). Reintento slim. code=NY-140
2026-08-01 13:17:31  WARNING   Insert full falló ({'message': "Could not find the 'specimen_code' column of 'specimens' in the schema cache", 'code': 'PGRST204', 'hint': ). Reintento slim. code=NY-141
2026-08-01 13:17:33  WARNING   Insert full falló ({'message': "Could not find the 'specimen_code' column of 'specimens' in the schema cache", 'code': 'PGRST204', 'hint': ). Reintento slim. code=NY-142
2026-08-01 13:17:34  WARNING   Insert full falló ({'message': "Could not find the 'specimen_code' column of 'specimens' in the schema cache", 'code': 'PGRST204', 'hint': ). Reintento slim. code=NY-143
2026-08-01 13:17:36  WARNING   Insert full falló ({'message': "Could not find the 'specimen_code' column of 'specimens' in the schema cache", 'code': 'PGRST204', 'hint': ). Reintento slim. code=NY-144
2026-08-01 13:17:38  WARNING   Insert full falló ({'message': "Could not find the 'specimen_code' column of 'specimens' in the schema cache", 'code': 'PGRST204', 'hint': ). Reintento slim. code=NY-145
2026-08-01 13:17:39  WARNING   Insert full falló ({'message': "Could not find the 'specimen_code' column of 'specimens' in the schema cache", 'code': 'PGRST204', 'hint': ). Reintento slim. code=NY-146
2026-08-01 13:17:41  WARNING   Insert full falló ({'message': "Could not find the 'specimen_code' column of 'specimens' in the schema cache", 'code': 'PGRST204', 'hint': ). Reintento slim. code=NY-147
2026-08-01 13:17:42  WARNING   Insert full falló ({'message': "Could not find the 'specimen_code' column of 'specimens' in the schema cache", 'code': 'PGRST204', 'hint': ). Reintento slim. code=NY-148
2026-08-01 13:17:44  WARNING   Insert full falló ({'message': "Could not find the 'specimen_code' column of 'specimens' in the schema cache", 'code': 'PGRST204', 'hint': ). Reintento slim. code=NY-149
2026-08-01 13:17:45  WARNING   Insert full falló ({'message': "Could not find the 'specimen_code' column of 'specimens' in the schema cache", 'code': 'PGRST204', 'hint': ). Reintento slim. code=NY-150
2026-08-01 13:17:47  WARNING   Insert full falló ({'message': "Could not find the 'specimen_code' column of 'specimens' in the schema cache", 'code': 'PGRST204', 'hint': ). Reintento slim. code=NY-151
2026-08-01 13:17:48  WARNING   Insert full falló ({'message': "Could not find the 'specimen_code' column of 'specimens' in the schema cache", 'code': 'PGRST204', 'hint': ). Reintento slim. code=NY-152
2026-08-01 13:17:50  WARNING   Insert full falló ({'message': "Could not find the 'specimen_code' column of 'specimens' in the schema cache", 'code': 'PGRST204', 'hint': ). Reintento slim. code=NY-153
2026-08-01 13:17:51  WARNING   Insert full falló ({'message': "Could not find the 'specimen_code' column of 'specimens' in the schema cache", 'code': 'PGRST204', 'hint': ). Reintento slim. code=NY-154
2026-08-01 13:17:53  WARNING   Insert full falló ({'message': "Could not find the 'specimen_code' column of 'specimens' in the schema cache", 'code': 'PGRST204', 'hint': ). Reintento slim. code=NY-155
2026-08-01 13:17:54  WARNING   Insert full falló ({'message': "Could not find the 'specimen_code' column of 'specimens' in the schema cache", 'code': 'PGRST204', 'hint': ). Reintento slim. code=NY-156
2026-08-01 13:17:55  WARNING   Insert full falló ({'message': "Could not find the 'specimen_code' column of 'specimens' in the schema cache", 'code': 'PGRST204', 'hint': ). Reintento slim. code=NY-157
2026-08-01 13:17:57  WARNING   Insert full falló ({'message': "Could not find the 'specimen_code' column of 'specimens' in the schema cache", 'code': 'PGRST204', 'hint': ). Reintento slim. code=NY-158
2026-08-01 13:17:59  WARNING   Insert full falló ({'message': "Could not find the 'specimen_code' column of 'specimens' in the schema cache", 'code': 'PGRST204', 'hint': ). Reintento slim. code=NY-159
2026-08-01 13:18:01  WARNING   Insert full falló ({'message': "Could not find the 'specimen_code' column of 'specimens' in the schema cache", 'code': 'PGRST204', 'hint': ). Reintento slim. code=NY-160
2026-08-01 13:18:02  WARNING   Insert full falló ({'message': "Could not find the 'specimen_code' column of 'specimens' in the schema cache", 'code': 'PGRST204', 'hint': ). Reintento slim. code=NY-161
2026-08-01 13:18:04  WARNING   Insert full falló ({'message': "Could not find the 'specimen_code' column of 'specimens' in the schema cache", 'code': 'PGRST204', 'hint': ). Reintento slim. code=NY-162
2026-08-01 13:18:06  WARNING   Insert full falló ({'message': "Could not find the 'specimen_code' column of 'specimens' in the schema cache", 'code': 'PGRST204', 'hint': ). Reintento slim. code=NY-163
2026-08-01 13:18:08  WARNING   Insert full falló ({'message': "Could not find the 'specimen_code' column of 'specimens' in the schema cache", 'code': 'PGRST204', 'hint': ). Reintento slim. code=NY-164
2026-08-01 13:18:09  WARNING   Insert full falló ({'message': "Could not find the 'specimen_code' column of 'specimens' in the schema cache", 'code': 'PGRST204', 'hint': ). Reintento slim. code=NY-165
2026-08-01 13:18:11  WARNING   Insert full falló ({'message': "Could not find the 'specimen_code' column of 'specimens' in the schema cache", 'code': 'PGRST204', 'hint': ). Reintento slim. code=NY-166
2026-08-01 13:18:12  WARNING   Insert full falló ({'message': "Could not find the 'specimen_code' column of 'specimens' in the schema cache", 'code': 'PGRST204', 'hint': ). Reintento slim. code=NY-167
2026-08-01 13:18:13  WARNING   Insert full falló ({'message': "Could not find the 'specimen_code' column of 'specimens' in the schema cache", 'code': 'PGRST204', 'hint': ). Reintento slim. code=NY-168
2026-08-01 13:18:15  WARNING   Insert full falló ({'message': "Could not find the 'specimen_code' column of 'specimens' in the schema cache", 'code': 'PGRST204', 'hint': ). Reintento slim. code=NY-169
2026-08-01 13:18:17  WARNING   Insert full falló ({'message': "Could not find the 'specimen_code' column of 'specimens' in the schema cache", 'code': 'PGRST204', 'hint': ). Reintento slim. code=NY-170
2026-08-01 13:18:19  WARNING   Insert full falló ({'message': "Could not find the 'specimen_code' column of 'specimens' in the schema cache", 'code': 'PGRST204', 'hint': ). Reintento slim. code=NY-171
2026-08-01 13:18:20  WARNING   Insert full falló ({'message': "Could not find the 'specimen_code' column of 'specimens' in the schema cache", 'code': 'PGRST204', 'hint': ). Reintento slim. code=NY-172
2026-08-01 13:18:21  WARNING   Insert full falló ({'message': "Could not find the 'specimen_code' column of 'specimens' in the schema cache", 'code': 'PGRST204', 'hint': ). Reintento slim. code=NY-173
2026-08-01 13:18:23  WARNING   Insert full falló ({'message': "Could not find the 'specimen_code' column of 'specimens' in the schema cache", 'code': 'PGRST204', 'hint': ). Reintento slim. code=NY-174
2026-08-01 13:18:25  WARNING   Insert full falló ({'message': "Could not find the 'specimen_code' column of 'specimens' in the schema cache", 'code': 'PGRST204', 'hint': ). Reintento slim. code=NY-175
2026-08-01 13:18:26  WARNING   Insert full falló ({'message': "Could not find the 'specimen_code' column of 'specimens' in the schema cache", 'code': 'PGRST204', 'hint': ). Reintento slim. code=NY-176
2026-08-01 13:18:28  WARNING   Insert full falló ({'message': "Could not find the 'specimen_code' column of 'specimens' in the schema cache", 'code': 'PGRST204', 'hint': ). Reintento slim. code=NY-177
2026-08-01 13:18:29  WARNING   Insert full falló ({'message': "Could not find the 'specimen_code' column of 'specimens' in the schema cache", 'code': 'PGRST204', 'hint': ). Reintento slim. code=NY-178
2026-08-01 13:18:31  WARNING   Insert full falló ({'message': "Could not find the 'specimen_code' column of 'specimens' in the schema cache", 'code': 'PGRST204', 'hint': ). Reintento slim. code=NY-179
2026-08-01 13:18:33  WARNING   Insert full falló ({'message': "Could not find the 'specimen_code' column of 'specimens' in the schema cache", 'code': 'PGRST204', 'hint': ). Reintento slim. code=NY-180
2026-08-01 13:18:34  WARNING   Insert full falló ({'message': "Could not find the 'specimen_code' column of 'specimens' in the schema cache", 'code': 'PGRST204', 'hint': ). Reintento slim. code=NY-181
2026-08-01 13:18:36  WARNING   Insert full falló ({'message': "Could not find the 'specimen_code' column of 'specimens' in the schema cache", 'code': 'PGRST204', 'hint': ). Reintento slim. code=NY-182
2026-08-01 13:18:37  WARNING   Insert full falló ({'message': "Could not find the 'specimen_code' column of 'specimens' in the schema cache", 'code': 'PGRST204', 'hint': ). Reintento slim. code=NY-183
2026-08-01 13:18:39  WARNING   Insert full falló ({'message': "Could not find the 'specimen_code' column of 'specimens' in the schema cache", 'code': 'PGRST204', 'hint': ). Reintento slim. code=NY-184
2026-08-01 13:18:40  WARNING   Insert full falló ({'message': "Could not find the 'specimen_code' column of 'specimens' in the schema cache", 'code': 'PGRST204', 'hint': ). Reintento slim. code=NY-185
2026-08-01 13:18:42  WARNING   Insert full falló ({'message': "Could not find the 'specimen_code' column of 'specimens' in the schema cache", 'code': 'PGRST204', 'hint': ). Reintento slim. code=NY-186
2026-08-01 13:18:43  WARNING   Insert full falló ({'message': "Could not find the 'specimen_code' column of 'specimens' in the schema cache", 'code': 'PGRST204', 'hint': ). Reintento slim. code=NY-187
2026-08-01 13:18:44  WARNING   Insert full falló ({'message': "Could not find the 'specimen_code' column of 'specimens' in the schema cache", 'code': 'PGRST204', 'hint': ). Reintento slim. code=NY-188
2026-08-01 13:18:46  WARNING   Insert full falló ({'message': "Could not find the 'specimen_code' column of 'specimens' in the schema cache", 'code': 'PGRST204', 'hint': ). Reintento slim. code=NY-189
2026-08-01 13:18:47  WARNING   Insert full falló ({'message': "Could not find the 'specimen_code' column of 'specimens' in the schema cache", 'code': 'PGRST204', 'hint': ). Reintento slim. code=NY-190
2026-08-01 13:18:49  WARNING   Insert full falló ({'message': "Could not find the 'specimen_code' column of 'specimens' in the schema cache", 'code': 'PGRST204', 'hint': ). Reintento slim. code=NY-191
2026-08-01 13:22:33  WARNING   Insert full falló ({'message': "Could not find the 'specimen_code' column of 'specimens' in the schema cache", 'code': 'PGRST204', 'hint': ). Reintento slim. code=NY-192
2026-08-01 13:22:35  WARNING   Insert full falló ({'message': "Could not find the 'specimen_code' column of 'specimens' in the schema cache", 'code': 'PGRST204', 'hint': ). Reintento slim. code=NY-193
2026-08-01 13:22:37  WARNING   Insert full falló ({'message': "Could not find the 'specimen_code' column of 'specimens' in the schema cache", 'code': 'PGRST204', 'hint': ). Reintento slim. code=NY-194
2026-08-01 13:22:38  WARNING   Insert full falló ({'message': "Could not find the 'specimen_code' column of 'specimens' in the schema cache", 'code': 'PGRST204', 'hint': ). Reintento slim. code=NY-195
2026-08-01 13:22:40  WARNING   Insert full falló ({'message': "Could not find the 'specimen_code' column of 'specimens' in the schema cache", 'code': 'PGRST204', 'hint': ). Reintento slim. code=NY-196
2026-08-01 13:22:42  WARNING   Insert full falló ({'message': "Could not find the 'specimen_code' column of 'specimens' in the schema cache", 'code': 'PGRST204', 'hint': ). Reintento slim. code=NY-197
2026-08-01 13:22:44  WARNING   Insert full falló ({'message': "Could not find the 'specimen_code' column of 'specimens' in the schema cache", 'code': 'PGRST204', 'hint': ). Reintento slim. code=NY-198
2026-08-01 13:22:46  WARNING   Insert full falló ({'message': "Could not find the 'specimen_code' column of 'specimens' in the schema cache", 'code': 'PGRST204', 'hint': ). Reintento slim. code=NY-199
2026-08-01 13:22:48  WARNING   Insert full falló ({'message': "Could not find the 'specimen_code' column of 'specimens' in the schema cache", 'code': 'PGRST204', 'hint': ). Reintento slim. code=NY-200
2026-08-01 13:22:49  WARNING   Insert full falló ({'message': "Could not find the 'specimen_code' column of 'specimens' in the schema cache", 'code': 'PGRST204', 'hint': ). Reintento slim. code=NY-201
2026-08-01 13:22:51  WARNING   Insert full falló ({'message': "Could not find the 'specimen_code' column of 'specimens' in the schema cache", 'code': 'PGRST204', 'hint': ). Reintento slim. code=NY-202
2026-08-01 13:22:52  WARNING   Insert full falló ({'message': "Could not find the 'specimen_code' column of 'specimens' in the schema cache", 'code': 'PGRST204', 'hint': ). Reintento slim. code=NY-203
2026-08-01 13:22:54  WARNING   Insert full falló ({'message': "Could not find the 'specimen_code' column of 'specimens' in the schema cache", 'code': 'PGRST204', 'hint': ). Reintento slim. code=NY-204
2026-08-01 13:22:56  WARNING   Insert full falló ({'message': "Could not find the 'specimen_code' column of 'specimens' in the schema cache", 'code': 'PGRST204', 'hint': ). Reintento slim. code=NY-205
2026-08-01 13:22:58  WARNING   Insert full falló ({'message': "Could not find the 'specimen_code' column of 'specimens' in the schema cache", 'code': 'PGRST204', 'hint': ). Reintento slim. code=NY-206
2026-08-01 13:30:55  WARNING   Insert full falló ({'message': "Could not find the 'specimen_code' column of 'specimens' in the schema cache", 'code': 'PGRST204', 'hint': ). Reintento slim. code=NY-192
2026-08-01 13:30:57  WARNING   Insert full falló ({'message': "Could not find the 'specimen_code' column of 'specimens' in the schema cache", 'code': 'PGRST204', 'hint': ). Reintento slim. code=NY-193
2026-08-01 13:30:58  WARNING   Insert full falló ({'message': "Could not find the 'specimen_code' column of 'specimens' in the schema cache", 'code': 'PGRST204', 'hint': ). Reintento slim. code=NY-194
2026-08-01 13:31:00  WARNING   Insert full falló ({'message': "Could not find the 'specimen_code' column of 'specimens' in the schema cache", 'code': 'PGRST204', 'hint': ). Reintento slim. code=NY-195
2026-08-01 13:31:02  WARNING   Insert full falló ({'message': "Could not find the 'specimen_code' column of 'specimens' in the schema cache", 'code': 'PGRST204', 'hint': ). Reintento slim. code=NY-196
2026-08-01 13:31:04  WARNING   Insert full falló ({'message': "Could not find the 'specimen_code' column of 'specimens' in the schema cache", 'code': 'PGRST204', 'hint': ). Reintento slim. code=NY-197
2026-08-01 13:31:06  WARNING   Insert full falló ({'message': "Could not find the 'specimen_code' column of 'specimens' in the schema cache", 'code': 'PGRST204', 'hint': ). Reintento slim. code=NY-198
2026-08-01 13:31:08  WARNING   Insert full falló ({'message': "Could not find the 'specimen_code' column of 'specimens' in the schema cache", 'code': 'PGRST204', 'hint': ). Reintento slim. code=NY-199
2026-08-01 13:31:10  WARNING   Insert full falló ({'message': "Could not find the 'specimen_code' column of 'specimens' in the schema cache", 'code': 'PGRST204', 'hint': ). Reintento slim. code=NY-200
2026-08-01 13:31:11  WARNING   Insert full falló ({'message': "Could not find the 'specimen_code' column of 'specimens' in the schema cache", 'code': 'PGRST204', 'hint': ). Reintento slim. code=NY-201
2026-08-01 13:31:13  WARNING   Insert full falló ({'message': "Could not find the 'specimen_code' column of 'specimens' in the schema cache", 'code': 'PGRST204', 'hint': ). Reintento slim. code=NY-202
2026-08-01 13:31:15  WARNING   Insert full falló ({'message': "Could not find the 'specimen_code' column of 'specimens' in the schema cache", 'code': 'PGRST204', 'hint': ). Reintento slim. code=NY-203
2026-08-01 13:31:17  WARNING   Insert full falló ({'message': "Could not find the 'specimen_code' column of 'specimens' in the schema cache", 'code': 'PGRST204', 'hint': ). Reintento slim. code=NY-204
2026-08-01 13:31:19  WARNING   Insert full falló ({'message': "Could not find the 'specimen_code' column of 'specimens' in the schema cache", 'code': 'PGRST204', 'hint': ). Reintento slim. code=NY-205
2026-08-01 13:31:20  WARNING   Insert full falló ({'message': "Could not find the 'specimen_code' column of 'specimens' in the schema cache", 'code': 'PGRST204', 'hint': ). Reintento slim. code=NY-206
2026-08-01 13:31:22  WARNING   Insert full falló ({'message': "Could not find the 'specimen_code' column of 'specimens' in the schema cache", 'code': 'PGRST204', 'hint': ). Reintento slim. code=NY-207
2026-08-01 13:31:24  WARNING   Insert full falló ({'message': "Could not find the 'specimen_code' column of 'specimens' in the schema cache", 'code': 'PGRST204', 'hint': ). Reintento slim. code=NY-208
2026-08-01 13:31:26  WARNING   Insert full falló ({'message': "Could not find the 'specimen_code' column of 'specimens' in the schema cache", 'code': 'PGRST204', 'hint': ). Reintento slim. code=NY-209
2026-08-01 13:31:28  WARNING   Insert full falló ({'message': "Could not find the 'specimen_code' column of 'specimens' in the schema cache", 'code': 'PGRST204', 'hint': ). Reintento slim. code=NY-210
2026-08-01 13:31:30  WARNING   Insert full falló ({'message': "Could not find the 'specimen_code' column of 'specimens' in the schema cache", 'code': 'PGRST204', 'hint': ). Reintento slim. code=NY-211
2026-08-01 13:31:32  WARNING   Insert full falló ({'message': "Could not find the 'specimen_code' column of 'specimens' in the schema cache", 'code': 'PGRST204', 'hint': ). Reintento slim. code=NY-212
2026-08-01 13:31:34  WARNING   Insert full falló ({'message': "Could not find the 'specimen_code' column of 'specimens' in the schema cache", 'code': 'PGRST204', 'hint': ). Reintento slim. code=NY-213
2026-08-01 13:31:36  WARNING   Insert full falló ({'message': "Could not find the 'specimen_code' column of 'specimens' in the schema cache", 'code': 'PGRST204', 'hint': ). Reintento slim. code=NY-214
2026-08-01 13:31:37  WARNING   Insert full falló ({'message': "Could not find the 'specimen_code' column of 'specimens' in the schema cache", 'code': 'PGRST204', 'hint': ). Reintento slim. code=NY-215
2026-08-01 13:31:39  WARNING   Insert full falló ({'message': "Could not find the 'specimen_code' column of 'specimens' in the schema cache", 'code': 'PGRST204', 'hint': ). Reintento slim. code=NY-216
2026-08-01 13:31:40  WARNING   Insert full falló ({'message': "Could not find the 'specimen_code' column of 'specimens' in the schema cache", 'code': 'PGRST204', 'hint': ). Reintento slim. code=NY-217
2026-08-01 13:31:42  WARNING   Insert full falló ({'message': "Could not find the 'specimen_code' column of 'specimens' in the schema cache", 'code': 'PGRST204', 'hint': ). Reintento slim. code=NY-218
2026-08-01 13:31:44  WARNING   Insert full falló ({'message': "Could not find the 'specimen_code' column of 'specimens' in the schema cache", 'code': 'PGRST204', 'hint': ). Reintento slim. code=NY-219
2026-08-01 13:31:46  WARNING   Insert full falló ({'message': "Could not find the 'specimen_code' column of 'specimens' in the schema cache", 'code': 'PGRST204', 'hint': ). Reintento slim. code=NY-220
2026-08-01 13:31:47  WARNING   Insert full falló ({'message': "Could not find the 'specimen_code' column of 'specimens' in the schema cache", 'code': 'PGRST204', 'hint': ). Reintento slim. code=NY-221
2026-08-01 13:31:50  WARNING   Insert full falló ({'message': "Could not find the 'specimen_code' column of 'specimens' in the schema cache", 'code': 'PGRST204', 'hint': ). Reintento slim. code=NY-222
2026-08-01 13:31:52  WARNING   Insert full falló ({'message': "Could not find the 'specimen_code' column of 'specimens' in the schema cache", 'code': 'PGRST204', 'hint': ). Reintento slim. code=NY-223
2026-08-01 13:31:53  WARNING   Insert full falló ({'message': "Could not find the 'specimen_code' column of 'specimens' in the schema cache", 'code': 'PGRST204', 'hint': ). Reintento slim. code=NY-224
2026-08-01 13:31:55  WARNING   Insert full falló ({'message': "Could not find the 'specimen_code' column of 'specimens' in the schema cache", 'code': 'PGRST204', 'hint': ). Reintento slim. code=NY-225
2026-08-01 13:31:56  WARNING   Insert full falló ({'message': "Could not find the 'specimen_code' column of 'specimens' in the schema cache", 'code': 'PGRST204', 'hint': ). Reintento slim. code=NY-226
2026-08-01 13:31:57  WARNING   Insert full falló ({'message': "Could not find the 'specimen_code' column of 'specimens' in the schema cache", 'code': 'PGRST204', 'hint': ). Reintento slim. code=NY-227
2026-08-01 13:31:59  WARNING   Insert full falló ({'message': "Could not find the 'specimen_code' column of 'specimens' in the schema cache", 'code': 'PGRST204', 'hint': ). Reintento slim. code=NY-228
2026-08-01 13:32:00  WARNING   Insert full falló ({'message': "Could not find the 'specimen_code' column of 'specimens' in the schema cache", 'code': 'PGRST204', 'hint': ). Reintento slim. code=NY-229
2026-08-01 13:32:02  WARNING   Insert full falló ({'message': "Could not find the 'specimen_code' column of 'specimens' in the schema cache", 'code': 'PGRST204', 'hint': ). Reintento slim. code=NY-230
2026-08-01 13:32:03  WARNING   Insert full falló ({'message': "Could not find the 'specimen_code' column of 'specimens' in the schema cache", 'code': 'PGRST204', 'hint': ). Reintento slim. code=NY-231
2026-08-01 13:32:05  WARNING   Insert full falló ({'message': "Could not find the 'specimen_code' column of 'specimens' in the schema cache", 'code': 'PGRST204', 'hint': ). Reintento slim. code=NY-232
2026-08-01 13:32:06  WARNING   Insert full falló ({'message': "Could not find the 'specimen_code' column of 'specimens' in the schema cache", 'code': 'PGRST204', 'hint': ). Reintento slim. code=NY-233
2026-08-01 13:32:08  WARNING   Insert full falló ({'message': "Could not find the 'specimen_code' column of 'specimens' in the schema cache", 'code': 'PGRST204', 'hint': ). Reintento slim. code=NY-234
2026-08-01 13:32:09  WARNING   Insert full falló ({'message': "Could not find the 'specimen_code' column of 'specimens' in the schema cache", 'code': 'PGRST204', 'hint': ). Reintento slim. code=NY-235
2026-08-01 13:32:11  WARNING   Insert full falló ({'message': "Could not find the 'specimen_code' column of 'specimens' in the schema cache", 'code': 'PGRST204', 'hint': ). Reintento slim. code=NY-236
2026-08-01 13:32:13  WARNING   Insert full falló ({'message': "Could not find the 'specimen_code' column of 'specimens' in the schema cache", 'code': 'PGRST204', 'hint': ). Reintento slim. code=NY-237
2026-08-01 13:32:15  WARNING   Insert full falló ({'message': "Could not find the 'specimen_code' column of 'specimens' in the schema cache", 'code': 'PGRST204', 'hint': ). Reintento slim. code=NY-238
2026-08-01 13:32:16  WARNING   Insert full falló ({'message': "Could not find the 'specimen_code' column of 'specimens' in the schema cache", 'code': 'PGRST204', 'hint': ). Reintento slim. code=NY-239
2026-08-01 13:32:18  WARNING   Insert full falló ({'message': "Could not find the 'specimen_code' column of 'specimens' in the schema cache", 'code': 'PGRST204', 'hint': ). Reintento slim. code=NY-240
2026-08-01 13:32:20  WARNING   Insert full falló ({'message': "Could not find the 'specimen_code' column of 'specimens' in the schema cache", 'code': 'PGRST204', 'hint': ). Reintento slim. code=NY-241
2026-08-01 13:32:21  WARNING   Insert full falló ({'message': "Could not find the 'specimen_code' column of 'specimens' in the schema cache", 'code': 'PGRST204', 'hint': ). Reintento slim. code=NY-242
2026-08-01 13:32:22  WARNING   Insert full falló ({'message': "Could not find the 'specimen_code' column of 'specimens' in the schema cache", 'code': 'PGRST204', 'hint': ). Reintento slim. code=NY-243
2026-08-01 13:32:24  WARNING   Insert full falló ({'message': "Could not find the 'specimen_code' column of 'specimens' in the schema cache", 'code': 'PGRST204', 'hint': ). Reintento slim. code=NY-244
2026-08-01 13:32:25  WARNING   Insert full falló ({'message': "Could not find the 'specimen_code' column of 'specimens' in the schema cache", 'code': 'PGRST204', 'hint': ). Reintento slim. code=NY-245
2026-08-01 13:32:27  WARNING   Insert full falló ({'message': "Could not find the 'specimen_code' column of 'specimens' in the schema cache", 'code': 'PGRST204', 'hint': ). Reintento slim. code=NY-246
2026-08-01 13:32:29  WARNING   Insert full falló ({'message': "Could not find the 'specimen_code' column of 'specimens' in the schema cache", 'code': 'PGRST204', 'hint': ). Reintento slim. code=NY-247
2026-08-01 13:32:30  WARNING   Insert full falló ({'message': "Could not find the 'specimen_code' column of 'specimens' in the schema cache", 'code': 'PGRST204', 'hint': ). Reintento slim. code=NY-248
2026-08-01 13:32:31  WARNING   Insert full falló ({'message': "Could not find the 'specimen_code' column of 'specimens' in the schema cache", 'code': 'PGRST204', 'hint': ). Reintento slim. code=NY-249
2026-08-01 13:32:33  WARNING   Insert full falló ({'message': "Could not find the 'specimen_code' column of 'specimens' in the schema cache", 'code': 'PGRST204', 'hint': ). Reintento slim. code=NY-250
2026-08-01 13:32:34  WARNING   Insert full falló ({'message': "Could not find the 'specimen_code' column of 'specimens' in the schema cache", 'code': 'PGRST204', 'hint': ). Reintento slim. code=NY-251
2026-08-01 13:32:36  WARNING   Insert full falló ({'message': "Could not find the 'specimen_code' column of 'specimens' in the schema cache", 'code': 'PGRST204', 'hint': ). Reintento slim. code=NY-252
2026-08-01 13:32:38  WARNING   Insert full falló ({'message': "Could not find the 'specimen_code' column of 'specimens' in the schema cache", 'code': 'PGRST204', 'hint': ). Reintento slim. code=NY-253
2026-08-01 13:32:39  WARNING   Insert full falló ({'message': "Could not find the 'specimen_code' column of 'specimens' in the schema cache", 'code': 'PGRST204', 'hint': ). Reintento slim. code=NY-254
2026-08-01 13:32:41  WARNING   Insert full falló ({'message': "Could not find the 'specimen_code' column of 'specimens' in the schema cache", 'code': 'PGRST204', 'hint': ). Reintento slim. code=NY-255
2026-08-01 13:32:43  WARNING   Insert full falló ({'message': "Could not find the 'specimen_code' column of 'specimens' in the schema cache", 'code': 'PGRST204', 'hint': ). Reintento slim. code=NY-256
2026-08-01 13:32:45  WARNING   Insert full falló ({'message': "Could not find the 'specimen_code' column of 'specimens' in the schema cache", 'code': 'PGRST204', 'hint': ). Reintento slim. code=NY-257
2026-08-01 13:32:46  WARNING   Insert full falló ({'message': "Could not find the 'specimen_code' column of 'specimens' in the schema cache", 'code': 'PGRST204', 'hint': ). Reintento slim. code=NY-258
2026-08-01 13:32:48  WARNING   Insert full falló ({'message': "Could not find the 'specimen_code' column of 'specimens' in the schema cache", 'code': 'PGRST204', 'hint': ). Reintento slim. code=NY-259
2026-08-01 13:32:49  WARNING   Insert full falló ({'message': "Could not find the 'specimen_code' column of 'specimens' in the schema cache", 'code': 'PGRST204', 'hint': ). Reintento slim. code=NY-260
2026-08-01 13:32:50  WARNING   Insert full falló ({'message': "Could not find the 'specimen_code' column of 'specimens' in the schema cache", 'code': 'PGRST204', 'hint': ). Reintento slim. code=NY-261
2026-08-01 13:32:52  WARNING   Insert full falló ({'message': "Could not find the 'specimen_code' column of 'specimens' in the schema cache", 'code': 'PGRST204', 'hint': ). Reintento slim. code=NY-262
2026-08-01 13:32:53  WARNING   Insert full falló ({'message': "Could not find the 'specimen_code' column of 'specimens' in the schema cache", 'code': 'PGRST204', 'hint': ). Reintento slim. code=NY-263
2026-08-01 13:32:55  WARNING   Insert full falló ({'message': "Could not find the 'specimen_code' column of 'specimens' in the schema cache", 'code': 'PGRST204', 'hint': ). Reintento slim. code=NY-264
2026-08-01 13:32:56  WARNING   Insert full falló ({'message': "Could not find the 'specimen_code' column of 'specimens' in the schema cache", 'code': 'PGRST204', 'hint': ). Reintento slim. code=NY-265
2026-08-01 13:32:57  WARNING   Insert full falló ({'message': "Could not find the 'specimen_code' column of 'specimens' in the schema cache", 'code': 'PGRST204', 'hint': ). Reintento slim. code=NY-266
2026-08-01 13:32:59  WARNING   Insert full falló ({'message': "Could not find the 'specimen_code' column of 'specimens' in the schema cache", 'code': 'PGRST204', 'hint': ). Reintento slim. code=NY-267
2026-08-01 13:33:00  WARNING   Insert full falló ({'message': "Could not find the 'specimen_code' column of 'specimens' in the schema cache", 'code': 'PGRST204', 'hint': ). Reintento slim. code=NY-268
2026-08-01 13:33:02  WARNING   Insert full falló ({'message': "Could not find the 'specimen_code' column of 'specimens' in the schema cache", 'code': 'PGRST204', 'hint': ). Reintento slim. code=NY-269
2026-08-01 13:33:04  WARNING   Insert full falló ({'message': "Could not find the 'specimen_code' column of 'specimens' in the schema cache", 'code': 'PGRST204', 'hint': ). Reintento slim. code=NY-270
2026-08-01 13:33:05  WARNING   Insert full falló ({'message': "Could not find the 'specimen_code' column of 'specimens' in the schema cache", 'code': 'PGRST204', 'hint': ). Reintento slim. code=NY-271
2026-08-01 13:33:07  WARNING   Insert full falló ({'message': "Could not find the 'specimen_code' column of 'specimens' in the schema cache", 'code': 'PGRST204', 'hint': ). Reintento slim. code=NY-272
2026-08-01 13:33:09  WARNING   Insert full falló ({'message': "Could not find the 'specimen_code' column of 'specimens' in the schema cache", 'code': 'PGRST204', 'hint': ). Reintento slim. code=NY-273
2026-08-01 13:33:11  WARNING   Insert full falló ({'message': "Could not find the 'specimen_code' column of 'specimens' in the schema cache", 'code': 'PGRST204', 'hint': ). Reintento slim. code=NY-274
2026-08-01 13:33:12  WARNING   Insert full falló ({'message': "Could not find the 'specimen_code' column of 'specimens' in the schema cache", 'code': 'PGRST204', 'hint': ). Reintento slim. code=NY-275
2026-08-01 13:33:14  WARNING   Insert full falló ({'message': "Could not find the 'specimen_code' column of 'specimens' in the schema cache", 'code': 'PGRST204', 'hint': ). Reintento slim. code=NY-276
2026-08-01 13:33:16  WARNING   Insert full falló ({'message': "Could not find the 'specimen_code' column of 'specimens' in the schema cache", 'code': 'PGRST204', 'hint': ). Reintento slim. code=NY-277
2026-08-01 13:33:17  WARNING   Insert full falló ({'message': "Could not find the 'specimen_code' column of 'specimens' in the schema cache", 'code': 'PGRST204', 'hint': ). Reintento slim. code=NY-278
2026-08-01 13:33:19  WARNING   Insert full falló ({'message': "Could not find the 'specimen_code' column of 'specimens' in the schema cache", 'code': 'PGRST204', 'hint': ). Reintento slim. code=NY-279
2026-08-01 13:33:21  WARNING   Insert full falló ({'message': "Could not find the 'specimen_code' column of 'specimens' in the schema cache", 'code': 'PGRST204', 'hint': ). Reintento slim. code=NY-280
2026-08-01 13:33:22  WARNING   Insert full falló ({'message': "Could not find the 'specimen_code' column of 'specimens' in the schema cache", 'code': 'PGRST204', 'hint': ). Reintento slim. code=NY-281
2026-08-01 13:33:24  WARNING   Insert full falló ({'message': "Could not find the 'specimen_code' column of 'specimens' in the schema cache", 'code': 'PGRST204', 'hint': ). Reintento slim. code=NY-282
2026-08-01 13:33:26  WARNING   Insert full falló ({'message': "Could not find the 'specimen_code' column of 'specimens' in the schema cache", 'code': 'PGRST204', 'hint': ). Reintento slim. code=NY-283
2026-08-01 13:33:28  WARNING   Insert full falló ({'message': "Could not find the 'specimen_code' column of 'specimens' in the schema cache", 'code': 'PGRST204', 'hint': ). Reintento slim. code=NY-284
2026-08-01 13:33:29  WARNING   Insert full falló ({'message': "Could not find the 'specimen_code' column of 'specimens' in the schema cache", 'code': 'PGRST204', 'hint': ). Reintento slim. code=NY-285
2026-08-01 13:33:31  WARNING   Insert full falló ({'message': "Could not find the 'specimen_code' column of 'specimens' in the schema cache", 'code': 'PGRST204', 'hint': ). Reintento slim. code=NY-286
2026-08-01 13:33:32  WARNING   Insert full falló ({'message': "Could not find the 'specimen_code' column of 'specimens' in the schema cache", 'code': 'PGRST204', 'hint': ). Reintento slim. code=NY-287
2026-08-01 13:33:34  WARNING   Insert full falló ({'message': "Could not find the 'specimen_code' column of 'specimens' in the schema cache", 'code': 'PGRST204', 'hint': ). Reintento slim. code=NY-288
2026-08-01 13:33:36  WARNING   Insert full falló ({'message': "Could not find the 'specimen_code' column of 'specimens' in the schema cache", 'code': 'PGRST204', 'hint': ). Reintento slim. code=NY-289
2026-08-01 13:33:37  WARNING   Insert full falló ({'message': "Could not find the 'specimen_code' column of 'specimens' in the schema cache", 'code': 'PGRST204', 'hint': ). Reintento slim. code=NY-290
2026-08-01 13:33:40  WARNING   Insert full falló ({'message': "Could not find the 'specimen_code' column of 'specimens' in the schema cache", 'code': 'PGRST204', 'hint': ). Reintento slim. code=NY-291
2026-08-01 13:33:41  WARNING   Insert full falló ({'message': "Could not find the 'specimen_code' column of 'specimens' in the schema cache", 'code': 'PGRST204', 'hint': ). Reintento slim. code=NY-292
2026-08-01 13:33:43  WARNING   Insert full falló ({'message': "Could not find the 'specimen_code' column of 'specimens' in the schema cache", 'code': 'PGRST204', 'hint': ). Reintento slim. code=NY-293
2026-08-01 13:33:45  WARNING   Insert full falló ({'message': "Could not find the 'specimen_code' column of 'specimens' in the schema cache", 'code': 'PGRST204', 'hint': ). Reintento slim. code=NY-294
2026-08-01 13:33:47  WARNING   Insert full falló ({'message': "Could not find the 'specimen_code' column of 'specimens' in the schema cache", 'code': 'PGRST204', 'hint': ). Reintento slim. code=NY-295
2026-08-01 13:33:49  WARNING   Insert full falló ({'message': "Could not find the 'specimen_code' column of 'specimens' in the schema cache", 'code': 'PGRST204', 'hint': ). Reintento slim. code=NY-296
2026-08-01 13:33:50  WARNING   Insert full falló ({'message': "Could not find the 'specimen_code' column of 'specimens' in the schema cache", 'code': 'PGRST204', 'hint': ). Reintento slim. code=NY-297
2026-08-01 13:33:55  WARNING   Insert full falló ({'message': "Could not find the 'specimen_code' column of 'specimens' in the schema cache", 'code': 'PGRST204', 'hint': ). Reintento slim. code=NY-298
2026-08-01 13:33:57  WARNING   Insert full falló ({'message': "Could not find the 'specimen_code' column of 'specimens' in the schema cache", 'code': 'PGRST204', 'hint': ). Reintento slim. code=NY-299
2026-08-01 13:33:58  WARNING   Insert full falló ({'message': "Could not find the 'specimen_code' column of 'specimens' in the schema cache", 'code': 'PGRST204', 'hint': ). Reintento slim. code=NY-300
2026-08-01 13:33:59  WARNING   Insert full falló ({'message': "Could not find the 'specimen_code' column of 'specimens' in the schema cache", 'code': 'PGRST204', 'hint': ). Reintento slim. code=NY-301
2026-08-01 13:34:00  WARNING   Insert full falló ({'message': "Could not find the 'specimen_code' column of 'specimens' in the schema cache", 'code': 'PGRST204', 'hint': ). Reintento slim. code=NY-302
2026-08-01 13:34:02  WARNING   Insert full falló ({'message': "Could not find the 'specimen_code' column of 'specimens' in the schema cache", 'code': 'PGRST204', 'hint': ). Reintento slim. code=NY-303
2026-08-01 13:34:04  WARNING   Insert full falló ({'message': "Could not find the 'specimen_code' column of 'specimens' in the schema cache", 'code': 'PGRST204', 'hint': ). Reintento slim. code=NY-304
2026-08-01 13:34:07  WARNING   Insert full falló ({'message': "Could not find the 'specimen_code' column of 'specimens' in the schema cache", 'code': 'PGRST204', 'hint': ). Reintento slim. code=NY-305
2026-08-01 13:34:08  WARNING   Insert full falló ({'message': "Could not find the 'specimen_code' column of 'specimens' in the schema cache", 'code': 'PGRST204', 'hint': ). Reintento slim. code=NY-306
2026-08-01 13:34:11  WARNING   Insert full falló ({'message': "Could not find the 'specimen_code' column of 'specimens' in the schema cache", 'code': 'PGRST204', 'hint': ). Reintento slim. code=NY-307
2026-08-01 13:34:12  WARNING   Insert full falló ({'message': "Could not find the 'specimen_code' column of 'specimens' in the schema cache", 'code': 'PGRST204', 'hint': ). Reintento slim. code=NY-308
2026-08-01 13:34:13  WARNING   Insert full falló ({'message': "Could not find the 'specimen_code' column of 'specimens' in the schema cache", 'code': 'PGRST204', 'hint': ). Reintento slim. code=NY-309
2026-08-01 13:34:15  WARNING   Insert full falló ({'message': "Could not find the 'specimen_code' column of 'specimens' in the schema cache", 'code': 'PGRST204', 'hint': ). Reintento slim. code=NY-310
2026-08-01 13:34:16  WARNING   Insert full falló ({'message': "Could not find the 'specimen_code' column of 'specimens' in the schema cache", 'code': 'PGRST204', 'hint': ). Reintento slim. code=NY-311
2026-08-01 13:34:18  WARNING   Insert full falló ({'message': "Could not find the 'specimen_code' column of 'specimens' in the schema cache", 'code': 'PGRST204', 'hint': ). Reintento slim. code=NY-312
2026-08-01 13:34:20  WARNING   Insert full falló ({'message': "Could not find the 'specimen_code' column of 'specimens' in the schema cache", 'code': 'PGRST204', 'hint': ). Reintento slim. code=NY-313
2026-08-01 13:34:22  WARNING   Insert full falló ({'message': "Could not find the 'specimen_code' column of 'specimens' in the schema cache", 'code': 'PGRST204', 'hint': ). Reintento slim. code=NY-314
2026-08-01 13:34:23  WARNING   Insert full falló ({'message': "Could not find the 'specimen_code' column of 'specimens' in the schema cache", 'code': 'PGRST204', 'hint': ). Reintento slim. code=NY-315
2026-08-01 13:34:25  WARNING   Insert full falló ({'message': "Could not find the 'specimen_code' column of 'specimens' in the schema cache", 'code': 'PGRST204', 'hint': ). Reintento slim. code=NY-316
2026-08-01 13:34:27  WARNING   Insert full falló ({'message': "Could not find the 'specimen_code' column of 'specimens' in the schema cache", 'code': 'PGRST204', 'hint': ). Reintento slim. code=NY-317
2026-08-01 13:34:28  WARNING   Insert full falló ({'message': "Could not find the 'specimen_code' column of 'specimens' in the schema cache", 'code': 'PGRST204', 'hint': ). Reintento slim. code=NY-318
2026-08-01 13:34:30  WARNING   Insert full falló ({'message': "Could not find the 'specimen_code' column of 'specimens' in the schema cache", 'code': 'PGRST204', 'hint': ). Reintento slim. code=NY-319
2026-08-01 13:34:32  WARNING   Insert full falló ({'message': "Could not find the 'specimen_code' column of 'specimens' in the schema cache", 'code': 'PGRST204', 'hint': ). Reintento slim. code=NY-320
2026-08-01 13:34:33  WARNING   Insert full falló ({'message': "Could not find the 'specimen_code' column of 'specimens' in the schema cache", 'code': 'PGRST204', 'hint': ). Reintento slim. code=NY-321
2026-08-01 13:34:34  WARNING   Insert full falló ({'message': "Could not find the 'specimen_code' column of 'specimens' in the schema cache", 'code': 'PGRST204', 'hint': ). Reintento slim. code=NY-322
2026-08-01 13:34:36  WARNING   Insert full falló ({'message': "Could not find the 'specimen_code' column of 'specimens' in the schema cache", 'code': 'PGRST204', 'hint': ). Reintento slim. code=NY-323
2026-08-01 13:34:38  WARNING   Insert full falló ({'message': "Could not find the 'specimen_code' column of 'specimens' in the schema cache", 'code': 'PGRST204', 'hint': ). Reintento slim. code=NY-324
2026-08-01 13:34:39  WARNING   Insert full falló ({'message': "Could not find the 'specimen_code' column of 'specimens' in the schema cache", 'code': 'PGRST204', 'hint': ). Reintento slim. code=NY-325
2026-08-01 13:34:41  WARNING   Insert full falló ({'message': "Could not find the 'specimen_code' column of 'specimens' in the schema cache", 'code': 'PGRST204', 'hint': ). Reintento slim. code=NY-326
2026-08-01 13:34:42  WARNING   Insert full falló ({'message': "Could not find the 'specimen_code' column of 'specimens' in the schema cache", 'code': 'PGRST204', 'hint': ). Reintento slim. code=NY-327
2026-08-01 13:34:43  WARNING   Insert full falló ({'message': "Could not find the 'specimen_code' column of 'specimens' in the schema cache", 'code': 'PGRST204', 'hint': ). Reintento slim. code=NY-328
2026-08-01 13:34:45  WARNING   Insert full falló ({'message': "Could not find the 'specimen_code' column of 'specimens' in the schema cache", 'code': 'PGRST204', 'hint': ). Reintento slim. code=NY-329
2026-08-01 13:34:47  WARNING   Insert full falló ({'message': "Could not find the 'specimen_code' column of 'specimens' in the schema cache", 'code': 'PGRST204', 'hint': ). Reintento slim. code=NY-330
2026-08-01 13:34:49  WARNING   Insert full falló ({'message': "Could not find the 'specimen_code' column of 'specimens' in the schema cache", 'code': 'PGRST204', 'hint': ). Reintento slim. code=NY-331
2026-08-01 13:34:50  WARNING   Insert full falló ({'message': "Could not find the 'specimen_code' column of 'specimens' in the schema cache", 'code': 'PGRST204', 'hint': ). Reintento slim. code=NY-332
2026-08-01 13:34:53  WARNING   Insert full falló ({'message': "Could not find the 'specimen_code' column of 'specimens' in the schema cache", 'code': 'PGRST204', 'hint': ). Reintento slim. code=NY-333
2026-08-01 13:34:54  WARNING   Insert full falló ({'message': "Could not find the 'specimen_code' column of 'specimens' in the schema cache", 'code': 'PGRST204', 'hint': ). Reintento slim. code=NY-334
2026-08-01 13:34:56  WARNING   Insert full falló ({'message': "Could not find the 'specimen_code' column of 'specimens' in the schema cache", 'code': 'PGRST204', 'hint': ). Reintento slim. code=NY-335
2026-08-01 13:34:57  WARNING   Insert full falló ({'message': "Could not find the 'specimen_code' column of 'specimens' in the schema cache", 'code': 'PGRST204', 'hint': ). Reintento slim. code=NY-336
2026-08-01 13:34:59  WARNING   Insert full falló ({'message': "Could not find the 'specimen_code' column of 'specimens' in the schema cache", 'code': 'PGRST204', 'hint': ). Reintento slim. code=NY-337
2026-08-01 13:35:01  WARNING   Insert full falló ({'message': "Could not find the 'specimen_code' column of 'specimens' in the schema cache", 'code': 'PGRST204', 'hint': ). Reintento slim. code=NY-338
2026-08-01 13:35:02  WARNING   Insert full falló ({'message': "Could not find the 'specimen_code' column of 'specimens' in the schema cache", 'code': 'PGRST204', 'hint': ). Reintento slim. code=NY-339
2026-08-01 13:35:04  WARNING   Insert full falló ({'message': "Could not find the 'specimen_code' column of 'specimens' in the schema cache", 'code': 'PGRST204', 'hint': ). Reintento slim. code=NY-340
2026-08-01 13:35:06  WARNING   Insert full falló ({'message': "Could not find the 'specimen_code' column of 'specimens' in the schema cache", 'code': 'PGRST204', 'hint': ). Reintento slim. code=NY-341
2026-08-01 13:35:09  WARNING   Insert full falló ({'message': "Could not find the 'specimen_code' column of 'specimens' in the schema cache", 'code': 'PGRST204', 'hint': ). Reintento slim. code=NY-342
2026-08-01 13:35:11  WARNING   Insert full falló ({'message': "Could not find the 'specimen_code' column of 'specimens' in the schema cache", 'code': 'PGRST204', 'hint': ). Reintento slim. code=NY-343
2026-08-01 13:35:12  WARNING   Insert full falló ({'message': "Could not find the 'specimen_code' column of 'specimens' in the schema cache", 'code': 'PGRST204', 'hint': ). Reintento slim. code=NY-344
2026-08-01 13:35:14  WARNING   Insert full falló ({'message': "Could not find the 'specimen_code' column of 'specimens' in the schema cache", 'code': 'PGRST204', 'hint': ). Reintento slim. code=NY-345
2026-08-01 13:35:16  WARNING   Insert full falló ({'message': "Could not find the 'specimen_code' column of 'specimens' in the schema cache", 'code': 'PGRST204', 'hint': ). Reintento slim. code=NY-346
2026-08-01 13:35:17  WARNING   Insert full falló ({'message': "Could not find the 'specimen_code' column of 'specimens' in the schema cache", 'code': 'PGRST204', 'hint': ). Reintento slim. code=NY-347
2026-08-01 13:35:19  WARNING   Insert full falló ({'message': "Could not find the 'specimen_code' column of 'specimens' in the schema cache", 'code': 'PGRST204', 'hint': ). Reintento slim. code=NY-348
2026-08-01 13:35:20  WARNING   Insert full falló ({'message': "Could not find the 'specimen_code' column of 'specimens' in the schema cache", 'code': 'PGRST204', 'hint': ). Reintento slim. code=NY-349
2026-08-01 13:35:21  WARNING   Insert full falló ({'message': "Could not find the 'specimen_code' column of 'specimens' in the schema cache", 'code': 'PGRST204', 'hint': ). Reintento slim. code=NY-350
2026-08-01 13:35:22  WARNING   Insert full falló ({'message': "Could not find the 'specimen_code' column of 'specimens' in the schema cache", 'code': 'PGRST204', 'hint': ). Reintento slim. code=NY-351
2026-08-01 13:35:24  WARNING   Insert full falló ({'message': "Could not find the 'specimen_code' column of 'specimens' in the schema cache", 'code': 'PGRST204', 'hint': ). Reintento slim. code=NY-352
2026-08-01 13:35:26  WARNING   Insert full falló ({'message': "Could not find the 'specimen_code' column of 'specimens' in the schema cache", 'code': 'PGRST204', 'hint': ). Reintento slim. code=NY-353
2026-08-01 13:35:28  WARNING   Insert full falló ({'message': "Could not find the 'specimen_code' column of 'specimens' in the schema cache", 'code': 'PGRST204', 'hint': ). Reintento slim. code=NY-354
2026-08-01 13:35:30  WARNING   Insert full falló ({'message': "Could not find the 'specimen_code' column of 'specimens' in the schema cache", 'code': 'PGRST204', 'hint': ). Reintento slim. code=NY-355
2026-08-01 13:35:32  WARNING   Insert full falló ({'message': "Could not find the 'specimen_code' column of 'specimens' in the schema cache", 'code': 'PGRST204', 'hint': ). Reintento slim. code=NY-356
2026-08-01 13:35:33  WARNING   Insert full falló ({'message': "Could not find the 'specimen_code' column of 'specimens' in the schema cache", 'code': 'PGRST204', 'hint': ). Reintento slim. code=NY-357
2026-08-01 13:35:34  WARNING   Insert full falló ({'message': "Could not find the 'specimen_code' column of 'specimens' in the schema cache", 'code': 'PGRST204', 'hint': ). Reintento slim. code=NY-358
2026-08-01 13:35:37  WARNING   Insert full falló ({'message': "Could not find the 'specimen_code' column of 'specimens' in the schema cache", 'code': 'PGRST204', 'hint': ). Reintento slim. code=NY-359
2026-08-01 13:35:38  WARNING   Insert full falló ({'message': "Could not find the 'specimen_code' column of 'specimens' in the schema cache", 'code': 'PGRST204', 'hint': ). Reintento slim. code=NY-360
2026-08-01 13:35:40  WARNING   Insert full falló ({'message': "Could not find the 'specimen_code' column of 'specimens' in the schema cache", 'code': 'PGRST204', 'hint': ). Reintento slim. code=NY-361
2026-08-01 13:35:42  WARNING   Insert full falló ({'message': "Could not find the 'specimen_code' column of 'specimens' in the schema cache", 'code': 'PGRST204', 'hint': ). Reintento slim. code=NY-362
2026-08-01 13:35:43  WARNING   Insert full falló ({'message': "Could not find the 'specimen_code' column of 'specimens' in the schema cache", 'code': 'PGRST204', 'hint': ). Reintento slim. code=NY-363
2026-08-01 13:35:45  WARNING   Insert full falló ({'message': "Could not find the 'specimen_code' column of 'specimens' in the schema cache", 'code': 'PGRST204', 'hint': ). Reintento slim. code=NY-364
2026-08-01 13:35:47  WARNING   Insert full falló ({'message': "Could not find the 'specimen_code' column of 'specimens' in the schema cache", 'code': 'PGRST204', 'hint': ). Reintento slim. code=NY-365
2026-08-01 13:35:48  WARNING   Insert full falló ({'message': "Could not find the 'specimen_code' column of 'specimens' in the schema cache", 'code': 'PGRST204', 'hint': ). Reintento slim. code=NY-366
2026-08-01 13:35:50  WARNING   Insert full falló ({'message': "Could not find the 'specimen_code' column of 'specimens' in the schema cache", 'code': 'PGRST204', 'hint': ). Reintento slim. code=NY-367
2026-08-01 13:35:51  WARNING   Insert full falló ({'message': "Could not find the 'specimen_code' column of 'specimens' in the schema cache", 'code': 'PGRST204', 'hint': ). Reintento slim. code=NY-368
2026-08-01 13:35:53  WARNING   Insert full falló ({'message': "Could not find the 'specimen_code' column of 'specimens' in the schema cache", 'code': 'PGRST204', 'hint': ). Reintento slim. code=NY-369
2026-08-01 13:35:55  WARNING   Insert full falló ({'message': "Could not find the 'specimen_code' column of 'specimens' in the schema cache", 'code': 'PGRST204', 'hint': ). Reintento slim. code=NY-370
2026-08-01 13:35:56  WARNING   Insert full falló ({'message': "Could not find the 'specimen_code' column of 'specimens' in the schema cache", 'code': 'PGRST204', 'hint': ). Reintento slim. code=NY-371
2026-08-01 13:35:58  WARNING   Insert full falló ({'message': "Could not find the 'specimen_code' column of 'specimens' in the schema cache", 'code': 'PGRST204', 'hint': ). Reintento slim. code=NY-372
2026-08-01 13:36:00  WARNING   Insert full falló ({'message': "Could not find the 'specimen_code' column of 'specimens' in the schema cache", 'code': 'PGRST204', 'hint': ). Reintento slim. code=NY-373
2026-08-01 13:36:01  WARNING   Insert full falló ({'message': "Could not find the 'specimen_code' column of 'specimens' in the schema cache", 'code': 'PGRST204', 'hint': ). Reintento slim. code=NY-374
2026-08-01 13:36:03  WARNING   Insert full falló ({'message': "Could not find the 'specimen_code' column of 'specimens' in the schema cache", 'code': 'PGRST204', 'hint': ). Reintento slim. code=NY-375
2026-08-01 13:36:05  WARNING   Insert full falló ({'message': "Could not find the 'specimen_code' column of 'specimens' in the schema cache", 'code': 'PGRST204', 'hint': ). Reintento slim. code=NY-376
2026-08-01 13:36:07  WARNING   Insert full falló ({'message': "Could not find the 'specimen_code' column of 'specimens' in the schema cache", 'code': 'PGRST204', 'hint': ). Reintento slim. code=NY-377
2026-08-01 13:36:08  WARNING   Insert full falló ({'message': "Could not find the 'specimen_code' column of 'specimens' in the schema cache", 'code': 'PGRST204', 'hint': ). Reintento slim. code=NY-378
2026-08-01 13:36:10  WARNING   Insert full falló ({'message': "Could not find the 'specimen_code' column of 'specimens' in the schema cache", 'code': 'PGRST204', 'hint': ). Reintento slim. code=NY-379
2026-08-01 13:36:11  WARNING   Insert full falló ({'message': "Could not find the 'specimen_code' column of 'specimens' in the schema cache", 'code': 'PGRST204', 'hint': ). Reintento slim. code=NY-380
2026-08-01 13:36:13  WARNING   Insert full falló ({'message': "Could not find the 'specimen_code' column of 'specimens' in the schema cache", 'code': 'PGRST204', 'hint': ). Reintento slim. code=NY-381
2026-08-01 13:36:14  WARNING   Insert full falló ({'message': "Could not find the 'specimen_code' column of 'specimens' in the schema cache", 'code': 'PGRST204', 'hint': ). Reintento slim. code=NY-382
2026-08-01 13:36:15  WARNING   Insert full falló ({'message': "Could not find the 'specimen_code' column of 'specimens' in the schema cache", 'code': 'PGRST204', 'hint': ). Reintento slim. code=NY-383
2026-08-01 13:36:16  WARNING   Insert full falló ({'message': "Could not find the 'specimen_code' column of 'specimens' in the schema cache", 'code': 'PGRST204', 'hint': ). Reintento slim. code=NY-384
2026-08-01 13:36:18  WARNING   Insert full falló ({'message': "Could not find the 'specimen_code' column of 'specimens' in the schema cache", 'code': 'PGRST204', 'hint': ). Reintento slim. code=NY-385
2026-08-01 13:36:20  WARNING   Insert full falló ({'message': "Could not find the 'specimen_code' column of 'specimens' in the schema cache", 'code': 'PGRST204', 'hint': ). Reintento slim. code=NY-386
2026-08-01 13:36:21  WARNING   Insert full falló ({'message': "Could not find the 'specimen_code' column of 'specimens' in the schema cache", 'code': 'PGRST204', 'hint': ). Reintento slim. code=NY-387
2026-08-01 13:36:23  WARNING   Insert full falló ({'message': "Could not find the 'specimen_code' column of 'specimens' in the schema cache", 'code': 'PGRST204', 'hint': ). Reintento slim. code=NY-388
2026-08-01 13:36:25  WARNING   Insert full falló ({'message': "Could not find the 'specimen_code' column of 'specimens' in the schema cache", 'code': 'PGRST204', 'hint': ). Reintento slim. code=NY-389
2026-08-01 13:36:26  WARNING   Insert full falló ({'message': "Could not find the 'specimen_code' column of 'specimens' in the schema cache", 'code': 'PGRST204', 'hint': ). Reintento slim. code=NY-390
2026-08-01 13:36:28  WARNING   Insert full falló ({'message': "Could not find the 'specimen_code' column of 'specimens' in the schema cache", 'code': 'PGRST204', 'hint': ). Reintento slim. code=NY-391
2026-08-01 13:36:28  WARNING   Insert full falló ({'message': "Could not find the 'specimen_code' column of 'specimens' in the schema cache", 'code': 'PGRST204', 'hint': ). Reintento slim. code=NY-398
2026-08-01 13:36:29  WARNING   Insert full falló ({'message': "Could not find the 'specimen_code' column of 'specimens' in the schema cache", 'code': 'PGRST204', 'hint': ). Reintento slim. code=NY-392
2026-08-01 13:36:30  WARNING   Insert full falló ({'message': "Could not find the 'specimen_code' column of 'specimens' in the schema cache", 'code': 'PGRST204', 'hint': ). Reintento slim. code=NY-399
2026-08-01 13:36:31  WARNING   Insert full falló ({'message': "Could not find the 'specimen_code' column of 'specimens' in the schema cache", 'code': 'PGRST204', 'hint': ). Reintento slim. code=NY-393
2026-08-01 13:36:33  WARNING   Insert full falló ({'message': "Could not find the 'specimen_code' column of 'specimens' in the schema cache", 'code': 'PGRST204', 'hint': ). Reintento slim. code=NY-394
2026-08-01 13:36:33  WARNING   Insert full falló ({'message': "Could not find the 'specimen_code' column of 'specimens' in the schema cache", 'code': 'PGRST204', 'hint': ). Reintento slim. code=NY-400
2026-08-01 13:36:34  WARNING   Insert full falló ({'message': "Could not find the 'specimen_code' column of 'specimens' in the schema cache", 'code': 'PGRST204', 'hint': ). Reintento slim. code=NY-395
2026-08-01 13:36:35  WARNING   Insert full falló ({'message': "Could not find the 'specimen_code' column of 'specimens' in the schema cache", 'code': 'PGRST204', 'hint': ). Reintento slim. code=NY-401
2026-08-01 13:36:36  WARNING   Insert full falló ({'message': "Could not find the 'specimen_code' column of 'specimens' in the schema cache", 'code': 'PGRST204', 'hint': ). Reintento slim. code=NY-402
2026-08-01 13:36:36  WARNING   Insert full falló ({'message': "Could not find the 'specimen_code' column of 'specimens' in the schema cache", 'code': 'PGRST204', 'hint': ). Reintento slim. code=NY-396
2026-08-01 13:36:38  WARNING   Insert full falló ({'message': "Could not find the 'specimen_code' column of 'specimens' in the schema cache", 'code': 'PGRST204', 'hint': ). Reintento slim. code=NY-403
2026-08-01 13:36:38  WARNING   Insert full falló ({'message': "Could not find the 'specimen_code' column of 'specimens' in the schema cache", 'code': 'PGRST204', 'hint': ). Reintento slim. code=NY-397
2026-08-01 13:36:39  WARNING   Insert full falló ({'message': "Could not find the 'specimen_code' column of 'specimens' in the schema cache", 'code': 'PGRST204', 'hint': ). Reintento slim. code=NY-404
2026-08-01 13:36:41  WARNING   Insert full falló ({'message': "Could not find the 'specimen_code' column of 'specimens' in the schema cache", 'code': 'PGRST204', 'hint': ). Reintento slim. code=NY-405
2026-08-01 13:36:44  WARNING   Insert full falló ({'message': "Could not find the 'specimen_code' column of 'specimens' in the schema cache", 'code': 'PGRST204', 'hint': ). Reintento slim. code=NY-406
2026-08-01 13:36:45  WARNING   Insert full falló ({'message': "Could not find the 'specimen_code' column of 'specimens' in the schema cache", 'code': 'PGRST204', 'hint': ). Reintento slim. code=NY-407
2026-08-01 13:36:47  WARNING   Insert full falló ({'message': "Could not find the 'specimen_code' column of 'specimens' in the schema cache", 'code': 'PGRST204', 'hint': ). Reintento slim. code=NY-408
2026-08-01 13:36:49  WARNING   Insert full falló ({'message': "Could not find the 'specimen_code' column of 'specimens' in the schema cache", 'code': 'PGRST204', 'hint': ). Reintento slim. code=NY-409
2026-08-01 13:36:50  WARNING   Insert full falló ({'message': "Could not find the 'specimen_code' column of 'specimens' in the schema cache", 'code': 'PGRST204', 'hint': ). Reintento slim. code=NY-410
2026-08-01 13:36:52  WARNING   Insert full falló ({'message': "Could not find the 'specimen_code' column of 'specimens' in the schema cache", 'code': 'PGRST204', 'hint': ). Reintento slim. code=NY-411
2026-08-01 13:36:53  WARNING   Insert full falló ({'message': "Could not find the 'specimen_code' column of 'specimens' in the schema cache", 'code': 'PGRST204', 'hint': ). Reintento slim. code=NY-412
2026-08-01 13:36:54  WARNING   Insert full falló ({'message': "Could not find the 'specimen_code' column of 'specimens' in the schema cache", 'code': 'PGRST204', 'hint': ). Reintento slim. code=NY-413
2026-08-01 13:36:56  WARNING   Insert full falló ({'message': "Could not find the 'specimen_code' column of 'specimens' in the schema cache", 'code': 'PGRST204', 'hint': ). Reintento slim. code=NY-414
2026-08-01 13:36:58  WARNING   Insert full falló ({'message': "Could not find the 'specimen_code' column of 'specimens' in the schema cache", 'code': 'PGRST204', 'hint': ). Reintento slim. code=NY-415
2026-08-01 13:37:00  WARNING   Insert full falló ({'message': "Could not find the 'specimen_code' column of 'specimens' in the schema cache", 'code': 'PGRST204', 'hint': ). Reintento slim. code=NY-416
2026-08-01 13:37:01  WARNING   Insert full falló ({'message': "Could not find the 'specimen_code' column of 'specimens' in the schema cache", 'code': 'PGRST204', 'hint': ). Reintento slim. code=NY-417
2026-08-01 13:37:03  WARNING   Insert full falló ({'message': "Could not find the 'specimen_code' column of 'specimens' in the schema cache", 'code': 'PGRST204', 'hint': ). Reintento slim. code=NY-418
2026-08-01 13:37:04  WARNING   Insert full falló ({'message': "Could not find the 'specimen_code' column of 'specimens' in the schema cache", 'code': 'PGRST204', 'hint': ). Reintento slim. code=NY-419
2026-08-01 13:37:06  WARNING   Insert full falló ({'message': "Could not find the 'specimen_code' column of 'specimens' in the schema cache", 'code': 'PGRST204', 'hint': ). Reintento slim. code=NY-420
2026-08-01 13:37:08  WARNING   Insert full falló ({'message': "Could not find the 'specimen_code' column of 'specimens' in the schema cache", 'code': 'PGRST204', 'hint': ). Reintento slim. code=NY-421
2026-08-01 13:37:09  WARNING   Insert full falló ({'message': "Could not find the 'specimen_code' column of 'specimens' in the schema cache", 'code': 'PGRST204', 'hint': ). Reintento slim. code=NY-422
2026-08-01 13:37:10  WARNING   Insert full falló ({'message': "Could not find the 'specimen_code' column of 'specimens' in the schema cache", 'code': 'PGRST204', 'hint': ). Reintento slim. code=NY-423
2026-08-01 13:37:12  WARNING   Insert full falló ({'message': "Could not find the 'specimen_code' column of 'specimens' in the schema cache", 'code': 'PGRST204', 'hint': ). Reintento slim. code=NY-424
2026-08-01 13:37:14  WARNING   Insert full falló ({'message': "Could not find the 'specimen_code' column of 'specimens' in the schema cache", 'code': 'PGRST204', 'hint': ). Reintento slim. code=NY-425
2026-08-01 13:37:15  WARNING   Insert full falló ({'message': "Could not find the 'specimen_code' column of 'specimens' in the schema cache", 'code': 'PGRST204', 'hint': ). Reintento slim. code=NY-426
2026-08-01 13:37:16  WARNING   Insert full falló ({'message': "Could not find the 'specimen_code' column of 'specimens' in the schema cache", 'code': 'PGRST204', 'hint': ). Reintento slim. code=NY-427
2026-08-01 13:37:18  WARNING   Insert full falló ({'message': "Could not find the 'specimen_code' column of 'specimens' in the schema cache", 'code': 'PGRST204', 'hint': ). Reintento slim. code=NY-428
2026-08-01 13:37:20  WARNING   Insert full falló ({'message': "Could not find the 'specimen_code' column of 'specimens' in the schema cache", 'code': 'PGRST204', 'hint': ). Reintento slim. code=NY-429
2026-08-01 13:37:22  WARNING   Insert full falló ({'message': "Could not find the 'specimen_code' column of 'specimens' in the schema cache", 'code': 'PGRST204', 'hint': ). Reintento slim. code=NY-430
2026-08-01 13:37:24  WARNING   Insert full falló ({'message': "Could not find the 'specimen_code' column of 'specimens' in the schema cache", 'code': 'PGRST204', 'hint': ). Reintento slim. code=NY-431
2026-08-01 13:37:25  WARNING   Insert full falló ({'message': "Could not find the 'specimen_code' column of 'specimens' in the schema cache", 'code': 'PGRST204', 'hint': ). Reintento slim. code=NY-432
2026-08-01 13:37:26  WARNING   Insert full falló ({'message': "Could not find the 'specimen_code' column of 'specimens' in the schema cache", 'code': 'PGRST204', 'hint': ). Reintento slim. code=NY-433
2026-08-01 13:37:27  WARNING   Insert full falló ({'message': "Could not find the 'specimen_code' column of 'specimens' in the schema cache", 'code': 'PGRST204', 'hint': ). Reintento slim. code=NY-434
2026-08-01 13:44:02  WARNING   Insert full falló ({'message': "Could not find the 'specimen_code' column of 'specimens' in the schema cache", 'code': 'PGRST204', 'hint': ). Reintento slim. code=PA-001
2026-08-01 13:44:04  WARNING   Insert full falló ({'message': "Could not find the 'specimen_code' column of 'specimens' in the schema cache", 'code': 'PGRST204', 'hint': ). Reintento slim. code=PA-002
2026-08-01 13:44:06  WARNING   Insert full falló ({'message': "Could not find the 'specimen_code' column of 'specimens' in the schema cache", 'code': 'PGRST204', 'hint': ). Reintento slim. code=PA-003
2026-08-01 13:44:08  WARNING   Insert full falló ({'message': "Could not find the 'specimen_code' column of 'specimens' in the schema cache", 'code': 'PGRST204', 'hint': ). Reintento slim. code=PA-004
2026-08-01 13:44:10  WARNING   Insert full falló ({'message': "Could not find the 'specimen_code' column of 'specimens' in the schema cache", 'code': 'PGRST204', 'hint': ). Reintento slim. code=PA-005
2026-08-01 13:44:11  WARNING   Insert full falló ({'message': "Could not find the 'specimen_code' column of 'specimens' in the schema cache", 'code': 'PGRST204', 'hint': ). Reintento slim. code=PA-006
2026-08-01 13:44:12  WARNING   Insert full falló ({'message': "Could not find the 'specimen_code' column of 'specimens' in the schema cache", 'code': 'PGRST204', 'hint': ). Reintento slim. code=PA-007
2026-08-01 13:44:14  WARNING   Insert full falló ({'message': "Could not find the 'specimen_code' column of 'specimens' in the schema cache", 'code': 'PGRST204', 'hint': ). Reintento slim. code=PA-008
2026-08-01 13:44:15  WARNING   Insert full falló ({'message': "Could not find the 'specimen_code' column of 'specimens' in the schema cache", 'code': 'PGRST204', 'hint': ). Reintento slim. code=PA-009
2026-08-01 13:44:16  WARNING   Insert full falló ({'message': "Could not find the 'specimen_code' column of 'specimens' in the schema cache", 'code': 'PGRST204', 'hint': ). Reintento slim. code=PA-010
2026-08-01 13:44:18  WARNING   Insert full falló ({'message': "Could not find the 'specimen_code' column of 'specimens' in the schema cache", 'code': 'PGRST204', 'hint': ). Reintento slim. code=PA-011
2026-08-01 13:44:20  WARNING   Insert full falló ({'message': "Could not find the 'specimen_code' column of 'specimens' in the schema cache", 'code': 'PGRST204', 'hint': ). Reintento slim. code=PA-012
2026-08-01 13:44:21  WARNING   Insert full falló ({'message': "Could not find the 'specimen_code' column of 'specimens' in the schema cache", 'code': 'PGRST204', 'hint': ). Reintento slim. code=PA-013
2026-08-01 13:44:23  WARNING   Insert full falló ({'message': "Could not find the 'specimen_code' column of 'specimens' in the schema cache", 'code': 'PGRST204', 'hint': ). Reintento slim. code=PA-014
2026-08-01 13:44:25  WARNING   Insert full falló ({'message': "Could not find the 'specimen_code' column of 'specimens' in the schema cache", 'code': 'PGRST204', 'hint': ). Reintento slim. code=PA-015
2026-08-01 13:44:26  WARNING   Insert full falló ({'message': "Could not find the 'specimen_code' column of 'specimens' in the schema cache", 'code': 'PGRST204', 'hint': ). Reintento slim. code=PA-016
2026-08-01 13:44:28  WARNING   Insert full falló ({'message': "Could not find the 'specimen_code' column of 'specimens' in the schema cache", 'code': 'PGRST204', 'hint': ). Reintento slim. code=PA-017
2026-08-01 13:44:29  WARNING   Insert full falló ({'message': "Could not find the 'specimen_code' column of 'specimens' in the schema cache", 'code': 'PGRST204', 'hint': ). Reintento slim. code=PA-018
2026-08-01 13:44:31  WARNING   Insert full falló ({'message': "Could not find the 'specimen_code' column of 'specimens' in the schema cache", 'code': 'PGRST204', 'hint': ). Reintento slim. code=PA-019
2026-08-01 13:44:32  WARNING   Insert full falló ({'message': "Could not find the 'specimen_code' column of 'specimens' in the schema cache", 'code': 'PGRST204', 'hint': ). Reintento slim. code=PA-020
2026-08-01 13:44:34  WARNING   Insert full falló ({'message': "Could not find the 'specimen_code' column of 'specimens' in the schema cache", 'code': 'PGRST204', 'hint': ). Reintento slim. code=PA-021
2026-08-01 13:44:35  WARNING   Insert full falló ({'message': "Could not find the 'specimen_code' column of 'specimens' in the schema cache", 'code': 'PGRST204', 'hint': ). Reintento slim. code=PA-022
2026-08-01 13:44:36  WARNING   Insert full falló ({'message': "Could not find the 'specimen_code' column of 'specimens' in the schema cache", 'code': 'PGRST204', 'hint': ). Reintento slim. code=PA-023
2026-08-01 13:44:37  WARNING   Insert full falló ({'message': "Could not find the 'specimen_code' column of 'specimens' in the schema cache", 'code': 'PGRST204', 'hint': ). Reintento slim. code=PA-024
2026-08-01 13:44:40  WARNING   Insert full falló ({'message': "Could not find the 'specimen_code' column of 'specimens' in the schema cache", 'code': 'PGRST204', 'hint': ). Reintento slim. code=PA-025
2026-08-01 13:44:41  WARNING   Insert full falló ({'message': "Could not find the 'specimen_code' column of 'specimens' in the schema cache", 'code': 'PGRST204', 'hint': ). Reintento slim. code=PA-026
2026-08-01 13:44:42  WARNING   Insert full falló ({'message': "Could not find the 'specimen_code' column of 'specimens' in the schema cache", 'code': 'PGRST204', 'hint': ). Reintento slim. code=PA-027
2026-08-01 13:44:45  WARNING   Insert full falló ({'message': "Could not find the 'specimen_code' column of 'specimens' in the schema cache", 'code': 'PGRST204', 'hint': ). Reintento slim. code=PA-028
2026-08-01 13:44:46  WARNING   Insert full falló ({'message': "Could not find the 'specimen_code' column of 'specimens' in the schema cache", 'code': 'PGRST204', 'hint': ). Reintento slim. code=PA-029
2026-08-01 13:44:48  WARNING   Insert full falló ({'message': "Could not find the 'specimen_code' column of 'specimens' in the schema cache", 'code': 'PGRST204', 'hint': ). Reintento slim. code=PA-030
2026-08-01 13:44:49  WARNING   Insert full falló ({'message': "Could not find the 'specimen_code' column of 'specimens' in the schema cache", 'code': 'PGRST204', 'hint': ). Reintento slim. code=PA-031
2026-08-01 13:44:51  WARNING   Insert full falló ({'message': "Could not find the 'specimen_code' column of 'specimens' in the schema cache", 'code': 'PGRST204', 'hint': ). Reintento slim. code=PA-032
2026-08-01 13:44:52  WARNING   Insert full falló ({'message': "Could not find the 'specimen_code' column of 'specimens' in the schema cache", 'code': 'PGRST204', 'hint': ). Reintento slim. code=PA-033
2026-08-01 13:44:54  WARNING   Insert full falló ({'message': "Could not find the 'specimen_code' column of 'specimens' in the schema cache", 'code': 'PGRST204', 'hint': ). Reintento slim. code=PA-034
2026-08-01 13:44:55  WARNING   Insert full falló ({'message': "Could not find the 'specimen_code' column of 'specimens' in the schema cache", 'code': 'PGRST204', 'hint': ). Reintento slim. code=PA-035
2026-08-01 13:44:56  WARNING   Insert full falló ({'message': "Could not find the 'specimen_code' column of 'specimens' in the schema cache", 'code': 'PGRST204', 'hint': ). Reintento slim. code=PA-036
2026-08-01 13:44:58  WARNING   Insert full falló ({'message': "Could not find the 'specimen_code' column of 'specimens' in the schema cache", 'code': 'PGRST204', 'hint': ). Reintento slim. code=PA-037
2026-08-01 13:44:59  WARNING   Insert full falló ({'message': "Could not find the 'specimen_code' column of 'specimens' in the schema cache", 'code': 'PGRST204', 'hint': ). Reintento slim. code=PA-038
2026-08-01 13:45:00  WARNING   Insert full falló ({'message': "Could not find the 'specimen_code' column of 'specimens' in the schema cache", 'code': 'PGRST204', 'hint': ). Reintento slim. code=PA-039
2026-08-01 13:45:02  WARNING   Insert full falló ({'message': "Could not find the 'specimen_code' column of 'specimens' in the schema cache", 'code': 'PGRST204', 'hint': ). Reintento slim. code=PA-040
2026-08-01 13:45:03  WARNING   Insert full falló ({'message': "Could not find the 'specimen_code' column of 'specimens' in the schema cache", 'code': 'PGRST204', 'hint': ). Reintento slim. code=PA-041
2026-08-01 13:45:04  WARNING   Insert full falló ({'message': "Could not find the 'specimen_code' column of 'specimens' in the schema cache", 'code': 'PGRST204', 'hint': ). Reintento slim. code=PA-042
2026-08-01 13:45:06  WARNING   Insert full falló ({'message': "Could not find the 'specimen_code' column of 'specimens' in the schema cache", 'code': 'PGRST204', 'hint': ). Reintento slim. code=PA-043
2026-08-01 13:45:08  WARNING   Insert full falló ({'message': "Could not find the 'specimen_code' column of 'specimens' in the schema cache", 'code': 'PGRST204', 'hint': ). Reintento slim. code=PA-044
2026-08-01 13:45:09  WARNING   Insert full falló ({'message': "Could not find the 'specimen_code' column of 'specimens' in the schema cache", 'code': 'PGRST204', 'hint': ). Reintento slim. code=PA-045
2026-08-01 13:45:11  WARNING   Insert full falló ({'message': "Could not find the 'specimen_code' column of 'specimens' in the schema cache", 'code': 'PGRST204', 'hint': ). Reintento slim. code=PA-046
2026-08-01 13:45:13  WARNING   Insert full falló ({'message': "Could not find the 'specimen_code' column of 'specimens' in the schema cache", 'code': 'PGRST204', 'hint': ). Reintento slim. code=PA-047
2026-08-01 13:45:14  WARNING   Insert full falló ({'message': "Could not find the 'specimen_code' column of 'specimens' in the schema cache", 'code': 'PGRST204', 'hint': ). Reintento slim. code=PA-048
2026-08-01 13:45:16  WARNING   Insert full falló ({'message': "Could not find the 'specimen_code' column of 'specimens' in the schema cache", 'code': 'PGRST204', 'hint': ). Reintento slim. code=PA-049
2026-08-01 13:45:17  WARNING   Insert full falló ({'message': "Could not find the 'specimen_code' column of 'specimens' in the schema cache", 'code': 'PGRST204', 'hint': ). Reintento slim. code=PA-050
2026-08-01 13:45:19  WARNING   Insert full falló ({'message': "Could not find the 'specimen_code' column of 'specimens' in the schema cache", 'code': 'PGRST204', 'hint': ). Reintento slim. code=PA-051
2026-08-01 13:45:21  WARNING   Insert full falló ({'message': "Could not find the 'specimen_code' column of 'specimens' in the schema cache", 'code': 'PGRST204', 'hint': ). Reintento slim. code=PA-052
2026-08-01 13:45:22  WARNING   Insert full falló ({'message': "Could not find the 'specimen_code' column of 'specimens' in the schema cache", 'code': 'PGRST204', 'hint': ). Reintento slim. code=PA-053
2026-08-01 13:45:24  WARNING   Insert full falló ({'message': "Could not find the 'specimen_code' column of 'specimens' in the schema cache", 'code': 'PGRST204', 'hint': ). Reintento slim. code=PA-054
2026-08-01 13:45:25  WARNING   Insert full falló ({'message': "Could not find the 'specimen_code' column of 'specimens' in the schema cache", 'code': 'PGRST204', 'hint': ). Reintento slim. code=PA-055
2026-08-01 13:45:28  WARNING   Insert full falló ({'message': "Could not find the 'specimen_code' column of 'specimens' in the schema cache", 'code': 'PGRST204', 'hint': ). Reintento slim. code=PA-056
2026-08-01 13:45:29  WARNING   Insert full falló ({'message': "Could not find the 'specimen_code' column of 'specimens' in the schema cache", 'code': 'PGRST204', 'hint': ). Reintento slim. code=PA-057
2026-08-01 13:45:31  WARNING   Insert full falló ({'message': "Could not find the 'specimen_code' column of 'specimens' in the schema cache", 'code': 'PGRST204', 'hint': ). Reintento slim. code=PA-058
2026-08-01 13:45:33  WARNING   Insert full falló ({'message': "Could not find the 'specimen_code' column of 'specimens' in the schema cache", 'code': 'PGRST204', 'hint': ). Reintento slim. code=PA-059
2026-08-01 13:45:35  WARNING   Insert full falló ({'message': "Could not find the 'specimen_code' column of 'specimens' in the schema cache", 'code': 'PGRST204', 'hint': ). Reintento slim. code=PA-060
2026-08-01 13:45:36  WARNING   Insert full falló ({'message': "Could not find the 'specimen_code' column of 'specimens' in the schema cache", 'code': 'PGRST204', 'hint': ). Reintento slim. code=PA-061
2026-08-01 13:45:38  WARNING   Insert full falló ({'message': "Could not find the 'specimen_code' column of 'specimens' in the schema cache", 'code': 'PGRST204', 'hint': ). Reintento slim. code=PA-062
2026-08-01 13:45:39  WARNING   Insert full falló ({'message': "Could not find the 'specimen_code' column of 'specimens' in the schema cache", 'code': 'PGRST204', 'hint': ). Reintento slim. code=PA-063
2026-08-01 13:45:41  WARNING   Insert full falló ({'message': "Could not find the 'specimen_code' column of 'specimens' in the schema cache", 'code': 'PGRST204', 'hint': ). Reintento slim. code=PA-064
2026-08-01 13:45:42  WARNING   Insert full falló ({'message': "Could not find the 'specimen_code' column of 'specimens' in the schema cache", 'code': 'PGRST204', 'hint': ). Reintento slim. code=PA-065
2026-08-01 13:45:43  WARNING   Insert full falló ({'message': "Could not find the 'specimen_code' column of 'specimens' in the schema cache", 'code': 'PGRST204', 'hint': ). Reintento slim. code=PA-066
2026-08-01 13:45:45  WARNING   Insert full falló ({'message': "Could not find the 'specimen_code' column of 'specimens' in the schema cache", 'code': 'PGRST204', 'hint': ). Reintento slim. code=PA-067
2026-08-01 13:45:47  WARNING   Insert full falló ({'message': "Could not find the 'specimen_code' column of 'specimens' in the schema cache", 'code': 'PGRST204', 'hint': ). Reintento slim. code=PA-068
2026-08-01 13:45:48  WARNING   Insert full falló ({'message': "Could not find the 'specimen_code' column of 'specimens' in the schema cache", 'code': 'PGRST204', 'hint': ). Reintento slim. code=PA-069
2026-08-01 13:45:50  WARNING   Insert full falló ({'message': "Could not find the 'specimen_code' column of 'specimens' in the schema cache", 'code': 'PGRST204', 'hint': ). Reintento slim. code=PA-070
2026-08-01 13:45:51  WARNING   Insert full falló ({'message': "Could not find the 'specimen_code' column of 'specimens' in the schema cache", 'code': 'PGRST204', 'hint': ). Reintento slim. code=PA-071
2026-08-01 13:45:54  WARNING   Insert full falló ({'message': "Could not find the 'specimen_code' column of 'specimens' in the schema cache", 'code': 'PGRST204', 'hint': ). Reintento slim. code=MO-074
2026-08-01 13:45:56  WARNING   Insert full falló ({'message': "Could not find the 'specimen_code' column of 'specimens' in the schema cache", 'code': 'PGRST204', 'hint': ). Reintento slim. code=PA-072
2026-08-01 13:45:58  WARNING   Insert full falló ({'message': "Could not find the 'specimen_code' column of 'specimens' in the schema cache", 'code': 'PGRST204', 'hint': ). Reintento slim. code=PA-073
2026-08-01 13:45:59  WARNING   Insert full falló ({'message': "Could not find the 'specimen_code' column of 'specimens' in the schema cache", 'code': 'PGRST204', 'hint': ). Reintento slim. code=PA-074
2026-08-01 13:46:01  WARNING   Insert full falló ({'message': "Could not find the 'specimen_code' column of 'specimens' in the schema cache", 'code': 'PGRST204', 'hint': ). Reintento slim. code=PA-075
2026-08-01 13:46:02  WARNING   Insert full falló ({'message': "Could not find the 'specimen_code' column of 'specimens' in the schema cache", 'code': 'PGRST204', 'hint': ). Reintento slim. code=PA-076
2026-08-01 13:46:04  WARNING   Insert full falló ({'message': "Could not find the 'specimen_code' column of 'specimens' in the schema cache", 'code': 'PGRST204', 'hint': ). Reintento slim. code=PA-077
2026-08-01 13:46:06  WARNING   Insert full falló ({'message': "Could not find the 'specimen_code' column of 'specimens' in the schema cache", 'code': 'PGRST204', 'hint': ). Reintento slim. code=PA-078
2026-08-01 13:46:07  WARNING   Insert full falló ({'message': "Could not find the 'specimen_code' column of 'specimens' in the schema cache", 'code': 'PGRST204', 'hint': ). Reintento slim. code=PA-079
2026-08-01 13:46:09  WARNING   Insert full falló ({'message': "Could not find the 'specimen_code' column of 'specimens' in the schema cache", 'code': 'PGRST204', 'hint': ). Reintento slim. code=PA-080
2026-08-01 13:46:11  WARNING   Insert full falló ({'message': "Could not find the 'specimen_code' column of 'specimens' in the schema cache", 'code': 'PGRST204', 'hint': ). Reintento slim. code=PA-081
2026-08-01 13:46:12  WARNING   Insert full falló ({'message': "Could not find the 'specimen_code' column of 'specimens' in the schema cache", 'code': 'PGRST204', 'hint': ). Reintento slim. code=PA-082
2026-08-01 13:46:14  WARNING   Insert full falló ({'message': "Could not find the 'specimen_code' column of 'specimens' in the schema cache", 'code': 'PGRST204', 'hint': ). Reintento slim. code=PA-083
2026-08-01 13:46:15  WARNING   Insert full falló ({'message': "Could not find the 'specimen_code' column of 'specimens' in the schema cache", 'code': 'PGRST204', 'hint': ). Reintento slim. code=PA-084
2026-08-01 13:46:17  WARNING   Insert full falló ({'message': "Could not find the 'specimen_code' column of 'specimens' in the schema cache", 'code': 'PGRST204', 'hint': ). Reintento slim. code=PA-085
2026-08-01 13:46:19  WARNING   Insert full falló ({'message': "Could not find the 'specimen_code' column of 'specimens' in the schema cache", 'code': 'PGRST204', 'hint': ). Reintento slim. code=PA-086
2026-08-01 13:46:21  WARNING   Insert full falló ({'message': "Could not find the 'specimen_code' column of 'specimens' in the schema cache", 'code': 'PGRST204', 'hint': ). Reintento slim. code=PA-087
2026-08-01 13:46:23  WARNING   Insert full falló ({'message': "Could not find the 'specimen_code' column of 'specimens' in the schema cache", 'code': 'PGRST204', 'hint': ). Reintento slim. code=PA-088
2026-08-01 13:46:24  WARNING   Insert full falló ({'message': "Could not find the 'specimen_code' column of 'specimens' in the schema cache", 'code': 'PGRST204', 'hint': ). Reintento slim. code=PA-089
2026-08-01 13:46:26  WARNING   Insert full falló ({'message': "Could not find the 'specimen_code' column of 'specimens' in the schema cache", 'code': 'PGRST204', 'hint': ). Reintento slim. code=PA-090
2026-08-01 13:46:27  WARNING   Insert full falló ({'message': "Could not find the 'specimen_code' column of 'specimens' in the schema cache", 'code': 'PGRST204', 'hint': ). Reintento slim. code=PA-091
2026-08-01 13:46:29  WARNING   Insert full falló ({'message': "Could not find the 'specimen_code' column of 'specimens' in the schema cache", 'code': 'PGRST204', 'hint': ). Reintento slim. code=PA-092
2026-08-01 13:46:31  WARNING   Insert full falló ({'message': "Could not find the 'specimen_code' column of 'specimens' in the schema cache", 'code': 'PGRST204', 'hint': ). Reintento slim. code=PA-093
2026-08-01 13:46:33  WARNING   Insert full falló ({'message': "Could not find the 'specimen_code' column of 'specimens' in the schema cache", 'code': 'PGRST204', 'hint': ). Reintento slim. code=PA-094
2026-08-01 13:46:35  WARNING   Insert full falló ({'message': "Could not find the 'specimen_code' column of 'specimens' in the schema cache", 'code': 'PGRST204', 'hint': ). Reintento slim. code=PA-095
2026-08-01 13:46:36  WARNING   Insert full falló ({'message': "Could not find the 'specimen_code' column of 'specimens' in the schema cache", 'code': 'PGRST204', 'hint': ). Reintento slim. code=PA-096
2026-08-01 13:46:38  WARNING   Insert full falló ({'message': "Could not find the 'specimen_code' column of 'specimens' in the schema cache", 'code': 'PGRST204', 'hint': ). Reintento slim. code=PA-097
2026-08-01 13:46:39  WARNING   Insert full falló ({'message': "Could not find the 'specimen_code' column of 'specimens' in the schema cache", 'code': 'PGRST204', 'hint': ). Reintento slim. code=PA-098
2026-08-01 13:46:41  WARNING   Insert full falló ({'message': "Could not find the 'specimen_code' column of 'specimens' in the schema cache", 'code': 'PGRST204', 'hint': ). Reintento slim. code=PA-099
2026-08-01 13:46:53  WARNING   Insert full falló ({'message': "Could not find the 'specimen_code' column of 'specimens' in the schema cache", 'code': 'PGRST204', 'hint': ). Reintento slim. code=PA-100
2026-08-01 13:46:55  WARNING   Insert full falló ({'message': "Could not find the 'specimen_code' column of 'specimens' in the schema cache", 'code': 'PGRST204', 'hint': ). Reintento slim. code=PA-101
2026-08-01 13:46:57  WARNING   Insert full falló ({'message': "Could not find the 'specimen_code' column of 'specimens' in the schema cache", 'code': 'PGRST204', 'hint': ). Reintento slim. code=PA-102
2026-08-01 13:46:58  WARNING   Insert full falló ({'message': "Could not find the 'specimen_code' column of 'specimens' in the schema cache", 'code': 'PGRST204', 'hint': ). Reintento slim. code=PA-103
2026-08-01 13:47:00  WARNING   Insert full falló ({'message': "Could not find the 'specimen_code' column of 'specimens' in the schema cache", 'code': 'PGRST204', 'hint': ). Reintento slim. code=PA-104
2026-08-01 13:47:02  WARNING   Insert full falló ({'message': "Could not find the 'specimen_code' column of 'specimens' in the schema cache", 'code': 'PGRST204', 'hint': ). Reintento slim. code=PA-105
2026-08-01 13:47:04  WARNING   Insert full falló ({'message': "Could not find the 'specimen_code' column of 'specimens' in the schema cache", 'code': 'PGRST204', 'hint': ). Reintento slim. code=PA-106
2026-08-01 13:47:05  WARNING   Insert full falló ({'message': "Could not find the 'specimen_code' column of 'specimens' in the schema cache", 'code': 'PGRST204', 'hint': ). Reintento slim. code=PA-107
2026-08-01 13:52:44  WARNING   Insert full falló ({'message': "Could not find the 'specimen_code' column of 'specimens' in the schema cache", 'code': 'PGRST204', 'hint': ). Reintento slim. code=PI-001
2026-08-01 13:52:46  WARNING   Insert full falló ({'message': "Could not find the 'specimen_code' column of 'specimens' in the schema cache", 'code': 'PGRST204', 'hint': ). Reintento slim. code=PI-002
2026-08-01 13:52:47  WARNING   Insert full falló ({'message': "Could not find the 'specimen_code' column of 'specimens' in the schema cache", 'code': 'PGRST204', 'hint': ). Reintento slim. code=PI-003
2026-08-01 13:52:49  WARNING   Insert full falló ({'message': "Could not find the 'specimen_code' column of 'specimens' in the schema cache", 'code': 'PGRST204', 'hint': ). Reintento slim. code=PI-004
2026-08-01 13:52:51  WARNING   Insert full falló ({'message': "Could not find the 'specimen_code' column of 'specimens' in the schema cache", 'code': 'PGRST204', 'hint': ). Reintento slim. code=PI-005
2026-08-01 13:52:53  WARNING   Insert full falló ({'message': "Could not find the 'specimen_code' column of 'specimens' in the schema cache", 'code': 'PGRST204', 'hint': ). Reintento slim. code=PI-006
2026-08-01 13:52:54  WARNING   Insert full falló ({'message': "Could not find the 'specimen_code' column of 'specimens' in the schema cache", 'code': 'PGRST204', 'hint': ). Reintento slim. code=PI-007
2026-08-01 13:52:56  WARNING   Insert full falló ({'message': "Could not find the 'specimen_code' column of 'specimens' in the schema cache", 'code': 'PGRST204', 'hint': ). Reintento slim. code=PI-008
2026-08-01 13:52:57  WARNING   Insert full falló ({'message': "Could not find the 'specimen_code' column of 'specimens' in the schema cache", 'code': 'PGRST204', 'hint': ). Reintento slim. code=PI-009
2026-08-01 13:52:59  WARNING   Insert full falló ({'message': "Could not find the 'specimen_code' column of 'specimens' in the schema cache", 'code': 'PGRST204', 'hint': ). Reintento slim. code=PI-010
2026-08-01 13:53:01  WARNING   Insert full falló ({'message': "Could not find the 'specimen_code' column of 'specimens' in the schema cache", 'code': 'PGRST204', 'hint': ). Reintento slim. code=PI-011
2026-08-01 13:53:03  WARNING   Insert full falló ({'message': "Could not find the 'specimen_code' column of 'specimens' in the schema cache", 'code': 'PGRST204', 'hint': ). Reintento slim. code=PI-012
2026-08-01 13:53:05  WARNING   Insert full falló ({'message': "Could not find the 'specimen_code' column of 'specimens' in the schema cache", 'code': 'PGRST204', 'hint': ). Reintento slim. code=PI-013
2026-08-01 13:53:07  WARNING   Insert full falló ({'message': "Could not find the 'specimen_code' column of 'specimens' in the schema cache", 'code': 'PGRST204', 'hint': ). Reintento slim. code=PI-014
2026-08-01 13:53:08  WARNING   Insert full falló ({'message': "Could not find the 'specimen_code' column of 'specimens' in the schema cache", 'code': 'PGRST204', 'hint': ). Reintento slim. code=PI-015
2026-08-01 13:53:10  WARNING   Insert full falló ({'message': "Could not find the 'specimen_code' column of 'specimens' in the schema cache", 'code': 'PGRST204', 'hint': ). Reintento slim. code=PI-016
2026-08-01 13:53:12  WARNING   Insert full falló ({'message': "Could not find the 'specimen_code' column of 'specimens' in the schema cache", 'code': 'PGRST204', 'hint': ). Reintento slim. code=PI-017
2026-08-01 13:53:13  WARNING   Insert full falló ({'message': "Could not find the 'specimen_code' column of 'specimens' in the schema cache", 'code': 'PGRST204', 'hint': ). Reintento slim. code=PI-018
2026-08-01 13:53:15  WARNING   Insert full falló ({'message': "Could not find the 'specimen_code' column of 'specimens' in the schema cache", 'code': 'PGRST204', 'hint': ). Reintento slim. code=PI-019
2026-08-01 13:53:17  WARNING   Insert full falló ({'message': "Could not find the 'specimen_code' column of 'specimens' in the schema cache", 'code': 'PGRST204', 'hint': ). Reintento slim. code=PI-020
2026-08-01 13:53:20  WARNING   Insert full falló ({'message': "Could not find the 'specimen_code' column of 'specimens' in the schema cache", 'code': 'PGRST204', 'hint': ). Reintento slim. code=PI-021
2026-08-01 13:53:21  WARNING   Insert full falló ({'message': "Could not find the 'specimen_code' column of 'specimens' in the schema cache", 'code': 'PGRST204', 'hint': ). Reintento slim. code=PI-022
2026-08-01 13:53:23  WARNING   Insert full falló ({'message': "Could not find the 'specimen_code' column of 'specimens' in the schema cache", 'code': 'PGRST204', 'hint': ). Reintento slim. code=PI-023
2026-08-01 13:53:25  WARNING   Insert full falló ({'message': "Could not find the 'specimen_code' column of 'specimens' in the schema cache", 'code': 'PGRST204', 'hint': ). Reintento slim. code=PI-024
2026-08-01 13:53:27  WARNING   Insert full falló ({'message': "Could not find the 'specimen_code' column of 'specimens' in the schema cache", 'code': 'PGRST204', 'hint': ). Reintento slim. code=PI-025
2026-08-01 13:53:29  WARNING   Insert full falló ({'message': "Could not find the 'specimen_code' column of 'specimens' in the schema cache", 'code': 'PGRST204', 'hint': ). Reintento slim. code=PI-026
2026-08-01 13:53:31  WARNING   Insert full falló ({'message': "Could not find the 'specimen_code' column of 'specimens' in the schema cache", 'code': 'PGRST204', 'hint': ). Reintento slim. code=PI-027
2026-08-01 13:53:32  WARNING   Insert full falló ({'message': "Could not find the 'specimen_code' column of 'specimens' in the schema cache", 'code': 'PGRST204', 'hint': ). Reintento slim. code=PI-028
2026-08-01 13:53:35  WARNING   Insert full falló ({'message': "Could not find the 'specimen_code' column of 'specimens' in the schema cache", 'code': 'PGRST204', 'hint': ). Reintento slim. code=PI-029
2026-08-01 13:53:36  WARNING   Insert full falló ({'message': "Could not find the 'specimen_code' column of 'specimens' in the schema cache", 'code': 'PGRST204', 'hint': ). Reintento slim. code=PI-030
2026-08-01 13:53:38  WARNING   Insert full falló ({'message': "Could not find the 'specimen_code' column of 'specimens' in the schema cache", 'code': 'PGRST204', 'hint': ). Reintento slim. code=PI-031
2026-08-01 13:53:40  WARNING   Insert full falló ({'message': "Could not find the 'specimen_code' column of 'specimens' in the schema cache", 'code': 'PGRST204', 'hint': ). Reintento slim. code=PI-032
2026-08-01 13:53:42  WARNING   Insert full falló ({'message': "Could not find the 'specimen_code' column of 'specimens' in the schema cache", 'code': 'PGRST204', 'hint': ). Reintento slim. code=PI-033
2026-08-01 13:53:43  WARNING   Insert full falló ({'message': "Could not find the 'specimen_code' column of 'specimens' in the schema cache", 'code': 'PGRST204', 'hint': ). Reintento slim. code=PI-034
2026-08-01 13:53:45  WARNING   Insert full falló ({'message': "Could not find the 'specimen_code' column of 'specimens' in the schema cache", 'code': 'PGRST204', 'hint': ). Reintento slim. code=PI-035
2026-08-01 13:53:46  WARNING   Insert full falló ({'message': "Could not find the 'specimen_code' column of 'specimens' in the schema cache", 'code': 'PGRST204', 'hint': ). Reintento slim. code=PI-036
2026-08-01 13:53:48  WARNING   Insert full falló ({'message': "Could not find the 'specimen_code' column of 'specimens' in the schema cache", 'code': 'PGRST204', 'hint': ). Reintento slim. code=PI-037
2026-08-01 13:53:49  WARNING   Insert full falló ({'message': "Could not find the 'specimen_code' column of 'specimens' in the schema cache", 'code': 'PGRST204', 'hint': ). Reintento slim. code=PI-038
2026-08-01 13:53:50  WARNING   Insert full falló ({'message': "Could not find the 'specimen_code' column of 'specimens' in the schema cache", 'code': 'PGRST204', 'hint': ). Reintento slim. code=PI-039
2026-08-01 13:53:52  WARNING   Insert full falló ({'message': "Could not find the 'specimen_code' column of 'specimens' in the schema cache", 'code': 'PGRST204', 'hint': ). Reintento slim. code=PI-040
2026-08-01 13:53:54  WARNING   Insert full falló ({'message': "Could not find the 'specimen_code' column of 'specimens' in the schema cache", 'code': 'PGRST204', 'hint': ). Reintento slim. code=PI-041
2026-08-01 13:53:56  WARNING   Insert full falló ({'message': "Could not find the 'specimen_code' column of 'specimens' in the schema cache", 'code': 'PGRST204', 'hint': ). Reintento slim. code=PI-042
2026-08-01 13:53:58  WARNING   Insert full falló ({'message': "Could not find the 'specimen_code' column of 'specimens' in the schema cache", 'code': 'PGRST204', 'hint': ). Reintento slim. code=PI-043
2026-08-01 13:54:00  WARNING   Insert full falló ({'message': "Could not find the 'specimen_code' column of 'specimens' in the schema cache", 'code': 'PGRST204', 'hint': ). Reintento slim. code=PI-044
2026-08-01 13:54:02  WARNING   Insert full falló ({'message': "Could not find the 'specimen_code' column of 'specimens' in the schema cache", 'code': 'PGRST204', 'hint': ). Reintento slim. code=PI-045
2026-08-01 13:54:03  WARNING   Insert full falló ({'message': "Could not find the 'specimen_code' column of 'specimens' in the schema cache", 'code': 'PGRST204', 'hint': ). Reintento slim. code=PI-046
2026-08-01 13:54:05  WARNING   Insert full falló ({'message': "Could not find the 'specimen_code' column of 'specimens' in the schema cache", 'code': 'PGRST204', 'hint': ). Reintento slim. code=PI-047
2026-08-01 13:54:07  WARNING   Insert full falló ({'message': "Could not find the 'specimen_code' column of 'specimens' in the schema cache", 'code': 'PGRST204', 'hint': ). Reintento slim. code=PI-048
2026-08-01 13:54:08  WARNING   Insert full falló ({'message': "Could not find the 'specimen_code' column of 'specimens' in the schema cache", 'code': 'PGRST204', 'hint': ). Reintento slim. code=PI-049
2026-08-01 13:54:10  WARNING   Insert full falló ({'message': "Could not find the 'specimen_code' column of 'specimens' in the schema cache", 'code': 'PGRST204', 'hint': ). Reintento slim. code=PI-050
2026-08-01 13:54:11  WARNING   Insert full falló ({'message': "Could not find the 'specimen_code' column of 'specimens' in the schema cache", 'code': 'PGRST204', 'hint': ). Reintento slim. code=PI-051
2026-08-01 13:54:13  WARNING   Insert full falló ({'message': "Could not find the 'specimen_code' column of 'specimens' in the schema cache", 'code': 'PGRST204', 'hint': ). Reintento slim. code=PI-052
2026-08-01 13:54:14  WARNING   Insert full falló ({'message': "Could not find the 'specimen_code' column of 'specimens' in the schema cache", 'code': 'PGRST204', 'hint': ). Reintento slim. code=PI-053
2026-08-01 13:54:16  WARNING   Insert full falló ({'message': "Could not find the 'specimen_code' column of 'specimens' in the schema cache", 'code': 'PGRST204', 'hint': ). Reintento slim. code=PI-054
2026-08-01 13:54:17  WARNING   Insert full falló ({'message': "Could not find the 'specimen_code' column of 'specimens' in the schema cache", 'code': 'PGRST204', 'hint': ). Reintento slim. code=PI-055
2026-08-01 13:54:19  WARNING   Insert full falló ({'message': "Could not find the 'specimen_code' column of 'specimens' in the schema cache", 'code': 'PGRST204', 'hint': ). Reintento slim. code=PI-056
2026-08-01 13:54:21  WARNING   Insert full falló ({'message': "Could not find the 'specimen_code' column of 'specimens' in the schema cache", 'code': 'PGRST204', 'hint': ). Reintento slim. code=PI-057
2026-08-01 13:54:22  WARNING   Insert full falló ({'message': "Could not find the 'specimen_code' column of 'specimens' in the schema cache", 'code': 'PGRST204', 'hint': ). Reintento slim. code=PI-058
2026-08-01 13:54:24  WARNING   Insert full falló ({'message': "Could not find the 'specimen_code' column of 'specimens' in the schema cache", 'code': 'PGRST204', 'hint': ). Reintento slim. code=PI-059
2026-08-01 13:54:25  WARNING   Insert full falló ({'message': "Could not find the 'specimen_code' column of 'specimens' in the schema cache", 'code': 'PGRST204', 'hint': ). Reintento slim. code=PI-060
2026-08-01 13:54:27  WARNING   Insert full falló ({'message': "Could not find the 'specimen_code' column of 'specimens' in the schema cache", 'code': 'PGRST204', 'hint': ). Reintento slim. code=PI-061
2026-08-01 13:54:28  WARNING   Insert full falló ({'message': "Could not find the 'specimen_code' column of 'specimens' in the schema cache", 'code': 'PGRST204', 'hint': ). Reintento slim. code=PI-062
2026-08-01 13:54:29  WARNING   Insert full falló ({'message': "Could not find the 'specimen_code' column of 'specimens' in the schema cache", 'code': 'PGRST204', 'hint': ). Reintento slim. code=PI-063
2026-08-01 13:54:31  WARNING   Insert full falló ({'message': "Could not find the 'specimen_code' column of 'specimens' in the schema cache", 'code': 'PGRST204', 'hint': ). Reintento slim. code=PI-064
2026-08-01 13:54:32  WARNING   Insert full falló ({'message': "Could not find the 'specimen_code' column of 'specimens' in the schema cache", 'code': 'PGRST204', 'hint': ). Reintento slim. code=PI-065
2026-08-01 13:54:33  WARNING   Insert full falló ({'message': "Could not find the 'specimen_code' column of 'specimens' in the schema cache", 'code': 'PGRST204', 'hint': ). Reintento slim. code=PI-066
2026-08-01 13:54:35  WARNING   Insert full falló ({'message': "Could not find the 'specimen_code' column of 'specimens' in the schema cache", 'code': 'PGRST204', 'hint': ). Reintento slim. code=PI-067
2026-08-01 13:54:37  WARNING   Insert full falló ({'message': "Could not find the 'specimen_code' column of 'specimens' in the schema cache", 'code': 'PGRST204', 'hint': ). Reintento slim. code=PI-068
2026-08-01 14:01:31  WARNING   Insert full falló ({'message': "Could not find the 'specimen_code' column of 'specimens' in the schema cache", 'code': 'PGRST204', 'hint': ). Reintento slim. code=ST-001
2026-08-01 14:01:32  WARNING   Insert full falló ({'message': "Could not find the 'specimen_code' column of 'specimens' in the schema cache", 'code': 'PGRST204', 'hint': ). Reintento slim. code=ST-002
2026-08-01 14:01:34  WARNING   Insert full falló ({'message': "Could not find the 'specimen_code' column of 'specimens' in the schema cache", 'code': 'PGRST204', 'hint': ). Reintento slim. code=ST-003
2026-08-01 14:01:35  WARNING   Insert full falló ({'message': "Could not find the 'specimen_code' column of 'specimens' in the schema cache", 'code': 'PGRST204', 'hint': ). Reintento slim. code=ST-004
2026-08-01 14:01:36  WARNING   Insert full falló ({'message': "Could not find the 'specimen_code' column of 'specimens' in the schema cache", 'code': 'PGRST204', 'hint': ). Reintento slim. code=ST-005
2026-08-01 14:01:38  WARNING   Insert full falló ({'message': "Could not find the 'specimen_code' column of 'specimens' in the schema cache", 'code': 'PGRST204', 'hint': ). Reintento slim. code=ST-006
2026-08-01 14:01:39  WARNING   Insert full falló ({'message': "Could not find the 'specimen_code' column of 'specimens' in the schema cache", 'code': 'PGRST204', 'hint': ). Reintento slim. code=ST-007
2026-08-01 14:01:41  WARNING   Insert full falló ({'message': "Could not find the 'specimen_code' column of 'specimens' in the schema cache", 'code': 'PGRST204', 'hint': ). Reintento slim. code=ST-008
2026-08-01 14:01:42  WARNING   Insert full falló ({'message': "Could not find the 'specimen_code' column of 'specimens' in the schema cache", 'code': 'PGRST204', 'hint': ). Reintento slim. code=ST-009
2026-08-01 14:01:44  WARNING   Insert full falló ({'message': "Could not find the 'specimen_code' column of 'specimens' in the schema cache", 'code': 'PGRST204', 'hint': ). Reintento slim. code=ST-010
2026-08-01 14:01:45  WARNING   Insert full falló ({'message': "Could not find the 'specimen_code' column of 'specimens' in the schema cache", 'code': 'PGRST204', 'hint': ). Reintento slim. code=ST-011
2026-08-01 14:01:47  WARNING   Insert full falló ({'message': "Could not find the 'specimen_code' column of 'specimens' in the schema cache", 'code': 'PGRST204', 'hint': ). Reintento slim. code=ST-012
2026-08-01 14:01:48  WARNING   Insert full falló ({'message': "Could not find the 'specimen_code' column of 'specimens' in the schema cache", 'code': 'PGRST204', 'hint': ). Reintento slim. code=ST-013
2026-08-01 14:01:50  WARNING   Insert full falló ({'message': "Could not find the 'specimen_code' column of 'specimens' in the schema cache", 'code': 'PGRST204', 'hint': ). Reintento slim. code=ST-014
2026-08-01 14:01:52  WARNING   Insert full falló ({'message': "Could not find the 'specimen_code' column of 'specimens' in the schema cache", 'code': 'PGRST204', 'hint': ). Reintento slim. code=ST-015
2026-08-01 14:01:54  WARNING   Insert full falló ({'message': "Could not find the 'specimen_code' column of 'specimens' in the schema cache", 'code': 'PGRST204', 'hint': ). Reintento slim. code=ST-016
2026-08-01 14:01:56  WARNING   Insert full falló ({'message': "Could not find the 'specimen_code' column of 'specimens' in the schema cache", 'code': 'PGRST204', 'hint': ). Reintento slim. code=ST-017
2026-08-01 14:01:58  WARNING   Insert full falló ({'message': "Could not find the 'specimen_code' column of 'specimens' in the schema cache", 'code': 'PGRST204', 'hint': ). Reintento slim. code=ST-018
2026-08-01 14:01:59  WARNING   Insert full falló ({'message': "Could not find the 'specimen_code' column of 'specimens' in the schema cache", 'code': 'PGRST204', 'hint': ). Reintento slim. code=ST-019
2026-08-01 14:02:01  WARNING   Insert full falló ({'message': "Could not find the 'specimen_code' column of 'specimens' in the schema cache", 'code': 'PGRST204', 'hint': ). Reintento slim. code=ST-020
2026-08-01 14:02:02  WARNING   Insert full falló ({'message': "Could not find the 'specimen_code' column of 'specimens' in the schema cache", 'code': 'PGRST204', 'hint': ). Reintento slim. code=ST-021
2026-08-01 14:02:03  WARNING   Insert full falló ({'message': "Could not find the 'specimen_code' column of 'specimens' in the schema cache", 'code': 'PGRST204', 'hint': ). Reintento slim. code=ST-022
2026-08-01 14:02:05  WARNING   Insert full falló ({'message': "Could not find the 'specimen_code' column of 'specimens' in the schema cache", 'code': 'PGRST204', 'hint': ). Reintento slim. code=ST-023
2026-08-01 14:02:07  WARNING   Insert full falló ({'message': "Could not find the 'specimen_code' column of 'specimens' in the schema cache", 'code': 'PGRST204', 'hint': ). Reintento slim. code=ST-024
2026-08-01 14:02:09  WARNING   Insert full falló ({'message': "Could not find the 'specimen_code' column of 'specimens' in the schema cache", 'code': 'PGRST204', 'hint': ). Reintento slim. code=ST-025
2026-08-01 14:02:10  WARNING   Insert full falló ({'message': "Could not find the 'specimen_code' column of 'specimens' in the schema cache", 'code': 'PGRST204', 'hint': ). Reintento slim. code=ST-026
2026-08-01 14:02:12  WARNING   Insert full falló ({'message': "Could not find the 'specimen_code' column of 'specimens' in the schema cache", 'code': 'PGRST204', 'hint': ). Reintento slim. code=ST-027
2026-08-01 14:02:14  WARNING   Insert full falló ({'message': "Could not find the 'specimen_code' column of 'specimens' in the schema cache", 'code': 'PGRST204', 'hint': ). Reintento slim. code=ST-028
2026-08-01 14:02:16  WARNING   Insert full falló ({'message': "Could not find the 'specimen_code' column of 'specimens' in the schema cache", 'code': 'PGRST204', 'hint': ). Reintento slim. code=ST-029
2026-08-01 14:02:18  WARNING   Insert full falló ({'message': "Could not find the 'specimen_code' column of 'specimens' in the schema cache", 'code': 'PGRST204', 'hint': ). Reintento slim. code=ST-030
2026-08-01 14:02:20  WARNING   Insert full falló ({'message': "Could not find the 'specimen_code' column of 'specimens' in the schema cache", 'code': 'PGRST204', 'hint': ). Reintento slim. code=ST-031
2026-08-01 14:02:21  WARNING   Insert full falló ({'message': "Could not find the 'specimen_code' column of 'specimens' in the schema cache", 'code': 'PGRST204', 'hint': ). Reintento slim. code=ST-032
2026-08-01 14:02:23  WARNING   Insert full falló ({'message': "Could not find the 'specimen_code' column of 'specimens' in the schema cache", 'code': 'PGRST204', 'hint': ). Reintento slim. code=ST-033
2026-08-01 14:02:25  WARNING   Insert full falló ({'message': "Could not find the 'specimen_code' column of 'specimens' in the schema cache", 'code': 'PGRST204', 'hint': ). Reintento slim. code=ST-034
2026-08-01 14:02:26  WARNING   Insert full falló ({'message': "Could not find the 'specimen_code' column of 'specimens' in the schema cache", 'code': 'PGRST204', 'hint': ). Reintento slim. code=ST-035
2026-08-01 14:02:28  WARNING   Insert full falló ({'message': "Could not find the 'specimen_code' column of 'specimens' in the schema cache", 'code': 'PGRST204', 'hint': ). Reintento slim. code=ST-036
2026-08-01 14:02:29  WARNING   Insert full falló ({'message': "Could not find the 'specimen_code' column of 'specimens' in the schema cache", 'code': 'PGRST204', 'hint': ). Reintento slim. code=ST-037
2026-08-01 14:02:30  WARNING   Insert full falló ({'message': "Could not find the 'specimen_code' column of 'specimens' in the schema cache", 'code': 'PGRST204', 'hint': ). Reintento slim. code=ST-038
2026-08-01 14:02:32  WARNING   Insert full falló ({'message': "Could not find the 'specimen_code' column of 'specimens' in the schema cache", 'code': 'PGRST204', 'hint': ). Reintento slim. code=ST-039
2026-08-01 14:02:33  WARNING   Insert full falló ({'message': "Could not find the 'specimen_code' column of 'specimens' in the schema cache", 'code': 'PGRST204', 'hint': ). Reintento slim. code=ST-040
2026-08-01 14:02:35  WARNING   Insert full falló ({'message': "Could not find the 'specimen_code' column of 'specimens' in the schema cache", 'code': 'PGRST204', 'hint': ). Reintento slim. code=ST-041
2026-08-01 14:02:36  WARNING   Insert full falló ({'message': "Could not find the 'specimen_code' column of 'specimens' in the schema cache", 'code': 'PGRST204', 'hint': ). Reintento slim. code=ST-042
2026-08-01 14:02:38  WARNING   Insert full falló ({'message': "Could not find the 'specimen_code' column of 'specimens' in the schema cache", 'code': 'PGRST204', 'hint': ). Reintento slim. code=ST-043
2026-08-01 14:02:40  WARNING   Insert full falló ({'message': "Could not find the 'specimen_code' column of 'specimens' in the schema cache", 'code': 'PGRST204', 'hint': ). Reintento slim. code=ST-044
2026-08-01 14:02:42  WARNING   Insert full falló ({'message': "Could not find the 'specimen_code' column of 'specimens' in the schema cache", 'code': 'PGRST204', 'hint': ). Reintento slim. code=ST-045
2026-08-01 14:02:43  WARNING   Insert full falló ({'message': "Could not find the 'specimen_code' column of 'specimens' in the schema cache", 'code': 'PGRST204', 'hint': ). Reintento slim. code=ST-046
2026-08-01 14:02:45  WARNING   Insert full falló ({'message': "Could not find the 'specimen_code' column of 'specimens' in the schema cache", 'code': 'PGRST204', 'hint': ). Reintento slim. code=ST-047
2026-08-01 14:24:22  ERROR     Archivo no encontrado: data/carga_riodinidae_lote1.csv
2026-08-01 14:24:23  ERROR     Archivo no encontrado: data/carga_riodinidae_lote1.csv
2026-08-01 14:24:49  ERROR     Línea 2 [RI-001] (Ancyluris aulestes) — ProxyError: 403 Forbidden
Traceback (most recent call last):
  File "/Users/housinsectsoffperu/Neotropical Specimens Native/.venv-ingest/lib/python3.14/site-packages/httpx/_transports/default.py", line 101, in map_httpcore_exceptions
    yield
  File "/Users/housinsectsoffperu/Neotropical Specimens Native/.venv-ingest/lib/python3.14/site-packages/httpx/_transports/default.py", line 250, in handle_request
    resp = self._pool.handle_request(req)
  File "/Users/housinsectsoffperu/Neotropical Specimens Native/.venv-ingest/lib/python3.14/site-packages/httpcore/_sync/connection_pool.py", line 256, in handle_request
    raise exc from None
  File "/Users/housinsectsoffperu/Neotropical Specimens Native/.venv-ingest/lib/python3.14/site-packages/httpcore/_sync/connection_pool.py", line 236, in handle_request
    response = connection.handle_request(
        pool_request.request
    )
  File "/Users/housinsectsoffperu/Neotropical Specimens Native/.venv-ingest/lib/python3.14/site-packages/httpcore/_sync/http_proxy.py", line 297, in handle_request
    raise ProxyError(msg)
httpcore.ProxyError: 403 Forbidden

The above exception was the direct cause of the following exception:

Traceback (most recent call last):
  File "/Users/housinsectsoffperu/Neotropical Specimens Native/scripts/ingest_csv.py", line 831, in process_row
    region_id   = resolve_region(sb, r.region)
  File "/Users/housinsectsoffperu/Neotropical Specimens Native/scripts/ingest_csv.py", line 616, in resolve_region
    rid = _upsert(sb, "global_regions", {"region_name": region_name}, "region_name")
  File "/Users/housinsectsoffperu/Neotropical Specimens Native/scripts/ingest_csv.py", line 604, in _upsert
    res = sb.table(table).upsert(row, on_conflict=on_conflict).select("id").execute()
  File "/Users/housinsectsoffperu/Neotropical Specimens Native/.venv-ingest/lib/python3.14/site-packages/postgrest/_sync/request_builder.py", line 90, in execute
    r = send_with_retry(self.request)
  File "/Users/housinsectsoffperu/Neotropical Specimens Native/.venv-ingest/lib/python3.14/site-packages/postgrest/_sync/request_builder.py", line 51, in send_with_retry
    resp = req.send(headers)
  File "/Users/housinsectsoffperu/Neotropical Specimens Native/.venv-ingest/lib/python3.14/site-packages/postgrest/base_request_builder.py", line 90, in send
    return self.session.request(
           ~~~~~~~~~~~~~~~~~~~~^
        self.http_method,
        ^^^^^^^^^^^^^^^^^
    ...<4 lines>...
        auth=self.auth,
        ^^^^^^^^^^^^^^^
    )
    ^
  File "/Users/housinsectsoffperu/Neotropical Specimens Native/.venv-ingest/lib/python3.14/site-packages/httpx/_client.py", line 825, in request
    return self.send(request, auth=auth, follow_redirects=follow_redirects)
           ~~~~~~~~~^^^^^^^^^^^^^^^^^^^^^^^^^^^^^^^^^^^^^^^^^^^^^^^^^^^^^^^
  File "/Users/housinsectsoffperu/Neotropical Specimens Native/.venv-ingest/lib/python3.14/site-packages/httpx/_client.py", line 914, in send
    response = self._send_handling_auth(
        request,
    ...<2 lines>...
        history=[],
    )
  File "/Users/housinsectsoffperu/Neotropical Specimens Native/.venv-ingest/lib/python3.14/site-packages/httpx/_client.py", line 942, in _send_handling_auth
    response = self._send_handling_redirects(
        request,
        follow_redirects=follow_redirects,
        history=history,
    )
  File "/Users/housinsectsoffperu/Neotropical Specimens Native/.venv-ingest/lib/python3.14/site-packages/httpx/_client.py", line 979, in _send_handling_redirects
    response = self._send_single_request(request)
  File "/Users/housinsectsoffperu/Neotropical Specimens Native/.venv-ingest/lib/python3.14/site-packages/httpx/_client.py", line 1014, in _send_single_request
    response = transport.handle_request(request)
  File "/Users/housinsectsoffperu/Neotropical Specimens Native/.venv-ingest/lib/python3.14/site-packages/httpx/_transports/default.py", line 249, in handle_request
    with map_httpcore_exceptions():
         ~~~~~~~~~~~~~~~~~~~~~~~^^
  File "/usr/local/Cellar/python@3.14/3.14.5/Frameworks/Python.framework/Versions/3.14/lib/python3.14/contextlib.py", line 162, in __exit__
    self.gen.throw(value)
    ~~~~~~~~~~~~~~^^^^^^^
  File "/Users/housinsectsoffperu/Neotropical Specimens Native/.venv-ingest/lib/python3.14/site-packages/httpx/_transports/default.py", line 118, in map_httpcore_exceptions
    raise mapped_exc(message) from exc
httpx.ProxyError: 403 Forbidden
2026-08-01 14:24:49  ERROR     Línea 3 [RI-002] (Ancyluris cacica latifasciata) — ProxyError: 403 Forbidden
Traceback (most recent call last):
  File "/Users/housinsectsoffperu/Neotropical Specimens Native/.venv-ingest/lib/python3.14/site-packages/httpx/_transports/default.py", line 101, in map_httpcore_exceptions
    yield
  File "/Users/housinsectsoffperu/Neotropical Specimens Native/.venv-ingest/lib/python3.14/site-packages/httpx/_transports/default.py", line 250, in handle_request
    resp = self._pool.handle_request(req)
  File "/Users/housinsectsoffperu/Neotropical Specimens Native/.venv-ingest/lib/python3.14/site-packages/httpcore/_sync/connection_pool.py", line 256, in handle_request
    raise exc from None
  File "/Users/housinsectsoffperu/Neotropical Specimens Native/.venv-ingest/lib/python3.14/site-packages/httpcore/_sync/connection_pool.py", line 236, in handle_request
    response = connection.handle_request(
        pool_request.request
    )
  File "/Users/housinsectsoffperu/Neotropical Specimens Native/.venv-ingest/lib/python3.14/site-packages/httpcore/_sync/http_proxy.py", line 297, in handle_request
    raise ProxyError(msg)
httpcore.ProxyError: 403 Forbidden

The above exception was the direct cause of the following exception:

Traceback (most recent call last):
  File "/Users/housinsectsoffperu/Neotropical Specimens Native/scripts/ingest_csv.py", line 831, in process_row
    region_id   = resolve_region(sb, r.region)
  File "/Users/housinsectsoffperu/Neotropical Specimens Native/scripts/ingest_csv.py", line 616, in resolve_region
    rid = _upsert(sb, "global_regions", {"region_name": region_name}, "region_name")
  File "/Users/housinsectsoffperu/Neotropical Specimens Native/scripts/ingest_csv.py", line 604, in _upsert
    res = sb.table(table).upsert(row, on_conflict=on_conflict).select("id").execute()
  File "/Users/housinsectsoffperu/Neotropical Specimens Native/.venv-ingest/lib/python3.14/site-packages/postgrest/_sync/request_builder.py", line 90, in execute
    r = send_with_retry(self.request)
  File "/Users/housinsectsoffperu/Neotropical Specimens Native/.venv-ingest/lib/python3.14/site-packages/postgrest/_sync/request_builder.py", line 51, in send_with_retry
    resp = req.send(headers)
  File "/Users/housinsectsoffperu/Neotropical Specimens Native/.venv-ingest/lib/python3.14/site-packages/postgrest/base_request_builder.py", line 90, in send
    return self.session.request(
           ~~~~~~~~~~~~~~~~~~~~^
        self.http_method,
        ^^^^^^^^^^^^^^^^^
    ...<4 lines>...
        auth=self.auth,
        ^^^^^^^^^^^^^^^
    )
    ^
  File "/Users/housinsectsoffperu/Neotropical Specimens Native/.venv-ingest/lib/python3.14/site-packages/httpx/_client.py", line 825, in request
    return self.send(request, auth=auth, follow_redirects=follow_redirects)
           ~~~~~~~~~^^^^^^^^^^^^^^^^^^^^^^^^^^^^^^^^^^^^^^^^^^^^^^^^^^^^^^^
  File "/Users/housinsectsoffperu/Neotropical Specimens Native/.venv-ingest/lib/python3.14/site-packages/httpx/_client.py", line 914, in send
    response = self._send_handling_auth(
        request,
    ...<2 lines>...
        history=[],
    )
  File "/Users/housinsectsoffperu/Neotropical Specimens Native/.venv-ingest/lib/python3.14/site-packages/httpx/_client.py", line 942, in _send_handling_auth
    response = self._send_handling_redirects(
        request,
        follow_redirects=follow_redirects,
        history=history,
    )
  File "/Users/housinsectsoffperu/Neotropical Specimens Native/.venv-ingest/lib/python3.14/site-packages/httpx/_client.py", line 979, in _send_handling_redirects
    response = self._send_single_request(request)
  File "/Users/housinsectsoffperu/Neotropical Specimens Native/.venv-ingest/lib/python3.14/site-packages/httpx/_client.py", line 1014, in _send_single_request
    response = transport.handle_request(request)
  File "/Users/housinsectsoffperu/Neotropical Specimens Native/.venv-ingest/lib/python3.14/site-packages/httpx/_transports/default.py", line 249, in handle_request
    with map_httpcore_exceptions():
         ~~~~~~~~~~~~~~~~~~~~~~~^^
  File "/usr/local/Cellar/python@3.14/3.14.5/Frameworks/Python.framework/Versions/3.14/lib/python3.14/contextlib.py", line 162, in __exit__
    self.gen.throw(value)
    ~~~~~~~~~~~~~~^^^^^^^
  File "/Users/housinsectsoffperu/Neotropical Specimens Native/.venv-ingest/lib/python3.14/site-packages/httpx/_transports/default.py", line 118, in map_httpcore_exceptions
    raise mapped_exc(message) from exc
httpx.ProxyError: 403 Forbidden
2026-08-01 14:24:49  ERROR     Línea 4 [RI-003] (Ancyluris colubra) — ProxyError: 403 Forbidden
Traceback (most recent call last):
  File "/Users/housinsectsoffperu/Neotropical Specimens Native/.venv-ingest/lib/python3.14/site-packages/httpx/_transports/default.py", line 101, in map_httpcore_exceptions
    yield
  File "/Users/housinsectsoffperu/Neotropical Specimens Native/.venv-ingest/lib/python3.14/site-packages/httpx/_transports/default.py", line 250, in handle_request
    resp = self._pool.handle_request(req)
  File "/Users/housinsectsoffperu/Neotropical Specimens Native/.venv-ingest/lib/python3.14/site-packages/httpcore/_sync/connection_pool.py", line 256, in handle_request
    raise exc from None
  File "/Users/housinsectsoffperu/Neotropical Specimens Native/.venv-ingest/lib/python3.14/site-packages/httpcore/_sync/connection_pool.py", line 236, in handle_request
    response = connection.handle_request(
        pool_request.request
    )
  File "/Users/housinsectsoffperu/Neotropical Specimens Native/.venv-ingest/lib/python3.14/site-packages/httpcore/_sync/http_proxy.py", line 297, in handle_request
    raise ProxyError(msg)
httpcore.ProxyError: 403 Forbidden

The above exception was the direct cause of the following exception:

Traceback (most recent call last):
  File "/Users/housinsectsoffperu/Neotropical Specimens Native/scripts/ingest_csv.py", line 831, in process_row
    region_id   = resolve_region(sb, r.region)
  File "/Users/housinsectsoffperu/Neotropical Specimens Native/scripts/ingest_csv.py", line 616, in resolve_region
    rid = _upsert(sb, "global_regions", {"region_name": region_name}, "region_name")
  File "/Users/housinsectsoffperu/Neotropical Specimens Native/scripts/ingest_csv.py", line 604, in _upsert
    res = sb.table(table).upsert(row, on_conflict=on_conflict).select("id").execute()
  File "/Users/housinsectsoffperu/Neotropical Specimens Native/.venv-ingest/lib/python3.14/site-packages/postgrest/_sync/request_builder.py", line 90, in execute
    r = send_with_retry(self.request)
  File "/Users/housinsectsoffperu/Neotropical Specimens Native/.venv-ingest/lib/python3.14/site-packages/postgrest/_sync/request_builder.py", line 51, in send_with_retry
    resp = req.send(headers)
  File "/Users/housinsectsoffperu/Neotropical Specimens Native/.venv-ingest/lib/python3.14/site-packages/postgrest/base_request_builder.py", line 90, in send
    return self.session.request(
           ~~~~~~~~~~~~~~~~~~~~^
        self.http_method,
        ^^^^^^^^^^^^^^^^^
    ...<4 lines>...
        auth=self.auth,
        ^^^^^^^^^^^^^^^
    )
    ^
  File "/Users/housinsectsoffperu/Neotropical Specimens Native/.venv-ingest/lib/python3.14/site-packages/httpx/_client.py", line 825, in request
    return self.send(request, auth=auth, follow_redirects=follow_redirects)
           ~~~~~~~~~^^^^^^^^^^^^^^^^^^^^^^^^^^^^^^^^^^^^^^^^^^^^^^^^^^^^^^^
  File "/Users/housinsectsoffperu/Neotropical Specimens Native/.venv-ingest/lib/python3.14/site-packages/httpx/_client.py", line 914, in send
    response = self._send_handling_auth(
        request,
    ...<2 lines>...
        history=[],
    )
  File "/Users/housinsectsoffperu/Neotropical Specimens Native/.venv-ingest/lib/python3.14/site-packages/httpx/_client.py", line 942, in _send_handling_auth
    response = self._send_handling_redirects(
        request,
        follow_redirects=follow_redirects,
        history=history,
    )
  File "/Users/housinsectsoffperu/Neotropical Specimens Native/.venv-ingest/lib/python3.14/site-packages/httpx/_client.py", line 979, in _send_handling_redirects
    response = self._send_single_request(request)
  File "/Users/housinsectsoffperu/Neotropical Specimens Native/.venv-ingest/lib/python3.14/site-packages/httpx/_client.py", line 1014, in _send_single_request
    response = transport.handle_request(request)
  File "/Users/housinsectsoffperu/Neotropical Specimens Native/.venv-ingest/lib/python3.14/site-packages/httpx/_transports/default.py", line 249, in handle_request
    with map_httpcore_exceptions():
         ~~~~~~~~~~~~~~~~~~~~~~~^^
  File "/usr/local/Cellar/python@3.14/3.14.5/Frameworks/Python.framework/Versions/3.14/lib/python3.14/contextlib.py", line 162, in __exit__
    self.gen.throw(value)
    ~~~~~~~~~~~~~~^^^^^^^
  File "/Users/housinsectsoffperu/Neotropical Specimens Native/.venv-ingest/lib/python3.14/site-packages/httpx/_transports/default.py", line 118, in map_httpcore_exceptions
    raise mapped_exc(message) from exc
httpx.ProxyError: 403 Forbidden
2026-08-01 14:24:49  ERROR     Línea 5 [RI-004] (Ancyluris endaemon) — ProxyError: 403 Forbidden
Traceback (most recent call last):
  File "/Users/housinsectsoffperu/Neotropical Specimens Native/.venv-ingest/lib/python3.14/site-packages/httpx/_transports/default.py", line 101, in map_httpcore_exceptions
    yield
  File "/Users/housinsectsoffperu/Neotropical Specimens Native/.venv-ingest/lib/python3.14/site-packages/httpx/_transports/default.py", line 250, in handle_request
    resp = self._pool.handle_request(req)
  File "/Users/housinsectsoffperu/Neotropical Specimens Native/.venv-ingest/lib/python3.14/site-packages/httpcore/_sync/connection_pool.py", line 256, in handle_request
    raise exc from None
  File "/Users/housinsectsoffperu/Neotropical Specimens Native/.venv-ingest/lib/python3.14/site-packages/httpcore/_sync/connection_pool.py", line 236, in handle_request
    response = connection.handle_request(
        pool_request.request
    )
  File "/Users/housinsectsoffperu/Neotropical Specimens Native/.venv-ingest/lib/python3.14/site-packages/httpcore/_sync/http_proxy.py", line 297, in handle_request
    raise ProxyError(msg)
httpcore.ProxyError: 403 Forbidden

The above exception was the direct cause of the following exception:

Traceback (most recent call last):
  File "/Users/housinsectsoffperu/Neotropical Specimens Native/scripts/ingest_csv.py", line 831, in process_row
    region_id   = resolve_region(sb, r.region)
  File "/Users/housinsectsoffperu/Neotropical Specimens Native/scripts/ingest_csv.py", line 616, in resolve_region
    rid = _upsert(sb, "global_regions", {"region_name": region_name}, "region_name")
  File "/Users/housinsectsoffperu/Neotropical Specimens Native/scripts/ingest_csv.py", line 604, in _upsert
    res = sb.table(table).upsert(row, on_conflict=on_conflict).select("id").execute()
  File "/Users/housinsectsoffperu/Neotropical Specimens Native/.venv-ingest/lib/python3.14/site-packages/postgrest/_sync/request_builder.py", line 90, in execute
    r = send_with_retry(self.request)
  File "/Users/housinsectsoffperu/Neotropical Specimens Native/.venv-ingest/lib/python3.14/site-packages/postgrest/_sync/request_builder.py", line 51, in send_with_retry
    resp = req.send(headers)
  File "/Users/housinsectsoffperu/Neotropical Specimens Native/.venv-ingest/lib/python3.14/site-packages/postgrest/base_request_builder.py", line 90, in send
    return self.session.request(
           ~~~~~~~~~~~~~~~~~~~~^
        self.http_method,
        ^^^^^^^^^^^^^^^^^
    ...<4 lines>...
        auth=self.auth,
        ^^^^^^^^^^^^^^^
    )
    ^
  File "/Users/housinsectsoffperu/Neotropical Specimens Native/.venv-ingest/lib/python3.14/site-packages/httpx/_client.py", line 825, in request
    return self.send(request, auth=auth, follow_redirects=follow_redirects)
           ~~~~~~~~~^^^^^^^^^^^^^^^^^^^^^^^^^^^^^^^^^^^^^^^^^^^^^^^^^^^^^^^
  File "/Users/housinsectsoffperu/Neotropical Specimens Native/.venv-ingest/lib/python3.14/site-packages/httpx/_client.py", line 914, in send
    response = self._send_handling_auth(
        request,
    ...<2 lines>...
        history=[],
    )
  File "/Users/housinsectsoffperu/Neotropical Specimens Native/.venv-ingest/lib/python3.14/site-packages/httpx/_client.py", line 942, in _send_handling_auth
    response = self._send_handling_redirects(
        request,
        follow_redirects=follow_redirects,
        history=history,
    )
  File "/Users/housinsectsoffperu/Neotropical Specimens Native/.venv-ingest/lib/python3.14/site-packages/httpx/_client.py", line 979, in _send_handling_redirects
    response = self._send_single_request(request)
  File "/Users/housinsectsoffperu/Neotropical Specimens Native/.venv-ingest/lib/python3.14/site-packages/httpx/_client.py", line 1014, in _send_single_request
    response = transport.handle_request(request)
  File "/Users/housinsectsoffperu/Neotropical Specimens Native/.venv-ingest/lib/python3.14/site-packages/httpx/_transports/default.py", line 249, in handle_request
    with map_httpcore_exceptions():
         ~~~~~~~~~~~~~~~~~~~~~~~^^
  File "/usr/local/Cellar/python@3.14/3.14.5/Frameworks/Python.framework/Versions/3.14/lib/python3.14/contextlib.py", line 162, in __exit__
    self.gen.throw(value)
    ~~~~~~~~~~~~~~^^^^^^^
  File "/Users/housinsectsoffperu/Neotropical Specimens Native/.venv-ingest/lib/python3.14/site-packages/httpx/_transports/default.py", line 118, in map_httpcore_exceptions
    raise mapped_exc(message) from exc
httpx.ProxyError: 403 Forbidden
2026-08-01 14:24:49  ERROR     Línea 6 [RI-005] (Ancyluris endaemon) — ProxyError: 403 Forbidden
Traceback (most recent call last):
  File "/Users/housinsectsoffperu/Neotropical Specimens Native/.venv-ingest/lib/python3.14/site-packages/httpx/_transports/default.py", line 101, in map_httpcore_exceptions
    yield
  File "/Users/housinsectsoffperu/Neotropical Specimens Native/.venv-ingest/lib/python3.14/site-packages/httpx/_transports/default.py", line 250, in handle_request
    resp = self._pool.handle_request(req)
  File "/Users/housinsectsoffperu/Neotropical Specimens Native/.venv-ingest/lib/python3.14/site-packages/httpcore/_sync/connection_pool.py", line 256, in handle_request
    raise exc from None
  File "/Users/housinsectsoffperu/Neotropical Specimens Native/.venv-ingest/lib/python3.14/site-packages/httpcore/_sync/connection_pool.py", line 236, in handle_request
    response = connection.handle_request(
        pool_request.request
    )
  File "/Users/housinsectsoffperu/Neotropical Specimens Native/.venv-ingest/lib/python3.14/site-packages/httpcore/_sync/http_proxy.py", line 297, in handle_request
    raise ProxyError(msg)
httpcore.ProxyError: 403 Forbidden

The above exception was the direct cause of the following exception:

Traceback (most recent call last):
  File "/Users/housinsectsoffperu/Neotropical Specimens Native/scripts/ingest_csv.py", line 831, in process_row
    region_id   = resolve_region(sb, r.region)
  File "/Users/housinsectsoffperu/Neotropical Specimens Native/scripts/ingest_csv.py", line 616, in resolve_region
    rid = _upsert(sb, "global_regions", {"region_name": region_name}, "region_name")
  File "/Users/housinsectsoffperu/Neotropical Specimens Native/scripts/ingest_csv.py", line 604, in _upsert
    res = sb.table(table).upsert(row, on_conflict=on_conflict).select("id").execute()
  File "/Users/housinsectsoffperu/Neotropical Specimens Native/.venv-ingest/lib/python3.14/site-packages/postgrest/_sync/request_builder.py", line 90, in execute
    r = send_with_retry(self.request)
  File "/Users/housinsectsoffperu/Neotropical Specimens Native/.venv-ingest/lib/python3.14/site-packages/postgrest/_sync/request_builder.py", line 51, in send_with_retry
    resp = req.send(headers)
  File "/Users/housinsectsoffperu/Neotropical Specimens Native/.venv-ingest/lib/python3.14/site-packages/postgrest/base_request_builder.py", line 90, in send
    return self.session.request(
           ~~~~~~~~~~~~~~~~~~~~^
        self.http_method,
        ^^^^^^^^^^^^^^^^^
    ...<4 lines>...
        auth=self.auth,
        ^^^^^^^^^^^^^^^
    )
    ^
  File "/Users/housinsectsoffperu/Neotropical Specimens Native/.venv-ingest/lib/python3.14/site-packages/httpx/_client.py", line 825, in request
    return self.send(request, auth=auth, follow_redirects=follow_redirects)
           ~~~~~~~~~^^^^^^^^^^^^^^^^^^^^^^^^^^^^^^^^^^^^^^^^^^^^^^^^^^^^^^^
  File "/Users/housinsectsoffperu/Neotropical Specimens Native/.venv-ingest/lib/python3.14/site-packages/httpx/_client.py", line 914, in send
    response = self._send_handling_auth(
        request,
    ...<2 lines>...
        history=[],
    )
  File "/Users/housinsectsoffperu/Neotropical Specimens Native/.venv-ingest/lib/python3.14/site-packages/httpx/_client.py", line 942, in _send_handling_auth
    response = self._send_handling_redirects(
        request,
        follow_redirects=follow_redirects,
        history=history,
    )
  File "/Users/housinsectsoffperu/Neotropical Specimens Native/.venv-ingest/lib/python3.14/site-packages/httpx/_client.py", line 979, in _send_handling_redirects
    response = self._send_single_request(request)
  File "/Users/housinsectsoffperu/Neotropical Specimens Native/.venv-ingest/lib/python3.14/site-packages/httpx/_client.py", line 1014, in _send_single_request
    response = transport.handle_request(request)
  File "/Users/housinsectsoffperu/Neotropical Specimens Native/.venv-ingest/lib/python3.14/site-packages/httpx/_transports/default.py", line 249, in handle_request
    with map_httpcore_exceptions():
         ~~~~~~~~~~~~~~~~~~~~~~~^^
  File "/usr/local/Cellar/python@3.14/3.14.5/Frameworks/Python.framework/Versions/3.14/lib/python3.14/contextlib.py", line 162, in __exit__
    self.gen.throw(value)
    ~~~~~~~~~~~~~~^^^^^^^
  File "/Users/housinsectsoffperu/Neotropical Specimens Native/.venv-ingest/lib/python3.14/site-packages/httpx/_transports/default.py", line 118, in map_httpcore_exceptions
    raise mapped_exc(message) from exc
httpx.ProxyError: 403 Forbidden
2026-08-01 14:24:49  ERROR     Línea 7 [RI-006] (Ancyluris etias) — ProxyError: 403 Forbidden
Traceback (most recent call last):
  File "/Users/housinsectsoffperu/Neotropical Specimens Native/.venv-ingest/lib/python3.14/site-packages/httpx/_transports/default.py", line 101, in map_httpcore_exceptions
    yield
  File "/Users/housinsectsoffperu/Neotropical Specimens Native/.venv-ingest/lib/python3.14/site-packages/httpx/_transports/default.py", line 250, in handle_request
    resp = self._pool.handle_request(req)
  File "/Users/housinsectsoffperu/Neotropical Specimens Native/.venv-ingest/lib/python3.14/site-packages/httpcore/_sync/connection_pool.py", line 256, in handle_request
    raise exc from None
  File "/Users/housinsectsoffperu/Neotropical Specimens Native/.venv-ingest/lib/python3.14/site-packages/httpcore/_sync/connection_pool.py", line 236, in handle_request
    response = connection.handle_request(
        pool_request.request
    )
  File "/Users/housinsectsoffperu/Neotropical Specimens Native/.venv-ingest/lib/python3.14/site-packages/httpcore/_sync/http_proxy.py", line 297, in handle_request
    raise ProxyError(msg)
httpcore.ProxyError: 403 Forbidden

The above exception was the direct cause of the following exception:

Traceback (most recent call last):
  File "/Users/housinsectsoffperu/Neotropical Specimens Native/scripts/ingest_csv.py", line 831, in process_row
    region_id   = resolve_region(sb, r.region)
  File "/Users/housinsectsoffperu/Neotropical Specimens Native/scripts/ingest_csv.py", line 616, in resolve_region
    rid = _upsert(sb, "global_regions", {"region_name": region_name}, "region_name")
  File "/Users/housinsectsoffperu/Neotropical Specimens Native/scripts/ingest_csv.py", line 604, in _upsert
    res = sb.table(table).upsert(row, on_conflict=on_conflict).select("id").execute()
  File "/Users/housinsectsoffperu/Neotropical Specimens Native/.venv-ingest/lib/python3.14/site-packages/postgrest/_sync/request_builder.py", line 90, in execute
    r = send_with_retry(self.request)
  File "/Users/housinsectsoffperu/Neotropical Specimens Native/.venv-ingest/lib/python3.14/site-packages/postgrest/_sync/request_builder.py", line 51, in send_with_retry
    resp = req.send(headers)
  File "/Users/housinsectsoffperu/Neotropical Specimens Native/.venv-ingest/lib/python3.14/site-packages/postgrest/base_request_builder.py", line 90, in send
    return self.session.request(
           ~~~~~~~~~~~~~~~~~~~~^
        self.http_method,
        ^^^^^^^^^^^^^^^^^
    ...<4 lines>...
        auth=self.auth,
        ^^^^^^^^^^^^^^^
    )
    ^
  File "/Users/housinsectsoffperu/Neotropical Specimens Native/.venv-ingest/lib/python3.14/site-packages/httpx/_client.py", line 825, in request
    return self.send(request, auth=auth, follow_redirects=follow_redirects)
           ~~~~~~~~~^^^^^^^^^^^^^^^^^^^^^^^^^^^^^^^^^^^^^^^^^^^^^^^^^^^^^^^
  File "/Users/housinsectsoffperu/Neotropical Specimens Native/.venv-ingest/lib/python3.14/site-packages/httpx/_client.py", line 914, in send
    response = self._send_handling_auth(
        request,
    ...<2 lines>...
        history=[],
    )
  File "/Users/housinsectsoffperu/Neotropical Specimens Native/.venv-ingest/lib/python3.14/site-packages/httpx/_client.py", line 942, in _send_handling_auth
    response = self._send_handling_redirects(
        request,
        follow_redirects=follow_redirects,
        history=history,
    )
  File "/Users/housinsectsoffperu/Neotropical Specimens Native/.venv-ingest/lib/python3.14/site-packages/httpx/_client.py", line 979, in _send_handling_redirects
    response = self._send_single_request(request)
  File "/Users/housinsectsoffperu/Neotropical Specimens Native/.venv-ingest/lib/python3.14/site-packages/httpx/_client.py", line 1014, in _send_single_request
    response = transport.handle_request(request)
  File "/Users/housinsectsoffperu/Neotropical Specimens Native/.venv-ingest/lib/python3.14/site-packages/httpx/_transports/default.py", line 249, in handle_request
    with map_httpcore_exceptions():
         ~~~~~~~~~~~~~~~~~~~~~~~^^
  File "/usr/local/Cellar/python@3.14/3.14.5/Frameworks/Python.framework/Versions/3.14/lib/python3.14/contextlib.py", line 162, in __exit__
    self.gen.throw(value)
    ~~~~~~~~~~~~~~^^^^^^^
  File "/Users/housinsectsoffperu/Neotropical Specimens Native/.venv-ingest/lib/python3.14/site-packages/httpx/_transports/default.py", line 118, in map_httpcore_exceptions
    raise mapped_exc(message) from exc
httpx.ProxyError: 403 Forbidden
2026-08-01 14:24:49  ERROR     Línea 8 [RI-007] (Ancyluris etias) — ProxyError: 403 Forbidden
Traceback (most recent call last):
  File "/Users/housinsectsoffperu/Neotropical Specimens Native/.venv-ingest/lib/python3.14/site-packages/httpx/_transports/default.py", line 101, in map_httpcore_exceptions
    yield
  File "/Users/housinsectsoffperu/Neotropical Specimens Native/.venv-ingest/lib/python3.14/site-packages/httpx/_transports/default.py", line 250, in handle_request
    resp = self._pool.handle_request(req)
  File "/Users/housinsectsoffperu/Neotropical Specimens Native/.venv-ingest/lib/python3.14/site-packages/httpcore/_sync/connection_pool.py", line 256, in handle_request
    raise exc from None
  File "/Users/housinsectsoffperu/Neotropical Specimens Native/.venv-ingest/lib/python3.14/site-packages/httpcore/_sync/connection_pool.py", line 236, in handle_request
    response = connection.handle_request(
        pool_request.request
    )
  File "/Users/housinsectsoffperu/Neotropical Specimens Native/.venv-ingest/lib/python3.14/site-packages/httpcore/_sync/http_proxy.py", line 297, in handle_request
    raise ProxyError(msg)
httpcore.ProxyError: 403 Forbidden

The above exception was the direct cause of the following exception:

Traceback (most recent call last):
  File "/Users/housinsectsoffperu/Neotropical Specimens Native/scripts/ingest_csv.py", line 831, in process_row
    region_id   = resolve_region(sb, r.region)
  File "/Users/housinsectsoffperu/Neotropical Specimens Native/scripts/ingest_csv.py", line 616, in resolve_region
    rid = _upsert(sb, "global_regions", {"region_name": region_name}, "region_name")
  File "/Users/housinsectsoffperu/Neotropical Specimens Native/scripts/ingest_csv.py", line 604, in _upsert
    res = sb.table(table).upsert(row, on_conflict=on_conflict).select("id").execute()
  File "/Users/housinsectsoffperu/Neotropical Specimens Native/.venv-ingest/lib/python3.14/site-packages/postgrest/_sync/request_builder.py", line 90, in execute
    r = send_with_retry(self.request)
  File "/Users/housinsectsoffperu/Neotropical Specimens Native/.venv-ingest/lib/python3.14/site-packages/postgrest/_sync/request_builder.py", line 51, in send_with_retry
    resp = req.send(headers)
  File "/Users/housinsectsoffperu/Neotropical Specimens Native/.venv-ingest/lib/python3.14/site-packages/postgrest/base_request_builder.py", line 90, in send
    return self.session.request(
           ~~~~~~~~~~~~~~~~~~~~^
        self.http_method,
        ^^^^^^^^^^^^^^^^^
    ...<4 lines>...
        auth=self.auth,
        ^^^^^^^^^^^^^^^
    )
    ^
  File "/Users/housinsectsoffperu/Neotropical Specimens Native/.venv-ingest/lib/python3.14/site-packages/httpx/_client.py", line 825, in request
    return self.send(request, auth=auth, follow_redirects=follow_redirects)
           ~~~~~~~~~^^^^^^^^^^^^^^^^^^^^^^^^^^^^^^^^^^^^^^^^^^^^^^^^^^^^^^^
  File "/Users/housinsectsoffperu/Neotropical Specimens Native/.venv-ingest/lib/python3.14/site-packages/httpx/_client.py", line 914, in send
    response = self._send_handling_auth(
        request,
    ...<2 lines>...
        history=[],
    )
  File "/Users/housinsectsoffperu/Neotropical Specimens Native/.venv-ingest/lib/python3.14/site-packages/httpx/_client.py", line 942, in _send_handling_auth
    response = self._send_handling_redirects(
        request,
        follow_redirects=follow_redirects,
        history=history,
    )
  File "/Users/housinsectsoffperu/Neotropical Specimens Native/.venv-ingest/lib/python3.14/site-packages/httpx/_client.py", line 979, in _send_handling_redirects
    response = self._send_single_request(request)
  File "/Users/housinsectsoffperu/Neotropical Specimens Native/.venv-ingest/lib/python3.14/site-packages/httpx/_client.py", line 1014, in _send_single_request
    response = transport.handle_request(request)
  File "/Users/housinsectsoffperu/Neotropical Specimens Native/.venv-ingest/lib/python3.14/site-packages/httpx/_transports/default.py", line 249, in handle_request
    with map_httpcore_exceptions():
         ~~~~~~~~~~~~~~~~~~~~~~~^^
  File "/usr/local/Cellar/python@3.14/3.14.5/Frameworks/Python.framework/Versions/3.14/lib/python3.14/contextlib.py", line 162, in __exit__
    self.gen.throw(value)
    ~~~~~~~~~~~~~~^^^^^^^
  File "/Users/housinsectsoffperu/Neotropical Specimens Native/.venv-ingest/lib/python3.14/site-packages/httpx/_transports/default.py", line 118, in map_httpcore_exceptions
    raise mapped_exc(message) from exc
httpx.ProxyError: 403 Forbidden
2026-08-01 14:24:49  ERROR     Línea 9 [RI-008] (Ancyluris formisissima venerabilis) — ProxyError: 403 Forbidden
Traceback (most recent call last):
  File "/Users/housinsectsoffperu/Neotropical Specimens Native/.venv-ingest/lib/python3.14/site-packages/httpx/_transports/default.py", line 101, in map_httpcore_exceptions
    yield
  File "/Users/housinsectsoffperu/Neotropical Specimens Native/.venv-ingest/lib/python3.14/site-packages/httpx/_transports/default.py", line 250, in handle_request
    resp = self._pool.handle_request(req)
  File "/Users/housinsectsoffperu/Neotropical Specimens Native/.venv-ingest/lib/python3.14/site-packages/httpcore/_sync/connection_pool.py", line 256, in handle_request
    raise exc from None
  File "/Users/housinsectsoffperu/Neotropical Specimens Native/.venv-ingest/lib/python3.14/site-packages/httpcore/_sync/connection_pool.py", line 236, in handle_request
    response = connection.handle_request(
        pool_request.request
    )
  File "/Users/housinsectsoffperu/Neotropical Specimens Native/.venv-ingest/lib/python3.14/site-packages/httpcore/_sync/http_proxy.py", line 297, in handle_request
    raise ProxyError(msg)
httpcore.ProxyError: 403 Forbidden

The above exception was the direct cause of the following exception:

Traceback (most recent call last):
  File "/Users/housinsectsoffperu/Neotropical Specimens Native/scripts/ingest_csv.py", line 831, in process_row
    region_id   = resolve_region(sb, r.region)
  File "/Users/housinsectsoffperu/Neotropical Specimens Native/scripts/ingest_csv.py", line 616, in resolve_region
    rid = _upsert(sb, "global_regions", {"region_name": region_name}, "region_name")
  File "/Users/housinsectsoffperu/Neotropical Specimens Native/scripts/ingest_csv.py", line 604, in _upsert
    res = sb.table(table).upsert(row, on_conflict=on_conflict).select("id").execute()
  File "/Users/housinsectsoffperu/Neotropical Specimens Native/.venv-ingest/lib/python3.14/site-packages/postgrest/_sync/request_builder.py", line 90, in execute
    r = send_with_retry(self.request)
  File "/Users/housinsectsoffperu/Neotropical Specimens Native/.venv-ingest/lib/python3.14/site-packages/postgrest/_sync/request_builder.py", line 51, in send_with_retry
    resp = req.send(headers)
  File "/Users/housinsectsoffperu/Neotropical Specimens Native/.venv-ingest/lib/python3.14/site-packages/postgrest/base_request_builder.py", line 90, in send
    return self.session.request(
           ~~~~~~~~~~~~~~~~~~~~^
        self.http_method,
        ^^^^^^^^^^^^^^^^^
    ...<4 lines>...
        auth=self.auth,
        ^^^^^^^^^^^^^^^
    )
    ^
  File "/Users/housinsectsoffperu/Neotropical Specimens Native/.venv-ingest/lib/python3.14/site-packages/httpx/_client.py", line 825, in request
    return self.send(request, auth=auth, follow_redirects=follow_redirects)
           ~~~~~~~~~^^^^^^^^^^^^^^^^^^^^^^^^^^^^^^^^^^^^^^^^^^^^^^^^^^^^^^^
  File "/Users/housinsectsoffperu/Neotropical Specimens Native/.venv-ingest/lib/python3.14/site-packages/httpx/_client.py", line 914, in send
    response = self._send_handling_auth(
        request,
    ...<2 lines>...
        history=[],
    )
  File "/Users/housinsectsoffperu/Neotropical Specimens Native/.venv-ingest/lib/python3.14/site-packages/httpx/_client.py", line 942, in _send_handling_auth
    response = self._send_handling_redirects(
        request,
        follow_redirects=follow_redirects,
        history=history,
    )
  File "/Users/housinsectsoffperu/Neotropical Specimens Native/.venv-ingest/lib/python3.14/site-packages/httpx/_client.py", line 979, in _send_handling_redirects
    response = self._send_single_request(request)
  File "/Users/housinsectsoffperu/Neotropical Specimens Native/.venv-ingest/lib/python3.14/site-packages/httpx/_client.py", line 1014, in _send_single_request
    response = transport.handle_request(request)
  File "/Users/housinsectsoffperu/Neotropical Specimens Native/.venv-ingest/lib/python3.14/site-packages/httpx/_transports/default.py", line 249, in handle_request
    with map_httpcore_exceptions():
         ~~~~~~~~~~~~~~~~~~~~~~~^^
  File "/usr/local/Cellar/python@3.14/3.14.5/Frameworks/Python.framework/Versions/3.14/lib/python3.14/contextlib.py", line 162, in __exit__
    self.gen.throw(value)
    ~~~~~~~~~~~~~~^^^^^^^
  File "/Users/housinsectsoffperu/Neotropical Specimens Native/.venv-ingest/lib/python3.14/site-packages/httpx/_transports/default.py", line 118, in map_httpcore_exceptions
    raise mapped_exc(message) from exc
httpx.ProxyError: 403 Forbidden
2026-08-01 14:24:50  ERROR     Línea 10 [RI-009] (Ancyluris formisissima venerabilis) — ProxyError: 403 Forbidden
Traceback (most recent call last):
  File "/Users/housinsectsoffperu/Neotropical Specimens Native/.venv-ingest/lib/python3.14/site-packages/httpx/_transports/default.py", line 101, in map_httpcore_exceptions
    yield
  File "/Users/housinsectsoffperu/Neotropical Specimens Native/.venv-ingest/lib/python3.14/site-packages/httpx/_transports/default.py", line 250, in handle_request
    resp = self._pool.handle_request(req)
  File "/Users/housinsectsoffperu/Neotropical Specimens Native/.venv-ingest/lib/python3.14/site-packages/httpcore/_sync/connection_pool.py", line 256, in handle_request
    raise exc from None
  File "/Users/housinsectsoffperu/Neotropical Specimens Native/.venv-ingest/lib/python3.14/site-packages/httpcore/_sync/connection_pool.py", line 236, in handle_request
    response = connection.handle_request(
        pool_request.request
    )
  File "/Users/housinsectsoffperu/Neotropical Specimens Native/.venv-ingest/lib/python3.14/site-packages/httpcore/_sync/http_proxy.py", line 297, in handle_request
    raise ProxyError(msg)
httpcore.ProxyError: 403 Forbidden

The above exception was the direct cause of the following exception:

Traceback (most recent call last):
  File "/Users/housinsectsoffperu/Neotropical Specimens Native/scripts/ingest_csv.py", line 831, in process_row
    region_id   = resolve_region(sb, r.region)
  File "/Users/housinsectsoffperu/Neotropical Specimens Native/scripts/ingest_csv.py", line 616, in resolve_region
    rid = _upsert(sb, "global_regions", {"region_name": region_name}, "region_name")
  File "/Users/housinsectsoffperu/Neotropical Specimens Native/scripts/ingest_csv.py", line 604, in _upsert
    res = sb.table(table).upsert(row, on_conflict=on_conflict).select("id").execute()
  File "/Users/housinsectsoffperu/Neotropical Specimens Native/.venv-ingest/lib/python3.14/site-packages/postgrest/_sync/request_builder.py", line 90, in execute
    r = send_with_retry(self.request)
  File "/Users/housinsectsoffperu/Neotropical Specimens Native/.venv-ingest/lib/python3.14/site-packages/postgrest/_sync/request_builder.py", line 51, in send_with_retry
    resp = req.send(headers)
  File "/Users/housinsectsoffperu/Neotropical Specimens Native/.venv-ingest/lib/python3.14/site-packages/postgrest/base_request_builder.py", line 90, in send
    return self.session.request(
           ~~~~~~~~~~~~~~~~~~~~^
        self.http_method,
        ^^^^^^^^^^^^^^^^^
    ...<4 lines>...
        auth=self.auth,
        ^^^^^^^^^^^^^^^
    )
    ^
  File "/Users/housinsectsoffperu/Neotropical Specimens Native/.venv-ingest/lib/python3.14/site-packages/httpx/_client.py", line 825, in request
    return self.send(request, auth=auth, follow_redirects=follow_redirects)
           ~~~~~~~~~^^^^^^^^^^^^^^^^^^^^^^^^^^^^^^^^^^^^^^^^^^^^^^^^^^^^^^^
  File "/Users/housinsectsoffperu/Neotropical Specimens Native/.venv-ingest/lib/python3.14/site-packages/httpx/_client.py", line 914, in send
    response = self._send_handling_auth(
        request,
    ...<2 lines>...
        history=[],
    )
  File "/Users/housinsectsoffperu/Neotropical Specimens Native/.venv-ingest/lib/python3.14/site-packages/httpx/_client.py", line 942, in _send_handling_auth
    response = self._send_handling_redirects(
        request,
        follow_redirects=follow_redirects,
        history=history,
    )
  File "/Users/housinsectsoffperu/Neotropical Specimens Native/.venv-ingest/lib/python3.14/site-packages/httpx/_client.py", line 979, in _send_handling_redirects
    response = self._send_single_request(request)
  File "/Users/housinsectsoffperu/Neotropical Specimens Native/.venv-ingest/lib/python3.14/site-packages/httpx/_client.py", line 1014, in _send_single_request
    response = transport.handle_request(request)
  File "/Users/housinsectsoffperu/Neotropical Specimens Native/.venv-ingest/lib/python3.14/site-packages/httpx/_transports/default.py", line 249, in handle_request
    with map_httpcore_exceptions():
         ~~~~~~~~~~~~~~~~~~~~~~~^^
  File "/usr/local/Cellar/python@3.14/3.14.5/Frameworks/Python.framework/Versions/3.14/lib/python3.14/contextlib.py", line 162, in __exit__
    self.gen.throw(value)
    ~~~~~~~~~~~~~~^^^^^^^
  File "/Users/housinsectsoffperu/Neotropical Specimens Native/.venv-ingest/lib/python3.14/site-packages/httpx/_transports/default.py", line 118, in map_httpcore_exceptions
    raise mapped_exc(message) from exc
httpx.ProxyError: 403 Forbidden
2026-08-01 14:24:50  ERROR     Línea 11 [RI-010] (Ancyluris formisissima venerabilis) — ProxyError: 403 Forbidden
Traceback (most recent call last):
  File "/Users/housinsectsoffperu/Neotropical Specimens Native/.venv-ingest/lib/python3.14/site-packages/httpx/_transports/default.py", line 101, in map_httpcore_exceptions
    yield
  File "/Users/housinsectsoffperu/Neotropical Specimens Native/.venv-ingest/lib/python3.14/site-packages/httpx/_transports/default.py", line 250, in handle_request
    resp = self._pool.handle_request(req)
  File "/Users/housinsectsoffperu/Neotropical Specimens Native/.venv-ingest/lib/python3.14/site-packages/httpcore/_sync/connection_pool.py", line 256, in handle_request
    raise exc from None
  File "/Users/housinsectsoffperu/Neotropical Specimens Native/.venv-ingest/lib/python3.14/site-packages/httpcore/_sync/connection_pool.py", line 236, in handle_request
    response = connection.handle_request(
        pool_request.request
    )
  File "/Users/housinsectsoffperu/Neotropical Specimens Native/.venv-ingest/lib/python3.14/site-packages/httpcore/_sync/http_proxy.py", line 297, in handle_request
    raise ProxyError(msg)
httpcore.ProxyError: 403 Forbidden

The above exception was the direct cause of the following exception:

Traceback (most recent call last):
  File "/Users/housinsectsoffperu/Neotropical Specimens Native/scripts/ingest_csv.py", line 831, in process_row
    region_id   = resolve_region(sb, r.region)
  File "/Users/housinsectsoffperu/Neotropical Specimens Native/scripts/ingest_csv.py", line 616, in resolve_region
    rid = _upsert(sb, "global_regions", {"region_name": region_name}, "region_name")
  File "/Users/housinsectsoffperu/Neotropical Specimens Native/scripts/ingest_csv.py", line 604, in _upsert
    res = sb.table(table).upsert(row, on_conflict=on_conflict).select("id").execute()
  File "/Users/housinsectsoffperu/Neotropical Specimens Native/.venv-ingest/lib/python3.14/site-packages/postgrest/_sync/request_builder.py", line 90, in execute
    r = send_with_retry(self.request)
  File "/Users/housinsectsoffperu/Neotropical Specimens Native/.venv-ingest/lib/python3.14/site-packages/postgrest/_sync/request_builder.py", line 51, in send_with_retry
    resp = req.send(headers)
  File "/Users/housinsectsoffperu/Neotropical Specimens Native/.venv-ingest/lib/python3.14/site-packages/postgrest/base_request_builder.py", line 90, in send
    return self.session.request(
           ~~~~~~~~~~~~~~~~~~~~^
        self.http_method,
        ^^^^^^^^^^^^^^^^^
    ...<4 lines>...
        auth=self.auth,
        ^^^^^^^^^^^^^^^
    )
    ^
  File "/Users/housinsectsoffperu/Neotropical Specimens Native/.venv-ingest/lib/python3.14/site-packages/httpx/_client.py", line 825, in request
    return self.send(request, auth=auth, follow_redirects=follow_redirects)
           ~~~~~~~~~^^^^^^^^^^^^^^^^^^^^^^^^^^^^^^^^^^^^^^^^^^^^^^^^^^^^^^^
  File "/Users/housinsectsoffperu/Neotropical Specimens Native/.venv-ingest/lib/python3.14/site-packages/httpx/_client.py", line 914, in send
    response = self._send_handling_auth(
        request,
    ...<2 lines>...
        history=[],
    )
  File "/Users/housinsectsoffperu/Neotropical Specimens Native/.venv-ingest/lib/python3.14/site-packages/httpx/_client.py", line 942, in _send_handling_auth
    response = self._send_handling_redirects(
        request,
        follow_redirects=follow_redirects,
        history=history,
    )
  File "/Users/housinsectsoffperu/Neotropical Specimens Native/.venv-ingest/lib/python3.14/site-packages/httpx/_client.py", line 979, in _send_handling_redirects
    response = self._send_single_request(request)
  File "/Users/housinsectsoffperu/Neotropical Specimens Native/.venv-ingest/lib/python3.14/site-packages/httpx/_client.py", line 1014, in _send_single_request
    response = transport.handle_request(request)
  File "/Users/housinsectsoffperu/Neotropical Specimens Native/.venv-ingest/lib/python3.14/site-packages/httpx/_transports/default.py", line 249, in handle_request
    with map_httpcore_exceptions():
         ~~~~~~~~~~~~~~~~~~~~~~~^^
  File "/usr/local/Cellar/python@3.14/3.14.5/Frameworks/Python.framework/Versions/3.14/lib/python3.14/contextlib.py", line 162, in __exit__
    self.gen.throw(value)
    ~~~~~~~~~~~~~~^^^^^^^
  File "/Users/housinsectsoffperu/Neotropical Specimens Native/.venv-ingest/lib/python3.14/site-packages/httpx/_transports/default.py", line 118, in map_httpcore_exceptions
    raise mapped_exc(message) from exc
httpx.ProxyError: 403 Forbidden
2026-08-01 14:24:50  ERROR     Línea 12 [RI-011] (Ancyluris formisissima venerabilis) — ProxyError: 403 Forbidden
Traceback (most recent call last):
  File "/Users/housinsectsoffperu/Neotropical Specimens Native/.venv-ingest/lib/python3.14/site-packages/httpx/_transports/default.py", line 101, in map_httpcore_exceptions
    yield
  File "/Users/housinsectsoffperu/Neotropical Specimens Native/.venv-ingest/lib/python3.14/site-packages/httpx/_transports/default.py", line 250, in handle_request
    resp = self._pool.handle_request(req)
  File "/Users/housinsectsoffperu/Neotropical Specimens Native/.venv-ingest/lib/python3.14/site-packages/httpcore/_sync/connection_pool.py", line 256, in handle_request
    raise exc from None
  File "/Users/housinsectsoffperu/Neotropical Specimens Native/.venv-ingest/lib/python3.14/site-packages/httpcore/_sync/connection_pool.py", line 236, in handle_request
    response = connection.handle_request(
        pool_request.request
    )
  File "/Users/housinsectsoffperu/Neotropical Specimens Native/.venv-ingest/lib/python3.14/site-packages/httpcore/_sync/http_proxy.py", line 297, in handle_request
    raise ProxyError(msg)
httpcore.ProxyError: 403 Forbidden

The above exception was the direct cause of the following exception:

Traceback (most recent call last):
  File "/Users/housinsectsoffperu/Neotropical Specimens Native/scripts/ingest_csv.py", line 831, in process_row
    region_id   = resolve_region(sb, r.region)
  File "/Users/housinsectsoffperu/Neotropical Specimens Native/scripts/ingest_csv.py", line 616, in resolve_region
    rid = _upsert(sb, "global_regions", {"region_name": region_name}, "region_name")
  File "/Users/housinsectsoffperu/Neotropical Specimens Native/scripts/ingest_csv.py", line 604, in _upsert
    res = sb.table(table).upsert(row, on_conflict=on_conflict).select("id").execute()
  File "/Users/housinsectsoffperu/Neotropical Specimens Native/.venv-ingest/lib/python3.14/site-packages/postgrest/_sync/request_builder.py", line 90, in execute
    r = send_with_retry(self.request)
  File "/Users/housinsectsoffperu/Neotropical Specimens Native/.venv-ingest/lib/python3.14/site-packages/postgrest/_sync/request_builder.py", line 51, in send_with_retry
    resp = req.send(headers)
  File "/Users/housinsectsoffperu/Neotropical Specimens Native/.venv-ingest/lib/python3.14/site-packages/postgrest/base_request_builder.py", line 90, in send
    return self.session.request(
           ~~~~~~~~~~~~~~~~~~~~^
        self.http_method,
        ^^^^^^^^^^^^^^^^^
    ...<4 lines>...
        auth=self.auth,
        ^^^^^^^^^^^^^^^
    )
    ^
  File "/Users/housinsectsoffperu/Neotropical Specimens Native/.venv-ingest/lib/python3.14/site-packages/httpx/_client.py", line 825, in request
    return self.send(request, auth=auth, follow_redirects=follow_redirects)
           ~~~~~~~~~^^^^^^^^^^^^^^^^^^^^^^^^^^^^^^^^^^^^^^^^^^^^^^^^^^^^^^^
  File "/Users/housinsectsoffperu/Neotropical Specimens Native/.venv-ingest/lib/python3.14/site-packages/httpx/_client.py", line 914, in send
    response = self._send_handling_auth(
        request,
    ...<2 lines>...
        history=[],
    )
  File "/Users/housinsectsoffperu/Neotropical Specimens Native/.venv-ingest/lib/python3.14/site-packages/httpx/_client.py", line 942, in _send_handling_auth
    response = self._send_handling_redirects(
        request,
        follow_redirects=follow_redirects,
        history=history,
    )
  File "/Users/housinsectsoffperu/Neotropical Specimens Native/.venv-ingest/lib/python3.14/site-packages/httpx/_client.py", line 979, in _send_handling_redirects
    response = self._send_single_request(request)
  File "/Users/housinsectsoffperu/Neotropical Specimens Native/.venv-ingest/lib/python3.14/site-packages/httpx/_client.py", line 1014, in _send_single_request
    response = transport.handle_request(request)
  File "/Users/housinsectsoffperu/Neotropical Specimens Native/.venv-ingest/lib/python3.14/site-packages/httpx/_transports/default.py", line 249, in handle_request
    with map_httpcore_exceptions():
         ~~~~~~~~~~~~~~~~~~~~~~~^^
  File "/usr/local/Cellar/python@3.14/3.14.5/Frameworks/Python.framework/Versions/3.14/lib/python3.14/contextlib.py", line 162, in __exit__
    self.gen.throw(value)
    ~~~~~~~~~~~~~~^^^^^^^
  File "/Users/housinsectsoffperu/Neotropical Specimens Native/.venv-ingest/lib/python3.14/site-packages/httpx/_transports/default.py", line 118, in map_httpcore_exceptions
    raise mapped_exc(message) from exc
httpx.ProxyError: 403 Forbidden
2026-08-01 14:24:50  ERROR     Línea 13 [RI-012] (Ancyluris formisissima venerabilis) — ProxyError: 403 Forbidden
Traceback (most recent call last):
  File "/Users/housinsectsoffperu/Neotropical Specimens Native/.venv-ingest/lib/python3.14/site-packages/httpx/_transports/default.py", line 101, in map_httpcore_exceptions
    yield
  File "/Users/housinsectsoffperu/Neotropical Specimens Native/.venv-ingest/lib/python3.14/site-packages/httpx/_transports/default.py", line 250, in handle_request
    resp = self._pool.handle_request(req)
  File "/Users/housinsectsoffperu/Neotropical Specimens Native/.venv-ingest/lib/python3.14/site-packages/httpcore/_sync/connection_pool.py", line 256, in handle_request
    raise exc from None
  File "/Users/housinsectsoffperu/Neotropical Specimens Native/.venv-ingest/lib/python3.14/site-packages/httpcore/_sync/connection_pool.py", line 236, in handle_request
    response = connection.handle_request(
        pool_request.request
    )
  File "/Users/housinsectsoffperu/Neotropical Specimens Native/.venv-ingest/lib/python3.14/site-packages/httpcore/_sync/http_proxy.py", line 297, in handle_request
    raise ProxyError(msg)
httpcore.ProxyError: 403 Forbidden

The above exception was the direct cause of the following exception:

Traceback (most recent call last):
  File "/Users/housinsectsoffperu/Neotropical Specimens Native/scripts/ingest_csv.py", line 831, in process_row
    region_id   = resolve_region(sb, r.region)
  File "/Users/housinsectsoffperu/Neotropical Specimens Native/scripts/ingest_csv.py", line 616, in resolve_region
    rid = _upsert(sb, "global_regions", {"region_name": region_name}, "region_name")
  File "/Users/housinsectsoffperu/Neotropical Specimens Native/scripts/ingest_csv.py", line 604, in _upsert
    res = sb.table(table).upsert(row, on_conflict=on_conflict).select("id").execute()
  File "/Users/housinsectsoffperu/Neotropical Specimens Native/.venv-ingest/lib/python3.14/site-packages/postgrest/_sync/request_builder.py", line 90, in execute
    r = send_with_retry(self.request)
  File "/Users/housinsectsoffperu/Neotropical Specimens Native/.venv-ingest/lib/python3.14/site-packages/postgrest/_sync/request_builder.py", line 51, in send_with_retry
    resp = req.send(headers)
  File "/Users/housinsectsoffperu/Neotropical Specimens Native/.venv-ingest/lib/python3.14/site-packages/postgrest/base_request_builder.py", line 90, in send
    return self.session.request(
           ~~~~~~~~~~~~~~~~~~~~^
        self.http_method,
        ^^^^^^^^^^^^^^^^^
    ...<4 lines>...
        auth=self.auth,
        ^^^^^^^^^^^^^^^
    )
    ^
  File "/Users/housinsectsoffperu/Neotropical Specimens Native/.venv-ingest/lib/python3.14/site-packages/httpx/_client.py", line 825, in request
    return self.send(request, auth=auth, follow_redirects=follow_redirects)
           ~~~~~~~~~^^^^^^^^^^^^^^^^^^^^^^^^^^^^^^^^^^^^^^^^^^^^^^^^^^^^^^^
  File "/Users/housinsectsoffperu/Neotropical Specimens Native/.venv-ingest/lib/python3.14/site-packages/httpx/_client.py", line 914, in send
    response = self._send_handling_auth(
        request,
    ...<2 lines>...
        history=[],
    )
  File "/Users/housinsectsoffperu/Neotropical Specimens Native/.venv-ingest/lib/python3.14/site-packages/httpx/_client.py", line 942, in _send_handling_auth
    response = self._send_handling_redirects(
        request,
        follow_redirects=follow_redirects,
        history=history,
    )
  File "/Users/housinsectsoffperu/Neotropical Specimens Native/.venv-ingest/lib/python3.14/site-packages/httpx/_client.py", line 979, in _send_handling_redirects
    response = self._send_single_request(request)
  File "/Users/housinsectsoffperu/Neotropical Specimens Native/.venv-ingest/lib/python3.14/site-packages/httpx/_client.py", line 1014, in _send_single_request
    response = transport.handle_request(request)
  File "/Users/housinsectsoffperu/Neotropical Specimens Native/.venv-ingest/lib/python3.14/site-packages/httpx/_transports/default.py", line 249, in handle_request
    with map_httpcore_exceptions():
         ~~~~~~~~~~~~~~~~~~~~~~~^^
  File "/usr/local/Cellar/python@3.14/3.14.5/Frameworks/Python.framework/Versions/3.14/lib/python3.14/contextlib.py", line 162, in __exit__
    self.gen.throw(value)
    ~~~~~~~~~~~~~~^^^^^^^
  File "/Users/housinsectsoffperu/Neotropical Specimens Native/.venv-ingest/lib/python3.14/site-packages/httpx/_transports/default.py", line 118, in map_httpcore_exceptions
    raise mapped_exc(message) from exc
httpx.ProxyError: 403 Forbidden
2026-08-01 14:24:50  ERROR     Línea 14 [RI-013] (Ancyluris formisissima venerabilis) — ProxyError: 403 Forbidden
Traceback (most recent call last):
  File "/Users/housinsectsoffperu/Neotropical Specimens Native/.venv-ingest/lib/python3.14/site-packages/httpx/_transports/default.py", line 101, in map_httpcore_exceptions
    yield
  File "/Users/housinsectsoffperu/Neotropical Specimens Native/.venv-ingest/lib/python3.14/site-packages/httpx/_transports/default.py", line 250, in handle_request
    resp = self._pool.handle_request(req)
  File "/Users/housinsectsoffperu/Neotropical Specimens Native/.venv-ingest/lib/python3.14/site-packages/httpcore/_sync/connection_pool.py", line 256, in handle_request
    raise exc from None
  File "/Users/housinsectsoffperu/Neotropical Specimens Native/.venv-ingest/lib/python3.14/site-packages/httpcore/_sync/connection_pool.py", line 236, in handle_request
    response = connection.handle_request(
        pool_request.request
    )
  File "/Users/housinsectsoffperu/Neotropical Specimens Native/.venv-ingest/lib/python3.14/site-packages/httpcore/_sync/http_proxy.py", line 297, in handle_request
    raise ProxyError(msg)
httpcore.ProxyError: 403 Forbidden

The above exception was the direct cause of the following exception:

Traceback (most recent call last):
  File "/Users/housinsectsoffperu/Neotropical Specimens Native/scripts/ingest_csv.py", line 831, in process_row
    region_id   = resolve_region(sb, r.region)
  File "/Users/housinsectsoffperu/Neotropical Specimens Native/scripts/ingest_csv.py", line 616, in resolve_region
    rid = _upsert(sb, "global_regions", {"region_name": region_name}, "region_name")
  File "/Users/housinsectsoffperu/Neotropical Specimens Native/scripts/ingest_csv.py", line 604, in _upsert
    res = sb.table(table).upsert(row, on_conflict=on_conflict).select("id").execute()
  File "/Users/housinsectsoffperu/Neotropical Specimens Native/.venv-ingest/lib/python3.14/site-packages/postgrest/_sync/request_builder.py", line 90, in execute
    r = send_with_retry(self.request)
  File "/Users/housinsectsoffperu/Neotropical Specimens Native/.venv-ingest/lib/python3.14/site-packages/postgrest/_sync/request_builder.py", line 51, in send_with_retry
    resp = req.send(headers)
  File "/Users/housinsectsoffperu/Neotropical Specimens Native/.venv-ingest/lib/python3.14/site-packages/postgrest/base_request_builder.py", line 90, in send
    return self.session.request(
           ~~~~~~~~~~~~~~~~~~~~^
        self.http_method,
        ^^^^^^^^^^^^^^^^^
    ...<4 lines>...
        auth=self.auth,
        ^^^^^^^^^^^^^^^
    )
    ^
  File "/Users/housinsectsoffperu/Neotropical Specimens Native/.venv-ingest/lib/python3.14/site-packages/httpx/_client.py", line 825, in request
    return self.send(request, auth=auth, follow_redirects=follow_redirects)
           ~~~~~~~~~^^^^^^^^^^^^^^^^^^^^^^^^^^^^^^^^^^^^^^^^^^^^^^^^^^^^^^^
  File "/Users/housinsectsoffperu/Neotropical Specimens Native/.venv-ingest/lib/python3.14/site-packages/httpx/_client.py", line 914, in send
    response = self._send_handling_auth(
        request,
    ...<2 lines>...
        history=[],
    )
  File "/Users/housinsectsoffperu/Neotropical Specimens Native/.venv-ingest/lib/python3.14/site-packages/httpx/_client.py", line 942, in _send_handling_auth
    response = self._send_handling_redirects(
        request,
        follow_redirects=follow_redirects,
        history=history,
    )
  File "/Users/housinsectsoffperu/Neotropical Specimens Native/.venv-ingest/lib/python3.14/site-packages/httpx/_client.py", line 979, in _send_handling_redirects
    response = self._send_single_request(request)
  File "/Users/housinsectsoffperu/Neotropical Specimens Native/.venv-ingest/lib/python3.14/site-packages/httpx/_client.py", line 1014, in _send_single_request
    response = transport.handle_request(request)
  File "/Users/housinsectsoffperu/Neotropical Specimens Native/.venv-ingest/lib/python3.14/site-packages/httpx/_transports/default.py", line 249, in handle_request
    with map_httpcore_exceptions():
         ~~~~~~~~~~~~~~~~~~~~~~~^^
  File "/usr/local/Cellar/python@3.14/3.14.5/Frameworks/Python.framework/Versions/3.14/lib/python3.14/contextlib.py", line 162, in __exit__
    self.gen.throw(value)
    ~~~~~~~~~~~~~~^^^^^^^
  File "/Users/housinsectsoffperu/Neotropical Specimens Native/.venv-ingest/lib/python3.14/site-packages/httpx/_transports/default.py", line 118, in map_httpcore_exceptions
    raise mapped_exc(message) from exc
httpx.ProxyError: 403 Forbidden
2026-08-01 14:24:50  ERROR     Línea 15 [RI-014] (Ancyluris formisissima venerabilis) — ProxyError: 403 Forbidden
Traceback (most recent call last):
  File "/Users/housinsectsoffperu/Neotropical Specimens Native/.venv-ingest/lib/python3.14/site-packages/httpx/_transports/default.py", line 101, in map_httpcore_exceptions
    yield
  File "/Users/housinsectsoffperu/Neotropical Specimens Native/.venv-ingest/lib/python3.14/site-packages/httpx/_transports/default.py", line 250, in handle_request
    resp = self._pool.handle_request(req)
  File "/Users/housinsectsoffperu/Neotropical Specimens Native/.venv-ingest/lib/python3.14/site-packages/httpcore/_sync/connection_pool.py", line 256, in handle_request
    raise exc from None
  File "/Users/housinsectsoffperu/Neotropical Specimens Native/.venv-ingest/lib/python3.14/site-packages/httpcore/_sync/connection_pool.py", line 236, in handle_request
    response = connection.handle_request(
        pool_request.request
    )
  File "/Users/housinsectsoffperu/Neotropical Specimens Native/.venv-ingest/lib/python3.14/site-packages/httpcore/_sync/http_proxy.py", line 297, in handle_request
    raise ProxyError(msg)
httpcore.ProxyError: 403 Forbidden

The above exception was the direct cause of the following exception:

Traceback (most recent call last):
  File "/Users/housinsectsoffperu/Neotropical Specimens Native/scripts/ingest_csv.py", line 831, in process_row
    region_id   = resolve_region(sb, r.region)
  File "/Users/housinsectsoffperu/Neotropical Specimens Native/scripts/ingest_csv.py", line 616, in resolve_region
    rid = _upsert(sb, "global_regions", {"region_name": region_name}, "region_name")
  File "/Users/housinsectsoffperu/Neotropical Specimens Native/scripts/ingest_csv.py", line 604, in _upsert
    res = sb.table(table).upsert(row, on_conflict=on_conflict).select("id").execute()
  File "/Users/housinsectsoffperu/Neotropical Specimens Native/.venv-ingest/lib/python3.14/site-packages/postgrest/_sync/request_builder.py", line 90, in execute
    r = send_with_retry(self.request)
  File "/Users/housinsectsoffperu/Neotropical Specimens Native/.venv-ingest/lib/python3.14/site-packages/postgrest/_sync/request_builder.py", line 51, in send_with_retry
    resp = req.send(headers)
  File "/Users/housinsectsoffperu/Neotropical Specimens Native/.venv-ingest/lib/python3.14/site-packages/postgrest/base_request_builder.py", line 90, in send
    return self.session.request(
           ~~~~~~~~~~~~~~~~~~~~^
        self.http_method,
        ^^^^^^^^^^^^^^^^^
    ...<4 lines>...
        auth=self.auth,
        ^^^^^^^^^^^^^^^
    )
    ^
  File "/Users/housinsectsoffperu/Neotropical Specimens Native/.venv-ingest/lib/python3.14/site-packages/httpx/_client.py", line 825, in request
    return self.send(request, auth=auth, follow_redirects=follow_redirects)
           ~~~~~~~~~^^^^^^^^^^^^^^^^^^^^^^^^^^^^^^^^^^^^^^^^^^^^^^^^^^^^^^^
  File "/Users/housinsectsoffperu/Neotropical Specimens Native/.venv-ingest/lib/python3.14/site-packages/httpx/_client.py", line 914, in send
    response = self._send_handling_auth(
        request,
    ...<2 lines>...
        history=[],
    )
  File "/Users/housinsectsoffperu/Neotropical Specimens Native/.venv-ingest/lib/python3.14/site-packages/httpx/_client.py", line 942, in _send_handling_auth
    response = self._send_handling_redirects(
        request,
        follow_redirects=follow_redirects,
        history=history,
    )
  File "/Users/housinsectsoffperu/Neotropical Specimens Native/.venv-ingest/lib/python3.14/site-packages/httpx/_client.py", line 979, in _send_handling_redirects
    response = self._send_single_request(request)
  File "/Users/housinsectsoffperu/Neotropical Specimens Native/.venv-ingest/lib/python3.14/site-packages/httpx/_client.py", line 1014, in _send_single_request
    response = transport.handle_request(request)
  File "/Users/housinsectsoffperu/Neotropical Specimens Native/.venv-ingest/lib/python3.14/site-packages/httpx/_transports/default.py", line 249, in handle_request
    with map_httpcore_exceptions():
         ~~~~~~~~~~~~~~~~~~~~~~~^^
  File "/usr/local/Cellar/python@3.14/3.14.5/Frameworks/Python.framework/Versions/3.14/lib/python3.14/contextlib.py", line 162, in __exit__
    self.gen.throw(value)
    ~~~~~~~~~~~~~~^^^^^^^
  File "/Users/housinsectsoffperu/Neotropical Specimens Native/.venv-ingest/lib/python3.14/site-packages/httpx/_transports/default.py", line 118, in map_httpcore_exceptions
    raise mapped_exc(message) from exc
httpx.ProxyError: 403 Forbidden
2026-08-01 14:24:50  ERROR     Línea 16 [RI-015] (Ancyluris huscar) — ProxyError: 403 Forbidden
Traceback (most recent call last):
  File "/Users/housinsectsoffperu/Neotropical Specimens Native/.venv-ingest/lib/python3.14/site-packages/httpx/_transports/default.py", line 101, in map_httpcore_exceptions
    yield
  File "/Users/housinsectsoffperu/Neotropical Specimens Native/.venv-ingest/lib/python3.14/site-packages/httpx/_transports/default.py", line 250, in handle_request
    resp = self._pool.handle_request(req)
  File "/Users/housinsectsoffperu/Neotropical Specimens Native/.venv-ingest/lib/python3.14/site-packages/httpcore/_sync/connection_pool.py", line 256, in handle_request
    raise exc from None
  File "/Users/housinsectsoffperu/Neotropical Specimens Native/.venv-ingest/lib/python3.14/site-packages/httpcore/_sync/connection_pool.py", line 236, in handle_request
    response = connection.handle_request(
        pool_request.request
    )
  File "/Users/housinsectsoffperu/Neotropical Specimens Native/.venv-ingest/lib/python3.14/site-packages/httpcore/_sync/http_proxy.py", line 297, in handle_request
    raise ProxyError(msg)
httpcore.ProxyError: 403 Forbidden

The above exception was the direct cause of the following exception:

Traceback (most recent call last):
  File "/Users/housinsectsoffperu/Neotropical Specimens Native/scripts/ingest_csv.py", line 831, in process_row
    region_id   = resolve_region(sb, r.region)
  File "/Users/housinsectsoffperu/Neotropical Specimens Native/scripts/ingest_csv.py", line 616, in resolve_region
    rid = _upsert(sb, "global_regions", {"region_name": region_name}, "region_name")
  File "/Users/housinsectsoffperu/Neotropical Specimens Native/scripts/ingest_csv.py", line 604, in _upsert
    res = sb.table(table).upsert(row, on_conflict=on_conflict).select("id").execute()
  File "/Users/housinsectsoffperu/Neotropical Specimens Native/.venv-ingest/lib/python3.14/site-packages/postgrest/_sync/request_builder.py", line 90, in execute
    r = send_with_retry(self.request)
  File "/Users/housinsectsoffperu/Neotropical Specimens Native/.venv-ingest/lib/python3.14/site-packages/postgrest/_sync/request_builder.py", line 51, in send_with_retry
    resp = req.send(headers)
  File "/Users/housinsectsoffperu/Neotropical Specimens Native/.venv-ingest/lib/python3.14/site-packages/postgrest/base_request_builder.py", line 90, in send
    return self.session.request(
           ~~~~~~~~~~~~~~~~~~~~^
        self.http_method,
        ^^^^^^^^^^^^^^^^^
    ...<4 lines>...
        auth=self.auth,
        ^^^^^^^^^^^^^^^
    )
    ^
  File "/Users/housinsectsoffperu/Neotropical Specimens Native/.venv-ingest/lib/python3.14/site-packages/httpx/_client.py", line 825, in request
    return self.send(request, auth=auth, follow_redirects=follow_redirects)
           ~~~~~~~~~^^^^^^^^^^^^^^^^^^^^^^^^^^^^^^^^^^^^^^^^^^^^^^^^^^^^^^^
  File "/Users/housinsectsoffperu/Neotropical Specimens Native/.venv-ingest/lib/python3.14/site-packages/httpx/_client.py", line 914, in send
    response = self._send_handling_auth(
        request,
    ...<2 lines>...
        history=[],
    )
  File "/Users/housinsectsoffperu/Neotropical Specimens Native/.venv-ingest/lib/python3.14/site-packages/httpx/_client.py", line 942, in _send_handling_auth
    response = self._send_handling_redirects(
        request,
        follow_redirects=follow_redirects,
        history=history,
    )
  File "/Users/housinsectsoffperu/Neotropical Specimens Native/.venv-ingest/lib/python3.14/site-packages/httpx/_client.py", line 979, in _send_handling_redirects
    response = self._send_single_request(request)
  File "/Users/housinsectsoffperu/Neotropical Specimens Native/.venv-ingest/lib/python3.14/site-packages/httpx/_client.py", line 1014, in _send_single_request
    response = transport.handle_request(request)
  File "/Users/housinsectsoffperu/Neotropical Specimens Native/.venv-ingest/lib/python3.14/site-packages/httpx/_transports/default.py", line 249, in handle_request
    with map_httpcore_exceptions():
         ~~~~~~~~~~~~~~~~~~~~~~~^^
  File "/usr/local/Cellar/python@3.14/3.14.5/Frameworks/Python.framework/Versions/3.14/lib/python3.14/contextlib.py", line 162, in __exit__
    self.gen.throw(value)
    ~~~~~~~~~~~~~~^^^^^^^
  File "/Users/housinsectsoffperu/Neotropical Specimens Native/.venv-ingest/lib/python3.14/site-packages/httpx/_transports/default.py", line 118, in map_httpcore_exceptions
    raise mapped_exc(message) from exc
httpx.ProxyError: 403 Forbidden
2026-08-01 14:24:50  ERROR     Línea 17 [RI-016] (Ancyluris inca huscar) — ProxyError: 403 Forbidden
Traceback (most recent call last):
  File "/Users/housinsectsoffperu/Neotropical Specimens Native/.venv-ingest/lib/python3.14/site-packages/httpx/_transports/default.py", line 101, in map_httpcore_exceptions
    yield
  File "/Users/housinsectsoffperu/Neotropical Specimens Native/.venv-ingest/lib/python3.14/site-packages/httpx/_transports/default.py", line 250, in handle_request
    resp = self._pool.handle_request(req)
  File "/Users/housinsectsoffperu/Neotropical Specimens Native/.venv-ingest/lib/python3.14/site-packages/httpcore/_sync/connection_pool.py", line 256, in handle_request
    raise exc from None
  File "/Users/housinsectsoffperu/Neotropical Specimens Native/.venv-ingest/lib/python3.14/site-packages/httpcore/_sync/connection_pool.py", line 236, in handle_request
    response = connection.handle_request(
        pool_request.request
    )
  File "/Users/housinsectsoffperu/Neotropical Specimens Native/.venv-ingest/lib/python3.14/site-packages/httpcore/_sync/http_proxy.py", line 297, in handle_request
    raise ProxyError(msg)
httpcore.ProxyError: 403 Forbidden

The above exception was the direct cause of the following exception:

Traceback (most recent call last):
  File "/Users/housinsectsoffperu/Neotropical Specimens Native/scripts/ingest_csv.py", line 831, in process_row
    region_id   = resolve_region(sb, r.region)
  File "/Users/housinsectsoffperu/Neotropical Specimens Native/scripts/ingest_csv.py", line 616, in resolve_region
    rid = _upsert(sb, "global_regions", {"region_name": region_name}, "region_name")
  File "/Users/housinsectsoffperu/Neotropical Specimens Native/scripts/ingest_csv.py", line 604, in _upsert
    res = sb.table(table).upsert(row, on_conflict=on_conflict).select("id").execute()
  File "/Users/housinsectsoffperu/Neotropical Specimens Native/.venv-ingest/lib/python3.14/site-packages/postgrest/_sync/request_builder.py", line 90, in execute
    r = send_with_retry(self.request)
  File "/Users/housinsectsoffperu/Neotropical Specimens Native/.venv-ingest/lib/python3.14/site-packages/postgrest/_sync/request_builder.py", line 51, in send_with_retry
    resp = req.send(headers)
  File "/Users/housinsectsoffperu/Neotropical Specimens Native/.venv-ingest/lib/python3.14/site-packages/postgrest/base_request_builder.py", line 90, in send
    return self.session.request(
           ~~~~~~~~~~~~~~~~~~~~^
        self.http_method,
        ^^^^^^^^^^^^^^^^^
    ...<4 lines>...
        auth=self.auth,
        ^^^^^^^^^^^^^^^
    )
    ^
  File "/Users/housinsectsoffperu/Neotropical Specimens Native/.venv-ingest/lib/python3.14/site-packages/httpx/_client.py", line 825, in request
    return self.send(request, auth=auth, follow_redirects=follow_redirects)
           ~~~~~~~~~^^^^^^^^^^^^^^^^^^^^^^^^^^^^^^^^^^^^^^^^^^^^^^^^^^^^^^^
  File "/Users/housinsectsoffperu/Neotropical Specimens Native/.venv-ingest/lib/python3.14/site-packages/httpx/_client.py", line 914, in send
    response = self._send_handling_auth(
        request,
    ...<2 lines>...
        history=[],
    )
  File "/Users/housinsectsoffperu/Neotropical Specimens Native/.venv-ingest/lib/python3.14/site-packages/httpx/_client.py", line 942, in _send_handling_auth
    response = self._send_handling_redirects(
        request,
        follow_redirects=follow_redirects,
        history=history,
    )
  File "/Users/housinsectsoffperu/Neotropical Specimens Native/.venv-ingest/lib/python3.14/site-packages/httpx/_client.py", line 979, in _send_handling_redirects
    response = self._send_single_request(request)
  File "/Users/housinsectsoffperu/Neotropical Specimens Native/.venv-ingest/lib/python3.14/site-packages/httpx/_client.py", line 1014, in _send_single_request
    response = transport.handle_request(request)
  File "/Users/housinsectsoffperu/Neotropical Specimens Native/.venv-ingest/lib/python3.14/site-packages/httpx/_transports/default.py", line 249, in handle_request
    with map_httpcore_exceptions():
         ~~~~~~~~~~~~~~~~~~~~~~~^^
  File "/usr/local/Cellar/python@3.14/3.14.5/Frameworks/Python.framework/Versions/3.14/lib/python3.14/contextlib.py", line 162, in __exit__
    self.gen.throw(value)
    ~~~~~~~~~~~~~~^^^^^^^
  File "/Users/housinsectsoffperu/Neotropical Specimens Native/.venv-ingest/lib/python3.14/site-packages/httpx/_transports/default.py", line 118, in map_httpcore_exceptions
    raise mapped_exc(message) from exc
httpx.ProxyError: 403 Forbidden
2026-08-01 14:24:51  ERROR     Línea 18 [RI-017] (Ancyluris meliboeus eudaemon) — ProxyError: 403 Forbidden
Traceback (most recent call last):
  File "/Users/housinsectsoffperu/Neotropical Specimens Native/.venv-ingest/lib/python3.14/site-packages/httpx/_transports/default.py", line 101, in map_httpcore_exceptions
    yield
  File "/Users/housinsectsoffperu/Neotropical Specimens Native/.venv-ingest/lib/python3.14/site-packages/httpx/_transports/default.py", line 250, in handle_request
    resp = self._pool.handle_request(req)
  File "/Users/housinsectsoffperu/Neotropical Specimens Native/.venv-ingest/lib/python3.14/site-packages/httpcore/_sync/connection_pool.py", line 256, in handle_request
    raise exc from None
  File "/Users/housinsectsoffperu/Neotropical Specimens Native/.venv-ingest/lib/python3.14/site-packages/httpcore/_sync/connection_pool.py", line 236, in handle_request
    response = connection.handle_request(
        pool_request.request
    )
  File "/Users/housinsectsoffperu/Neotropical Specimens Native/.venv-ingest/lib/python3.14/site-packages/httpcore/_sync/http_proxy.py", line 297, in handle_request
    raise ProxyError(msg)
httpcore.ProxyError: 403 Forbidden

The above exception was the direct cause of the following exception:

Traceback (most recent call last):
  File "/Users/housinsectsoffperu/Neotropical Specimens Native/scripts/ingest_csv.py", line 831, in process_row
    region_id   = resolve_region(sb, r.region)
  File "/Users/housinsectsoffperu/Neotropical Specimens Native/scripts/ingest_csv.py", line 616, in resolve_region
    rid = _upsert(sb, "global_regions", {"region_name": region_name}, "region_name")
  File "/Users/housinsectsoffperu/Neotropical Specimens Native/scripts/ingest_csv.py", line 604, in _upsert
    res = sb.table(table).upsert(row, on_conflict=on_conflict).select("id").execute()
  File "/Users/housinsectsoffperu/Neotropical Specimens Native/.venv-ingest/lib/python3.14/site-packages/postgrest/_sync/request_builder.py", line 90, in execute
    r = send_with_retry(self.request)
  File "/Users/housinsectsoffperu/Neotropical Specimens Native/.venv-ingest/lib/python3.14/site-packages/postgrest/_sync/request_builder.py", line 51, in send_with_retry
    resp = req.send(headers)
  File "/Users/housinsectsoffperu/Neotropical Specimens Native/.venv-ingest/lib/python3.14/site-packages/postgrest/base_request_builder.py", line 90, in send
    return self.session.request(
           ~~~~~~~~~~~~~~~~~~~~^
        self.http_method,
        ^^^^^^^^^^^^^^^^^
    ...<4 lines>...
        auth=self.auth,
        ^^^^^^^^^^^^^^^
    )
    ^
  File "/Users/housinsectsoffperu/Neotropical Specimens Native/.venv-ingest/lib/python3.14/site-packages/httpx/_client.py", line 825, in request
    return self.send(request, auth=auth, follow_redirects=follow_redirects)
           ~~~~~~~~~^^^^^^^^^^^^^^^^^^^^^^^^^^^^^^^^^^^^^^^^^^^^^^^^^^^^^^^
  File "/Users/housinsectsoffperu/Neotropical Specimens Native/.venv-ingest/lib/python3.14/site-packages/httpx/_client.py", line 914, in send
    response = self._send_handling_auth(
        request,
    ...<2 lines>...
        history=[],
    )
  File "/Users/housinsectsoffperu/Neotropical Specimens Native/.venv-ingest/lib/python3.14/site-packages/httpx/_client.py", line 942, in _send_handling_auth
    response = self._send_handling_redirects(
        request,
        follow_redirects=follow_redirects,
        history=history,
    )
  File "/Users/housinsectsoffperu/Neotropical Specimens Native/.venv-ingest/lib/python3.14/site-packages/httpx/_client.py", line 979, in _send_handling_redirects
    response = self._send_single_request(request)
  File "/Users/housinsectsoffperu/Neotropical Specimens Native/.venv-ingest/lib/python3.14/site-packages/httpx/_client.py", line 1014, in _send_single_request
    response = transport.handle_request(request)
  File "/Users/housinsectsoffperu/Neotropical Specimens Native/.venv-ingest/lib/python3.14/site-packages/httpx/_transports/default.py", line 249, in handle_request
    with map_httpcore_exceptions():
         ~~~~~~~~~~~~~~~~~~~~~~~^^
  File "/usr/local/Cellar/python@3.14/3.14.5/Frameworks/Python.framework/Versions/3.14/lib/python3.14/contextlib.py", line 162, in __exit__
    self.gen.throw(value)
    ~~~~~~~~~~~~~~^^^^^^^
  File "/Users/housinsectsoffperu/Neotropical Specimens Native/.venv-ingest/lib/python3.14/site-packages/httpx/_transports/default.py", line 118, in map_httpcore_exceptions
    raise mapped_exc(message) from exc
httpx.ProxyError: 403 Forbidden
2026-08-01 14:24:51  ERROR     Línea 19 [RI-018] (Ancyluris meliboeus eudaemon) — ProxyError: 403 Forbidden
Traceback (most recent call last):
  File "/Users/housinsectsoffperu/Neotropical Specimens Native/.venv-ingest/lib/python3.14/site-packages/httpx/_transports/default.py", line 101, in map_httpcore_exceptions
    yield
  File "/Users/housinsectsoffperu/Neotropical Specimens Native/.venv-ingest/lib/python3.14/site-packages/httpx/_transports/default.py", line 250, in handle_request
    resp = self._pool.handle_request(req)
  File "/Users/housinsectsoffperu/Neotropical Specimens Native/.venv-ingest/lib/python3.14/site-packages/httpcore/_sync/connection_pool.py", line 256, in handle_request
    raise exc from None
  File "/Users/housinsectsoffperu/Neotropical Specimens Native/.venv-ingest/lib/python3.14/site-packages/httpcore/_sync/connection_pool.py", line 236, in handle_request
    response = connection.handle_request(
        pool_request.request
    )
  File "/Users/housinsectsoffperu/Neotropical Specimens Native/.venv-ingest/lib/python3.14/site-packages/httpcore/_sync/http_proxy.py", line 297, in handle_request
    raise ProxyError(msg)
httpcore.ProxyError: 403 Forbidden

The above exception was the direct cause of the following exception:

Traceback (most recent call last):
  File "/Users/housinsectsoffperu/Neotropical Specimens Native/scripts/ingest_csv.py", line 831, in process_row
    region_id   = resolve_region(sb, r.region)
  File "/Users/housinsectsoffperu/Neotropical Specimens Native/scripts/ingest_csv.py", line 616, in resolve_region
    rid = _upsert(sb, "global_regions", {"region_name": region_name}, "region_name")
  File "/Users/housinsectsoffperu/Neotropical Specimens Native/scripts/ingest_csv.py", line 604, in _upsert
    res = sb.table(table).upsert(row, on_conflict=on_conflict).select("id").execute()
  File "/Users/housinsectsoffperu/Neotropical Specimens Native/.venv-ingest/lib/python3.14/site-packages/postgrest/_sync/request_builder.py", line 90, in execute
    r = send_with_retry(self.request)
  File "/Users/housinsectsoffperu/Neotropical Specimens Native/.venv-ingest/lib/python3.14/site-packages/postgrest/_sync/request_builder.py", line 51, in send_with_retry
    resp = req.send(headers)
  File "/Users/housinsectsoffperu/Neotropical Specimens Native/.venv-ingest/lib/python3.14/site-packages/postgrest/base_request_builder.py", line 90, in send
    return self.session.request(
           ~~~~~~~~~~~~~~~~~~~~^
        self.http_method,
        ^^^^^^^^^^^^^^^^^
    ...<4 lines>...
        auth=self.auth,
        ^^^^^^^^^^^^^^^
    )
    ^
  File "/Users/housinsectsoffperu/Neotropical Specimens Native/.venv-ingest/lib/python3.14/site-packages/httpx/_client.py", line 825, in request
    return self.send(request, auth=auth, follow_redirects=follow_redirects)
           ~~~~~~~~~^^^^^^^^^^^^^^^^^^^^^^^^^^^^^^^^^^^^^^^^^^^^^^^^^^^^^^^
  File "/Users/housinsectsoffperu/Neotropical Specimens Native/.venv-ingest/lib/python3.14/site-packages/httpx/_client.py", line 914, in send
    response = self._send_handling_auth(
        request,
    ...<2 lines>...
        history=[],
    )
  File "/Users/housinsectsoffperu/Neotropical Specimens Native/.venv-ingest/lib/python3.14/site-packages/httpx/_client.py", line 942, in _send_handling_auth
    response = self._send_handling_redirects(
        request,
        follow_redirects=follow_redirects,
        history=history,
    )
  File "/Users/housinsectsoffperu/Neotropical Specimens Native/.venv-ingest/lib/python3.14/site-packages/httpx/_client.py", line 979, in _send_handling_redirects
    response = self._send_single_request(request)
  File "/Users/housinsectsoffperu/Neotropical Specimens Native/.venv-ingest/lib/python3.14/site-packages/httpx/_client.py", line 1014, in _send_single_request
    response = transport.handle_request(request)
  File "/Users/housinsectsoffperu/Neotropical Specimens Native/.venv-ingest/lib/python3.14/site-packages/httpx/_transports/default.py", line 249, in handle_request
    with map_httpcore_exceptions():
         ~~~~~~~~~~~~~~~~~~~~~~~^^
  File "/usr/local/Cellar/python@3.14/3.14.5/Frameworks/Python.framework/Versions/3.14/lib/python3.14/contextlib.py", line 162, in __exit__
    self.gen.throw(value)
    ~~~~~~~~~~~~~~^^^^^^^
  File "/Users/housinsectsoffperu/Neotropical Specimens Native/.venv-ingest/lib/python3.14/site-packages/httpx/_transports/default.py", line 118, in map_httpcore_exceptions
    raise mapped_exc(message) from exc
httpx.ProxyError: 403 Forbidden
2026-08-01 14:24:51  ERROR     Línea 20 [RI-019] (Ancyluris mira) — ProxyError: 403 Forbidden
Traceback (most recent call last):
  File "/Users/housinsectsoffperu/Neotropical Specimens Native/.venv-ingest/lib/python3.14/site-packages/httpx/_transports/default.py", line 101, in map_httpcore_exceptions
    yield
  File "/Users/housinsectsoffperu/Neotropical Specimens Native/.venv-ingest/lib/python3.14/site-packages/httpx/_transports/default.py", line 250, in handle_request
    resp = self._pool.handle_request(req)
  File "/Users/housinsectsoffperu/Neotropical Specimens Native/.venv-ingest/lib/python3.14/site-packages/httpcore/_sync/connection_pool.py", line 256, in handle_request
    raise exc from None
  File "/Users/housinsectsoffperu/Neotropical Specimens Native/.venv-ingest/lib/python3.14/site-packages/httpcore/_sync/connection_pool.py", line 236, in handle_request
    response = connection.handle_request(
        pool_request.request
    )
  File "/Users/housinsectsoffperu/Neotropical Specimens Native/.venv-ingest/lib/python3.14/site-packages/httpcore/_sync/http_proxy.py", line 297, in handle_request
    raise ProxyError(msg)
httpcore.ProxyError: 403 Forbidden

The above exception was the direct cause of the following exception:

Traceback (most recent call last):
  File "/Users/housinsectsoffperu/Neotropical Specimens Native/scripts/ingest_csv.py", line 831, in process_row
    region_id   = resolve_region(sb, r.region)
  File "/Users/housinsectsoffperu/Neotropical Specimens Native/scripts/ingest_csv.py", line 616, in resolve_region
    rid = _upsert(sb, "global_regions", {"region_name": region_name}, "region_name")
  File "/Users/housinsectsoffperu/Neotropical Specimens Native/scripts/ingest_csv.py", line 604, in _upsert
    res = sb.table(table).upsert(row, on_conflict=on_conflict).select("id").execute()
  File "/Users/housinsectsoffperu/Neotropical Specimens Native/.venv-ingest/lib/python3.14/site-packages/postgrest/_sync/request_builder.py", line 90, in execute
    r = send_with_retry(self.request)
  File "/Users/housinsectsoffperu/Neotropical Specimens Native/.venv-ingest/lib/python3.14/site-packages/postgrest/_sync/request_builder.py", line 51, in send_with_retry
    resp = req.send(headers)
  File "/Users/housinsectsoffperu/Neotropical Specimens Native/.venv-ingest/lib/python3.14/site-packages/postgrest/base_request_builder.py", line 90, in send
    return self.session.request(
           ~~~~~~~~~~~~~~~~~~~~^
        self.http_method,
        ^^^^^^^^^^^^^^^^^
    ...<4 lines>...
        auth=self.auth,
        ^^^^^^^^^^^^^^^
    )
    ^
  File "/Users/housinsectsoffperu/Neotropical Specimens Native/.venv-ingest/lib/python3.14/site-packages/httpx/_client.py", line 825, in request
    return self.send(request, auth=auth, follow_redirects=follow_redirects)
           ~~~~~~~~~^^^^^^^^^^^^^^^^^^^^^^^^^^^^^^^^^^^^^^^^^^^^^^^^^^^^^^^
  File "/Users/housinsectsoffperu/Neotropical Specimens Native/.venv-ingest/lib/python3.14/site-packages/httpx/_client.py", line 914, in send
    response = self._send_handling_auth(
        request,
    ...<2 lines>...
        history=[],
    )
  File "/Users/housinsectsoffperu/Neotropical Specimens Native/.venv-ingest/lib/python3.14/site-packages/httpx/_client.py", line 942, in _send_handling_auth
    response = self._send_handling_redirects(
        request,
        follow_redirects=follow_redirects,
        history=history,
    )
  File "/Users/housinsectsoffperu/Neotropical Specimens Native/.venv-ingest/lib/python3.14/site-packages/httpx/_client.py", line 979, in _send_handling_redirects
    response = self._send_single_request(request)
  File "/Users/housinsectsoffperu/Neotropical Specimens Native/.venv-ingest/lib/python3.14/site-packages/httpx/_client.py", line 1014, in _send_single_request
    response = transport.handle_request(request)
  File "/Users/housinsectsoffperu/Neotropical Specimens Native/.venv-ingest/lib/python3.14/site-packages/httpx/_transports/default.py", line 249, in handle_request
    with map_httpcore_exceptions():
         ~~~~~~~~~~~~~~~~~~~~~~~^^
  File "/usr/local/Cellar/python@3.14/3.14.5/Frameworks/Python.framework/Versions/3.14/lib/python3.14/contextlib.py", line 162, in __exit__
    self.gen.throw(value)
    ~~~~~~~~~~~~~~^^^^^^^
  File "/Users/housinsectsoffperu/Neotropical Specimens Native/.venv-ingest/lib/python3.14/site-packages/httpx/_transports/default.py", line 118, in map_httpcore_exceptions
    raise mapped_exc(message) from exc
httpx.ProxyError: 403 Forbidden
2026-08-01 14:24:51  ERROR     Línea 21 [RI-020] (Ancyluris mira) — ProxyError: 403 Forbidden
Traceback (most recent call last):
  File "/Users/housinsectsoffperu/Neotropical Specimens Native/.venv-ingest/lib/python3.14/site-packages/httpx/_transports/default.py", line 101, in map_httpcore_exceptions
    yield
  File "/Users/housinsectsoffperu/Neotropical Specimens Native/.venv-ingest/lib/python3.14/site-packages/httpx/_transports/default.py", line 250, in handle_request
    resp = self._pool.handle_request(req)
  File "/Users/housinsectsoffperu/Neotropical Specimens Native/.venv-ingest/lib/python3.14/site-packages/httpcore/_sync/connection_pool.py", line 256, in handle_request
    raise exc from None
  File "/Users/housinsectsoffperu/Neotropical Specimens Native/.venv-ingest/lib/python3.14/site-packages/httpcore/_sync/connection_pool.py", line 236, in handle_request
    response = connection.handle_request(
        pool_request.request
    )
  File "/Users/housinsectsoffperu/Neotropical Specimens Native/.venv-ingest/lib/python3.14/site-packages/httpcore/_sync/http_proxy.py", line 297, in handle_request
    raise ProxyError(msg)
httpcore.ProxyError: 403 Forbidden

The above exception was the direct cause of the following exception:

Traceback (most recent call last):
  File "/Users/housinsectsoffperu/Neotropical Specimens Native/scripts/ingest_csv.py", line 831, in process_row
    region_id   = resolve_region(sb, r.region)
  File "/Users/housinsectsoffperu/Neotropical Specimens Native/scripts/ingest_csv.py", line 616, in resolve_region
    rid = _upsert(sb, "global_regions", {"region_name": region_name}, "region_name")
  File "/Users/housinsectsoffperu/Neotropical Specimens Native/scripts/ingest_csv.py", line 604, in _upsert
    res = sb.table(table).upsert(row, on_conflict=on_conflict).select("id").execute()
  File "/Users/housinsectsoffperu/Neotropical Specimens Native/.venv-ingest/lib/python3.14/site-packages/postgrest/_sync/request_builder.py", line 90, in execute
    r = send_with_retry(self.request)
  File "/Users/housinsectsoffperu/Neotropical Specimens Native/.venv-ingest/lib/python3.14/site-packages/postgrest/_sync/request_builder.py", line 51, in send_with_retry
    resp = req.send(headers)
  File "/Users/housinsectsoffperu/Neotropical Specimens Native/.venv-ingest/lib/python3.14/site-packages/postgrest/base_request_builder.py", line 90, in send
    return self.session.request(
           ~~~~~~~~~~~~~~~~~~~~^
        self.http_method,
        ^^^^^^^^^^^^^^^^^
    ...<4 lines>...
        auth=self.auth,
        ^^^^^^^^^^^^^^^
    )
    ^
  File "/Users/housinsectsoffperu/Neotropical Specimens Native/.venv-ingest/lib/python3.14/site-packages/httpx/_client.py", line 825, in request
    return self.send(request, auth=auth, follow_redirects=follow_redirects)
           ~~~~~~~~~^^^^^^^^^^^^^^^^^^^^^^^^^^^^^^^^^^^^^^^^^^^^^^^^^^^^^^^
  File "/Users/housinsectsoffperu/Neotropical Specimens Native/.venv-ingest/lib/python3.14/site-packages/httpx/_client.py", line 914, in send
    response = self._send_handling_auth(
        request,
    ...<2 lines>...
        history=[],
    )
  File "/Users/housinsectsoffperu/Neotropical Specimens Native/.venv-ingest/lib/python3.14/site-packages/httpx/_client.py", line 942, in _send_handling_auth
    response = self._send_handling_redirects(
        request,
        follow_redirects=follow_redirects,
        history=history,
    )
  File "/Users/housinsectsoffperu/Neotropical Specimens Native/.venv-ingest/lib/python3.14/site-packages/httpx/_client.py", line 979, in _send_handling_redirects
    response = self._send_single_request(request)
  File "/Users/housinsectsoffperu/Neotropical Specimens Native/.venv-ingest/lib/python3.14/site-packages/httpx/_client.py", line 1014, in _send_single_request
    response = transport.handle_request(request)
  File "/Users/housinsectsoffperu/Neotropical Specimens Native/.venv-ingest/lib/python3.14/site-packages/httpx/_transports/default.py", line 249, in handle_request
    with map_httpcore_exceptions():
         ~~~~~~~~~~~~~~~~~~~~~~~^^
  File "/usr/local/Cellar/python@3.14/3.14.5/Frameworks/Python.framework/Versions/3.14/lib/python3.14/contextlib.py", line 162, in __exit__
    self.gen.throw(value)
    ~~~~~~~~~~~~~~^^^^^^^
  File "/Users/housinsectsoffperu/Neotropical Specimens Native/.venv-ingest/lib/python3.14/site-packages/httpx/_transports/default.py", line 118, in map_httpcore_exceptions
    raise mapped_exc(message) from exc
httpx.ProxyError: 403 Forbidden
2026-08-01 14:24:51  ERROR     Línea 22 [RI-021] (Ancyluris mira) — ProxyError: 403 Forbidden
Traceback (most recent call last):
  File "/Users/housinsectsoffperu/Neotropical Specimens Native/.venv-ingest/lib/python3.14/site-packages/httpx/_transports/default.py", line 101, in map_httpcore_exceptions
    yield
  File "/Users/housinsectsoffperu/Neotropical Specimens Native/.venv-ingest/lib/python3.14/site-packages/httpx/_transports/default.py", line 250, in handle_request
    resp = self._pool.handle_request(req)
  File "/Users/housinsectsoffperu/Neotropical Specimens Native/.venv-ingest/lib/python3.14/site-packages/httpcore/_sync/connection_pool.py", line 256, in handle_request
    raise exc from None
  File "/Users/housinsectsoffperu/Neotropical Specimens Native/.venv-ingest/lib/python3.14/site-packages/httpcore/_sync/connection_pool.py", line 236, in handle_request
    response = connection.handle_request(
        pool_request.request
    )
  File "/Users/housinsectsoffperu/Neotropical Specimens Native/.venv-ingest/lib/python3.14/site-packages/httpcore/_sync/http_proxy.py", line 297, in handle_request
    raise ProxyError(msg)
httpcore.ProxyError: 403 Forbidden

The above exception was the direct cause of the following exception:

Traceback (most recent call last):
  File "/Users/housinsectsoffperu/Neotropical Specimens Native/scripts/ingest_csv.py", line 831, in process_row
    region_id   = resolve_region(sb, r.region)
  File "/Users/housinsectsoffperu/Neotropical Specimens Native/scripts/ingest_csv.py", line 616, in resolve_region
    rid = _upsert(sb, "global_regions", {"region_name": region_name}, "region_name")
  File "/Users/housinsectsoffperu/Neotropical Specimens Native/scripts/ingest_csv.py", line 604, in _upsert
    res = sb.table(table).upsert(row, on_conflict=on_conflict).select("id").execute()
  File "/Users/housinsectsoffperu/Neotropical Specimens Native/.venv-ingest/lib/python3.14/site-packages/postgrest/_sync/request_builder.py", line 90, in execute
    r = send_with_retry(self.request)
  File "/Users/housinsectsoffperu/Neotropical Specimens Native/.venv-ingest/lib/python3.14/site-packages/postgrest/_sync/request_builder.py", line 51, in send_with_retry
    resp = req.send(headers)
  File "/Users/housinsectsoffperu/Neotropical Specimens Native/.venv-ingest/lib/python3.14/site-packages/postgrest/base_request_builder.py", line 90, in send
    return self.session.request(
           ~~~~~~~~~~~~~~~~~~~~^
        self.http_method,
        ^^^^^^^^^^^^^^^^^
    ...<4 lines>...
        auth=self.auth,
        ^^^^^^^^^^^^^^^
    )
    ^
  File "/Users/housinsectsoffperu/Neotropical Specimens Native/.venv-ingest/lib/python3.14/site-packages/httpx/_client.py", line 825, in request
    return self.send(request, auth=auth, follow_redirects=follow_redirects)
           ~~~~~~~~~^^^^^^^^^^^^^^^^^^^^^^^^^^^^^^^^^^^^^^^^^^^^^^^^^^^^^^^
  File "/Users/housinsectsoffperu/Neotropical Specimens Native/.venv-ingest/lib/python3.14/site-packages/httpx/_client.py", line 914, in send
    response = self._send_handling_auth(
        request,
    ...<2 lines>...
        history=[],
    )
  File "/Users/housinsectsoffperu/Neotropical Specimens Native/.venv-ingest/lib/python3.14/site-packages/httpx/_client.py", line 942, in _send_handling_auth
    response = self._send_handling_redirects(
        request,
        follow_redirects=follow_redirects,
        history=history,
    )
  File "/Users/housinsectsoffperu/Neotropical Specimens Native/.venv-ingest/lib/python3.14/site-packages/httpx/_client.py", line 979, in _send_handling_redirects
    response = self._send_single_request(request)
  File "/Users/housinsectsoffperu/Neotropical Specimens Native/.venv-ingest/lib/python3.14/site-packages/httpx/_client.py", line 1014, in _send_single_request
    response = transport.handle_request(request)
  File "/Users/housinsectsoffperu/Neotropical Specimens Native/.venv-ingest/lib/python3.14/site-packages/httpx/_transports/default.py", line 249, in handle_request
    with map_httpcore_exceptions():
         ~~~~~~~~~~~~~~~~~~~~~~~^^
  File "/usr/local/Cellar/python@3.14/3.14.5/Frameworks/Python.framework/Versions/3.14/lib/python3.14/contextlib.py", line 162, in __exit__
    self.gen.throw(value)
    ~~~~~~~~~~~~~~^^^^^^^
  File "/Users/housinsectsoffperu/Neotropical Specimens Native/.venv-ingest/lib/python3.14/site-packages/httpx/_transports/default.py", line 118, in map_httpcore_exceptions
    raise mapped_exc(message) from exc
httpx.ProxyError: 403 Forbidden
2026-08-01 14:24:51  ERROR     Línea 23 [RI-022] (Ancyluris pulchra) — ProxyError: 403 Forbidden
Traceback (most recent call last):
  File "/Users/housinsectsoffperu/Neotropical Specimens Native/.venv-ingest/lib/python3.14/site-packages/httpx/_transports/default.py", line 101, in map_httpcore_exceptions
    yield
  File "/Users/housinsectsoffperu/Neotropical Specimens Native/.venv-ingest/lib/python3.14/site-packages/httpx/_transports/default.py", line 250, in handle_request
    resp = self._pool.handle_request(req)
  File "/Users/housinsectsoffperu/Neotropical Specimens Native/.venv-ingest/lib/python3.14/site-packages/httpcore/_sync/connection_pool.py", line 256, in handle_request
    raise exc from None
  File "/Users/housinsectsoffperu/Neotropical Specimens Native/.venv-ingest/lib/python3.14/site-packages/httpcore/_sync/connection_pool.py", line 236, in handle_request
    response = connection.handle_request(
        pool_request.request
    )
  File "/Users/housinsectsoffperu/Neotropical Specimens Native/.venv-ingest/lib/python3.14/site-packages/httpcore/_sync/http_proxy.py", line 297, in handle_request
    raise ProxyError(msg)
httpcore.ProxyError: 403 Forbidden

The above exception was the direct cause of the following exception:

Traceback (most recent call last):
  File "/Users/housinsectsoffperu/Neotropical Specimens Native/scripts/ingest_csv.py", line 831, in process_row
    region_id   = resolve_region(sb, r.region)
  File "/Users/housinsectsoffperu/Neotropical Specimens Native/scripts/ingest_csv.py", line 616, in resolve_region
    rid = _upsert(sb, "global_regions", {"region_name": region_name}, "region_name")
  File "/Users/housinsectsoffperu/Neotropical Specimens Native/scripts/ingest_csv.py", line 604, in _upsert
    res = sb.table(table).upsert(row, on_conflict=on_conflict).select("id").execute()
  File "/Users/housinsectsoffperu/Neotropical Specimens Native/.venv-ingest/lib/python3.14/site-packages/postgrest/_sync/request_builder.py", line 90, in execute
    r = send_with_retry(self.request)
  File "/Users/housinsectsoffperu/Neotropical Specimens Native/.venv-ingest/lib/python3.14/site-packages/postgrest/_sync/request_builder.py", line 51, in send_with_retry
    resp = req.send(headers)
  File "/Users/housinsectsoffperu/Neotropical Specimens Native/.venv-ingest/lib/python3.14/site-packages/postgrest/base_request_builder.py", line 90, in send
    return self.session.request(
           ~~~~~~~~~~~~~~~~~~~~^
        self.http_method,
        ^^^^^^^^^^^^^^^^^
    ...<4 lines>...
        auth=self.auth,
        ^^^^^^^^^^^^^^^
    )
    ^
  File "/Users/housinsectsoffperu/Neotropical Specimens Native/.venv-ingest/lib/python3.14/site-packages/httpx/_client.py", line 825, in request
    return self.send(request, auth=auth, follow_redirects=follow_redirects)
           ~~~~~~~~~^^^^^^^^^^^^^^^^^^^^^^^^^^^^^^^^^^^^^^^^^^^^^^^^^^^^^^^
  File "/Users/housinsectsoffperu/Neotropical Specimens Native/.venv-ingest/lib/python3.14/site-packages/httpx/_client.py", line 914, in send
    response = self._send_handling_auth(
        request,
    ...<2 lines>...
        history=[],
    )
  File "/Users/housinsectsoffperu/Neotropical Specimens Native/.venv-ingest/lib/python3.14/site-packages/httpx/_client.py", line 942, in _send_handling_auth
    response = self._send_handling_redirects(
        request,
        follow_redirects=follow_redirects,
        history=history,
    )
  File "/Users/housinsectsoffperu/Neotropical Specimens Native/.venv-ingest/lib/python3.14/site-packages/httpx/_client.py", line 979, in _send_handling_redirects
    response = self._send_single_request(request)
  File "/Users/housinsectsoffperu/Neotropical Specimens Native/.venv-ingest/lib/python3.14/site-packages/httpx/_client.py", line 1014, in _send_single_request
    response = transport.handle_request(request)
  File "/Users/housinsectsoffperu/Neotropical Specimens Native/.venv-ingest/lib/python3.14/site-packages/httpx/_transports/default.py", line 249, in handle_request
    with map_httpcore_exceptions():
         ~~~~~~~~~~~~~~~~~~~~~~~^^
  File "/usr/local/Cellar/python@3.14/3.14.5/Frameworks/Python.framework/Versions/3.14/lib/python3.14/contextlib.py", line 162, in __exit__
    self.gen.throw(value)
    ~~~~~~~~~~~~~~^^^^^^^
  File "/Users/housinsectsoffperu/Neotropical Specimens Native/.venv-ingest/lib/python3.14/site-packages/httpx/_transports/default.py", line 118, in map_httpcore_exceptions
    raise mapped_exc(message) from exc
httpx.ProxyError: 403 Forbidden
2026-08-01 14:24:51  ERROR     Línea 24 [RI-023] (Ancyluris pulchra) — ProxyError: 403 Forbidden
Traceback (most recent call last):
  File "/Users/housinsectsoffperu/Neotropical Specimens Native/.venv-ingest/lib/python3.14/site-packages/httpx/_transports/default.py", line 101, in map_httpcore_exceptions
    yield
  File "/Users/housinsectsoffperu/Neotropical Specimens Native/.venv-ingest/lib/python3.14/site-packages/httpx/_transports/default.py", line 250, in handle_request
    resp = self._pool.handle_request(req)
  File "/Users/housinsectsoffperu/Neotropical Specimens Native/.venv-ingest/lib/python3.14/site-packages/httpcore/_sync/connection_pool.py", line 256, in handle_request
    raise exc from None
  File "/Users/housinsectsoffperu/Neotropical Specimens Native/.venv-ingest/lib/python3.14/site-packages/httpcore/_sync/connection_pool.py", line 236, in handle_request
    response = connection.handle_request(
        pool_request.request
    )
  File "/Users/housinsectsoffperu/Neotropical Specimens Native/.venv-ingest/lib/python3.14/site-packages/httpcore/_sync/http_proxy.py", line 297, in handle_request
    raise ProxyError(msg)
httpcore.ProxyError: 403 Forbidden

The above exception was the direct cause of the following exception:

Traceback (most recent call last):
  File "/Users/housinsectsoffperu/Neotropical Specimens Native/scripts/ingest_csv.py", line 831, in process_row
    region_id   = resolve_region(sb, r.region)
  File "/Users/housinsectsoffperu/Neotropical Specimens Native/scripts/ingest_csv.py", line 616, in resolve_region
    rid = _upsert(sb, "global_regions", {"region_name": region_name}, "region_name")
  File "/Users/housinsectsoffperu/Neotropical Specimens Native/scripts/ingest_csv.py", line 604, in _upsert
    res = sb.table(table).upsert(row, on_conflict=on_conflict).select("id").execute()
  File "/Users/housinsectsoffperu/Neotropical Specimens Native/.venv-ingest/lib/python3.14/site-packages/postgrest/_sync/request_builder.py", line 90, in execute
    r = send_with_retry(self.request)
  File "/Users/housinsectsoffperu/Neotropical Specimens Native/.venv-ingest/lib/python3.14/site-packages/postgrest/_sync/request_builder.py", line 51, in send_with_retry
    resp = req.send(headers)
  File "/Users/housinsectsoffperu/Neotropical Specimens Native/.venv-ingest/lib/python3.14/site-packages/postgrest/base_request_builder.py", line 90, in send
    return self.session.request(
           ~~~~~~~~~~~~~~~~~~~~^
        self.http_method,
        ^^^^^^^^^^^^^^^^^
    ...<4 lines>...
        auth=self.auth,
        ^^^^^^^^^^^^^^^
    )
    ^
  File "/Users/housinsectsoffperu/Neotropical Specimens Native/.venv-ingest/lib/python3.14/site-packages/httpx/_client.py", line 825, in request
    return self.send(request, auth=auth, follow_redirects=follow_redirects)
           ~~~~~~~~~^^^^^^^^^^^^^^^^^^^^^^^^^^^^^^^^^^^^^^^^^^^^^^^^^^^^^^^
  File "/Users/housinsectsoffperu/Neotropical Specimens Native/.venv-ingest/lib/python3.14/site-packages/httpx/_client.py", line 914, in send
    response = self._send_handling_auth(
        request,
    ...<2 lines>...
        history=[],
    )
  File "/Users/housinsectsoffperu/Neotropical Specimens Native/.venv-ingest/lib/python3.14/site-packages/httpx/_client.py", line 942, in _send_handling_auth
    response = self._send_handling_redirects(
        request,
        follow_redirects=follow_redirects,
        history=history,
    )
  File "/Users/housinsectsoffperu/Neotropical Specimens Native/.venv-ingest/lib/python3.14/site-packages/httpx/_client.py", line 979, in _send_handling_redirects
    response = self._send_single_request(request)
  File "/Users/housinsectsoffperu/Neotropical Specimens Native/.venv-ingest/lib/python3.14/site-packages/httpx/_client.py", line 1014, in _send_single_request
    response = transport.handle_request(request)
  File "/Users/housinsectsoffperu/Neotropical Specimens Native/.venv-ingest/lib/python3.14/site-packages/httpx/_transports/default.py", line 249, in handle_request
    with map_httpcore_exceptions():
         ~~~~~~~~~~~~~~~~~~~~~~~^^
  File "/usr/local/Cellar/python@3.14/3.14.5/Frameworks/Python.framework/Versions/3.14/lib/python3.14/contextlib.py", line 162, in __exit__
    self.gen.throw(value)
    ~~~~~~~~~~~~~~^^^^^^^
  File "/Users/housinsectsoffperu/Neotropical Specimens Native/.venv-ingest/lib/python3.14/site-packages/httpx/_transports/default.py", line 118, in map_httpcore_exceptions
    raise mapped_exc(message) from exc
httpx.ProxyError: 403 Forbidden
2026-08-01 14:24:52  ERROR     Línea 25 [RI-024] (Cartea vitula) — ProxyError: 403 Forbidden
Traceback (most recent call last):
  File "/Users/housinsectsoffperu/Neotropical Specimens Native/.venv-ingest/lib/python3.14/site-packages/httpx/_transports/default.py", line 101, in map_httpcore_exceptions
    yield
  File "/Users/housinsectsoffperu/Neotropical Specimens Native/.venv-ingest/lib/python3.14/site-packages/httpx/_transports/default.py", line 250, in handle_request
    resp = self._pool.handle_request(req)
  File "/Users/housinsectsoffperu/Neotropical Specimens Native/.venv-ingest/lib/python3.14/site-packages/httpcore/_sync/connection_pool.py", line 256, in handle_request
    raise exc from None
  File "/Users/housinsectsoffperu/Neotropical Specimens Native/.venv-ingest/lib/python3.14/site-packages/httpcore/_sync/connection_pool.py", line 236, in handle_request
    response = connection.handle_request(
        pool_request.request
    )
  File "/Users/housinsectsoffperu/Neotropical Specimens Native/.venv-ingest/lib/python3.14/site-packages/httpcore/_sync/http_proxy.py", line 297, in handle_request
    raise ProxyError(msg)
httpcore.ProxyError: 403 Forbidden

The above exception was the direct cause of the following exception:

Traceback (most recent call last):
  File "/Users/housinsectsoffperu/Neotropical Specimens Native/scripts/ingest_csv.py", line 831, in process_row
    region_id   = resolve_region(sb, r.region)
  File "/Users/housinsectsoffperu/Neotropical Specimens Native/scripts/ingest_csv.py", line 616, in resolve_region
    rid = _upsert(sb, "global_regions", {"region_name": region_name}, "region_name")
  File "/Users/housinsectsoffperu/Neotropical Specimens Native/scripts/ingest_csv.py", line 604, in _upsert
    res = sb.table(table).upsert(row, on_conflict=on_conflict).select("id").execute()
  File "/Users/housinsectsoffperu/Neotropical Specimens Native/.venv-ingest/lib/python3.14/site-packages/postgrest/_sync/request_builder.py", line 90, in execute
    r = send_with_retry(self.request)
  File "/Users/housinsectsoffperu/Neotropical Specimens Native/.venv-ingest/lib/python3.14/site-packages/postgrest/_sync/request_builder.py", line 51, in send_with_retry
    resp = req.send(headers)
  File "/Users/housinsectsoffperu/Neotropical Specimens Native/.venv-ingest/lib/python3.14/site-packages/postgrest/base_request_builder.py", line 90, in send
    return self.session.request(
           ~~~~~~~~~~~~~~~~~~~~^
        self.http_method,
        ^^^^^^^^^^^^^^^^^
    ...<4 lines>...
        auth=self.auth,
        ^^^^^^^^^^^^^^^
    )
    ^
  File "/Users/housinsectsoffperu/Neotropical Specimens Native/.venv-ingest/lib/python3.14/site-packages/httpx/_client.py", line 825, in request
    return self.send(request, auth=auth, follow_redirects=follow_redirects)
           ~~~~~~~~~^^^^^^^^^^^^^^^^^^^^^^^^^^^^^^^^^^^^^^^^^^^^^^^^^^^^^^^
  File "/Users/housinsectsoffperu/Neotropical Specimens Native/.venv-ingest/lib/python3.14/site-packages/httpx/_client.py", line 914, in send
    response = self._send_handling_auth(
        request,
    ...<2 lines>...
        history=[],
    )
  File "/Users/housinsectsoffperu/Neotropical Specimens Native/.venv-ingest/lib/python3.14/site-packages/httpx/_client.py", line 942, in _send_handling_auth
    response = self._send_handling_redirects(
        request,
        follow_redirects=follow_redirects,
        history=history,
    )
  File "/Users/housinsectsoffperu/Neotropical Specimens Native/.venv-ingest/lib/python3.14/site-packages/httpx/_client.py", line 979, in _send_handling_redirects
    response = self._send_single_request(request)
  File "/Users/housinsectsoffperu/Neotropical Specimens Native/.venv-ingest/lib/python3.14/site-packages/httpx/_client.py", line 1014, in _send_single_request
    response = transport.handle_request(request)
  File "/Users/housinsectsoffperu/Neotropical Specimens Native/.venv-ingest/lib/python3.14/site-packages/httpx/_transports/default.py", line 249, in handle_request
    with map_httpcore_exceptions():
         ~~~~~~~~~~~~~~~~~~~~~~~^^
  File "/usr/local/Cellar/python@3.14/3.14.5/Frameworks/Python.framework/Versions/3.14/lib/python3.14/contextlib.py", line 162, in __exit__
    self.gen.throw(value)
    ~~~~~~~~~~~~~~^^^^^^^
  File "/Users/housinsectsoffperu/Neotropical Specimens Native/.venv-ingest/lib/python3.14/site-packages/httpx/_transports/default.py", line 118, in map_httpcore_exceptions
    raise mapped_exc(message) from exc
httpx.ProxyError: 403 Forbidden
2026-08-01 14:24:52  ERROR     Línea 26 [RI-025] (Cartea vitula) — ProxyError: 403 Forbidden
Traceback (most recent call last):
  File "/Users/housinsectsoffperu/Neotropical Specimens Native/.venv-ingest/lib/python3.14/site-packages/httpx/_transports/default.py", line 101, in map_httpcore_exceptions
    yield
  File "/Users/housinsectsoffperu/Neotropical Specimens Native/.venv-ingest/lib/python3.14/site-packages/httpx/_transports/default.py", line 250, in handle_request
    resp = self._pool.handle_request(req)
  File "/Users/housinsectsoffperu/Neotropical Specimens Native/.venv-ingest/lib/python3.14/site-packages/httpcore/_sync/connection_pool.py", line 256, in handle_request
    raise exc from None
  File "/Users/housinsectsoffperu/Neotropical Specimens Native/.venv-ingest/lib/python3.14/site-packages/httpcore/_sync/connection_pool.py", line 236, in handle_request
    response = connection.handle_request(
        pool_request.request
    )
  File "/Users/housinsectsoffperu/Neotropical Specimens Native/.venv-ingest/lib/python3.14/site-packages/httpcore/_sync/http_proxy.py", line 297, in handle_request
    raise ProxyError(msg)
httpcore.ProxyError: 403 Forbidden

The above exception was the direct cause of the following exception:

Traceback (most recent call last):
  File "/Users/housinsectsoffperu/Neotropical Specimens Native/scripts/ingest_csv.py", line 831, in process_row
    region_id   = resolve_region(sb, r.region)
  File "/Users/housinsectsoffperu/Neotropical Specimens Native/scripts/ingest_csv.py", line 616, in resolve_region
    rid = _upsert(sb, "global_regions", {"region_name": region_name}, "region_name")
  File "/Users/housinsectsoffperu/Neotropical Specimens Native/scripts/ingest_csv.py", line 604, in _upsert
    res = sb.table(table).upsert(row, on_conflict=on_conflict).select("id").execute()
  File "/Users/housinsectsoffperu/Neotropical Specimens Native/.venv-ingest/lib/python3.14/site-packages/postgrest/_sync/request_builder.py", line 90, in execute
    r = send_with_retry(self.request)
  File "/Users/housinsectsoffperu/Neotropical Specimens Native/.venv-ingest/lib/python3.14/site-packages/postgrest/_sync/request_builder.py", line 51, in send_with_retry
    resp = req.send(headers)
  File "/Users/housinsectsoffperu/Neotropical Specimens Native/.venv-ingest/lib/python3.14/site-packages/postgrest/base_request_builder.py", line 90, in send
    return self.session.request(
           ~~~~~~~~~~~~~~~~~~~~^
        self.http_method,
        ^^^^^^^^^^^^^^^^^
    ...<4 lines>...
        auth=self.auth,
        ^^^^^^^^^^^^^^^
    )
    ^
  File "/Users/housinsectsoffperu/Neotropical Specimens Native/.venv-ingest/lib/python3.14/site-packages/httpx/_client.py", line 825, in request
    return self.send(request, auth=auth, follow_redirects=follow_redirects)
           ~~~~~~~~~^^^^^^^^^^^^^^^^^^^^^^^^^^^^^^^^^^^^^^^^^^^^^^^^^^^^^^^
  File "/Users/housinsectsoffperu/Neotropical Specimens Native/.venv-ingest/lib/python3.14/site-packages/httpx/_client.py", line 914, in send
    response = self._send_handling_auth(
        request,
    ...<2 lines>...
        history=[],
    )
  File "/Users/housinsectsoffperu/Neotropical Specimens Native/.venv-ingest/lib/python3.14/site-packages/httpx/_client.py", line 942, in _send_handling_auth
    response = self._send_handling_redirects(
        request,
        follow_redirects=follow_redirects,
        history=history,
    )
  File "/Users/housinsectsoffperu/Neotropical Specimens Native/.venv-ingest/lib/python3.14/site-packages/httpx/_client.py", line 979, in _send_handling_redirects
    response = self._send_single_request(request)
  File "/Users/housinsectsoffperu/Neotropical Specimens Native/.venv-ingest/lib/python3.14/site-packages/httpx/_client.py", line 1014, in _send_single_request
    response = transport.handle_request(request)
  File "/Users/housinsectsoffperu/Neotropical Specimens Native/.venv-ingest/lib/python3.14/site-packages/httpx/_transports/default.py", line 249, in handle_request
    with map_httpcore_exceptions():
         ~~~~~~~~~~~~~~~~~~~~~~~^^
  File "/usr/local/Cellar/python@3.14/3.14.5/Frameworks/Python.framework/Versions/3.14/lib/python3.14/contextlib.py", line 162, in __exit__
    self.gen.throw(value)
    ~~~~~~~~~~~~~~^^^^^^^
  File "/Users/housinsectsoffperu/Neotropical Specimens Native/.venv-ingest/lib/python3.14/site-packages/httpx/_transports/default.py", line 118, in map_httpcore_exceptions
    raise mapped_exc(message) from exc
httpx.ProxyError: 403 Forbidden
2026-08-01 14:24:52  ERROR     Línea 27 [RI-026] (Chorinea amazon) — ProxyError: 403 Forbidden
Traceback (most recent call last):
  File "/Users/housinsectsoffperu/Neotropical Specimens Native/.venv-ingest/lib/python3.14/site-packages/httpx/_transports/default.py", line 101, in map_httpcore_exceptions
    yield
  File "/Users/housinsectsoffperu/Neotropical Specimens Native/.venv-ingest/lib/python3.14/site-packages/httpx/_transports/default.py", line 250, in handle_request
    resp = self._pool.handle_request(req)
  File "/Users/housinsectsoffperu/Neotropical Specimens Native/.venv-ingest/lib/python3.14/site-packages/httpcore/_sync/connection_pool.py", line 256, in handle_request
    raise exc from None
  File "/Users/housinsectsoffperu/Neotropical Specimens Native/.venv-ingest/lib/python3.14/site-packages/httpcore/_sync/connection_pool.py", line 236, in handle_request
    response = connection.handle_request(
        pool_request.request
    )
  File "/Users/housinsectsoffperu/Neotropical Specimens Native/.venv-ingest/lib/python3.14/site-packages/httpcore/_sync/http_proxy.py", line 297, in handle_request
    raise ProxyError(msg)
httpcore.ProxyError: 403 Forbidden

The above exception was the direct cause of the following exception:

Traceback (most recent call last):
  File "/Users/housinsectsoffperu/Neotropical Specimens Native/scripts/ingest_csv.py", line 831, in process_row
    region_id   = resolve_region(sb, r.region)
  File "/Users/housinsectsoffperu/Neotropical Specimens Native/scripts/ingest_csv.py", line 616, in resolve_region
    rid = _upsert(sb, "global_regions", {"region_name": region_name}, "region_name")
  File "/Users/housinsectsoffperu/Neotropical Specimens Native/scripts/ingest_csv.py", line 604, in _upsert
    res = sb.table(table).upsert(row, on_conflict=on_conflict).select("id").execute()
  File "/Users/housinsectsoffperu/Neotropical Specimens Native/.venv-ingest/lib/python3.14/site-packages/postgrest/_sync/request_builder.py", line 90, in execute
    r = send_with_retry(self.request)
  File "/Users/housinsectsoffperu/Neotropical Specimens Native/.venv-ingest/lib/python3.14/site-packages/postgrest/_sync/request_builder.py", line 51, in send_with_retry
    resp = req.send(headers)
  File "/Users/housinsectsoffperu/Neotropical Specimens Native/.venv-ingest/lib/python3.14/site-packages/postgrest/base_request_builder.py", line 90, in send
    return self.session.request(
           ~~~~~~~~~~~~~~~~~~~~^
        self.http_method,
        ^^^^^^^^^^^^^^^^^
    ...<4 lines>...
        auth=self.auth,
        ^^^^^^^^^^^^^^^
    )
    ^
  File "/Users/housinsectsoffperu/Neotropical Specimens Native/.venv-ingest/lib/python3.14/site-packages/httpx/_client.py", line 825, in request
    return self.send(request, auth=auth, follow_redirects=follow_redirects)
           ~~~~~~~~~^^^^^^^^^^^^^^^^^^^^^^^^^^^^^^^^^^^^^^^^^^^^^^^^^^^^^^^
  File "/Users/housinsectsoffperu/Neotropical Specimens Native/.venv-ingest/lib/python3.14/site-packages/httpx/_client.py", line 914, in send
    response = self._send_handling_auth(
        request,
    ...<2 lines>...
        history=[],
    )
  File "/Users/housinsectsoffperu/Neotropical Specimens Native/.venv-ingest/lib/python3.14/site-packages/httpx/_client.py", line 942, in _send_handling_auth
    response = self._send_handling_redirects(
        request,
        follow_redirects=follow_redirects,
        history=history,
    )
  File "/Users/housinsectsoffperu/Neotropical Specimens Native/.venv-ingest/lib/python3.14/site-packages/httpx/_client.py", line 979, in _send_handling_redirects
    response = self._send_single_request(request)
  File "/Users/housinsectsoffperu/Neotropical Specimens Native/.venv-ingest/lib/python3.14/site-packages/httpx/_client.py", line 1014, in _send_single_request
    response = transport.handle_request(request)
  File "/Users/housinsectsoffperu/Neotropical Specimens Native/.venv-ingest/lib/python3.14/site-packages/httpx/_transports/default.py", line 249, in handle_request
    with map_httpcore_exceptions():
         ~~~~~~~~~~~~~~~~~~~~~~~^^
  File "/usr/local/Cellar/python@3.14/3.14.5/Frameworks/Python.framework/Versions/3.14/lib/python3.14/contextlib.py", line 162, in __exit__
    self.gen.throw(value)
    ~~~~~~~~~~~~~~^^^^^^^
  File "/Users/housinsectsoffperu/Neotropical Specimens Native/.venv-ingest/lib/python3.14/site-packages/httpx/_transports/default.py", line 118, in map_httpcore_exceptions
    raise mapped_exc(message) from exc
httpx.ProxyError: 403 Forbidden
2026-08-01 14:24:52  ERROR     Línea 28 [RI-027] (Chorinea amazon) — ProxyError: 403 Forbidden
Traceback (most recent call last):
  File "/Users/housinsectsoffperu/Neotropical Specimens Native/.venv-ingest/lib/python3.14/site-packages/httpx/_transports/default.py", line 101, in map_httpcore_exceptions
    yield
  File "/Users/housinsectsoffperu/Neotropical Specimens Native/.venv-ingest/lib/python3.14/site-packages/httpx/_transports/default.py", line 250, in handle_request
    resp = self._pool.handle_request(req)
  File "/Users/housinsectsoffperu/Neotropical Specimens Native/.venv-ingest/lib/python3.14/site-packages/httpcore/_sync/connection_pool.py", line 256, in handle_request
    raise exc from None
  File "/Users/housinsectsoffperu/Neotropical Specimens Native/.venv-ingest/lib/python3.14/site-packages/httpcore/_sync/connection_pool.py", line 236, in handle_request
    response = connection.handle_request(
        pool_request.request
    )
  File "/Users/housinsectsoffperu/Neotropical Specimens Native/.venv-ingest/lib/python3.14/site-packages/httpcore/_sync/http_proxy.py", line 297, in handle_request
    raise ProxyError(msg)
httpcore.ProxyError: 403 Forbidden

The above exception was the direct cause of the following exception:

Traceback (most recent call last):
  File "/Users/housinsectsoffperu/Neotropical Specimens Native/scripts/ingest_csv.py", line 831, in process_row
    region_id   = resolve_region(sb, r.region)
  File "/Users/housinsectsoffperu/Neotropical Specimens Native/scripts/ingest_csv.py", line 616, in resolve_region
    rid = _upsert(sb, "global_regions", {"region_name": region_name}, "region_name")
  File "/Users/housinsectsoffperu/Neotropical Specimens Native/scripts/ingest_csv.py", line 604, in _upsert
    res = sb.table(table).upsert(row, on_conflict=on_conflict).select("id").execute()
  File "/Users/housinsectsoffperu/Neotropical Specimens Native/.venv-ingest/lib/python3.14/site-packages/postgrest/_sync/request_builder.py", line 90, in execute
    r = send_with_retry(self.request)
  File "/Users/housinsectsoffperu/Neotropical Specimens Native/.venv-ingest/lib/python3.14/site-packages/postgrest/_sync/request_builder.py", line 51, in send_with_retry
    resp = req.send(headers)
  File "/Users/housinsectsoffperu/Neotropical Specimens Native/.venv-ingest/lib/python3.14/site-packages/postgrest/base_request_builder.py", line 90, in send
    return self.session.request(
           ~~~~~~~~~~~~~~~~~~~~^
        self.http_method,
        ^^^^^^^^^^^^^^^^^
    ...<4 lines>...
        auth=self.auth,
        ^^^^^^^^^^^^^^^
    )
    ^
  File "/Users/housinsectsoffperu/Neotropical Specimens Native/.venv-ingest/lib/python3.14/site-packages/httpx/_client.py", line 825, in request
    return self.send(request, auth=auth, follow_redirects=follow_redirects)
           ~~~~~~~~~^^^^^^^^^^^^^^^^^^^^^^^^^^^^^^^^^^^^^^^^^^^^^^^^^^^^^^^
  File "/Users/housinsectsoffperu/Neotropical Specimens Native/.venv-ingest/lib/python3.14/site-packages/httpx/_client.py", line 914, in send
    response = self._send_handling_auth(
        request,
    ...<2 lines>...
        history=[],
    )
  File "/Users/housinsectsoffperu/Neotropical Specimens Native/.venv-ingest/lib/python3.14/site-packages/httpx/_client.py", line 942, in _send_handling_auth
    response = self._send_handling_redirects(
        request,
        follow_redirects=follow_redirects,
        history=history,
    )
  File "/Users/housinsectsoffperu/Neotropical Specimens Native/.venv-ingest/lib/python3.14/site-packages/httpx/_client.py", line 979, in _send_handling_redirects
    response = self._send_single_request(request)
  File "/Users/housinsectsoffperu/Neotropical Specimens Native/.venv-ingest/lib/python3.14/site-packages/httpx/_client.py", line 1014, in _send_single_request
    response = transport.handle_request(request)
  File "/Users/housinsectsoffperu/Neotropical Specimens Native/.venv-ingest/lib/python3.14/site-packages/httpx/_transports/default.py", line 249, in handle_request
    with map_httpcore_exceptions():
         ~~~~~~~~~~~~~~~~~~~~~~~^^
  File "/usr/local/Cellar/python@3.14/3.14.5/Frameworks/Python.framework/Versions/3.14/lib/python3.14/contextlib.py", line 162, in __exit__
    self.gen.throw(value)
    ~~~~~~~~~~~~~~^^^^^^^
  File "/Users/housinsectsoffperu/Neotropical Specimens Native/.venv-ingest/lib/python3.14/site-packages/httpx/_transports/default.py", line 118, in map_httpcore_exceptions
    raise mapped_exc(message) from exc
httpx.ProxyError: 403 Forbidden
2026-08-01 14:24:52  ERROR     Línea 29 [RI-028] (Chorinea batesii) — ProxyError: 403 Forbidden
Traceback (most recent call last):
  File "/Users/housinsectsoffperu/Neotropical Specimens Native/.venv-ingest/lib/python3.14/site-packages/httpx/_transports/default.py", line 101, in map_httpcore_exceptions
    yield
  File "/Users/housinsectsoffperu/Neotropical Specimens Native/.venv-ingest/lib/python3.14/site-packages/httpx/_transports/default.py", line 250, in handle_request
    resp = self._pool.handle_request(req)
  File "/Users/housinsectsoffperu/Neotropical Specimens Native/.venv-ingest/lib/python3.14/site-packages/httpcore/_sync/connection_pool.py", line 256, in handle_request
    raise exc from None
  File "/Users/housinsectsoffperu/Neotropical Specimens Native/.venv-ingest/lib/python3.14/site-packages/httpcore/_sync/connection_pool.py", line 236, in handle_request
    response = connection.handle_request(
        pool_request.request
    )
  File "/Users/housinsectsoffperu/Neotropical Specimens Native/.venv-ingest/lib/python3.14/site-packages/httpcore/_sync/http_proxy.py", line 297, in handle_request
    raise ProxyError(msg)
httpcore.ProxyError: 403 Forbidden

The above exception was the direct cause of the following exception:

Traceback (most recent call last):
  File "/Users/housinsectsoffperu/Neotropical Specimens Native/scripts/ingest_csv.py", line 831, in process_row
    region_id   = resolve_region(sb, r.region)
  File "/Users/housinsectsoffperu/Neotropical Specimens Native/scripts/ingest_csv.py", line 616, in resolve_region
    rid = _upsert(sb, "global_regions", {"region_name": region_name}, "region_name")
  File "/Users/housinsectsoffperu/Neotropical Specimens Native/scripts/ingest_csv.py", line 604, in _upsert
    res = sb.table(table).upsert(row, on_conflict=on_conflict).select("id").execute()
  File "/Users/housinsectsoffperu/Neotropical Specimens Native/.venv-ingest/lib/python3.14/site-packages/postgrest/_sync/request_builder.py", line 90, in execute
    r = send_with_retry(self.request)
  File "/Users/housinsectsoffperu/Neotropical Specimens Native/.venv-ingest/lib/python3.14/site-packages/postgrest/_sync/request_builder.py", line 51, in send_with_retry
    resp = req.send(headers)
  File "/Users/housinsectsoffperu/Neotropical Specimens Native/.venv-ingest/lib/python3.14/site-packages/postgrest/base_request_builder.py", line 90, in send
    return self.session.request(
           ~~~~~~~~~~~~~~~~~~~~^
        self.http_method,
        ^^^^^^^^^^^^^^^^^
    ...<4 lines>...
        auth=self.auth,
        ^^^^^^^^^^^^^^^
    )
    ^
  File "/Users/housinsectsoffperu/Neotropical Specimens Native/.venv-ingest/lib/python3.14/site-packages/httpx/_client.py", line 825, in request
    return self.send(request, auth=auth, follow_redirects=follow_redirects)
           ~~~~~~~~~^^^^^^^^^^^^^^^^^^^^^^^^^^^^^^^^^^^^^^^^^^^^^^^^^^^^^^^
  File "/Users/housinsectsoffperu/Neotropical Specimens Native/.venv-ingest/lib/python3.14/site-packages/httpx/_client.py", line 914, in send
    response = self._send_handling_auth(
        request,
    ...<2 lines>...
        history=[],
    )
  File "/Users/housinsectsoffperu/Neotropical Specimens Native/.venv-ingest/lib/python3.14/site-packages/httpx/_client.py", line 942, in _send_handling_auth
    response = self._send_handling_redirects(
        request,
        follow_redirects=follow_redirects,
        history=history,
    )
  File "/Users/housinsectsoffperu/Neotropical Specimens Native/.venv-ingest/lib/python3.14/site-packages/httpx/_client.py", line 979, in _send_handling_redirects
    response = self._send_single_request(request)
  File "/Users/housinsectsoffperu/Neotropical Specimens Native/.venv-ingest/lib/python3.14/site-packages/httpx/_client.py", line 1014, in _send_single_request
    response = transport.handle_request(request)
  File "/Users/housinsectsoffperu/Neotropical Specimens Native/.venv-ingest/lib/python3.14/site-packages/httpx/_transports/default.py", line 249, in handle_request
    with map_httpcore_exceptions():
         ~~~~~~~~~~~~~~~~~~~~~~~^^
  File "/usr/local/Cellar/python@3.14/3.14.5/Frameworks/Python.framework/Versions/3.14/lib/python3.14/contextlib.py", line 162, in __exit__
    self.gen.throw(value)
    ~~~~~~~~~~~~~~^^^^^^^
  File "/Users/housinsectsoffperu/Neotropical Specimens Native/.venv-ingest/lib/python3.14/site-packages/httpx/_transports/default.py", line 118, in map_httpcore_exceptions
    raise mapped_exc(message) from exc
httpx.ProxyError: 403 Forbidden
2026-08-01 14:24:52  ERROR     Línea 30 [RI-029] (Chorinea sylphina) — ProxyError: 403 Forbidden
Traceback (most recent call last):
  File "/Users/housinsectsoffperu/Neotropical Specimens Native/.venv-ingest/lib/python3.14/site-packages/httpx/_transports/default.py", line 101, in map_httpcore_exceptions
    yield
  File "/Users/housinsectsoffperu/Neotropical Specimens Native/.venv-ingest/lib/python3.14/site-packages/httpx/_transports/default.py", line 250, in handle_request
    resp = self._pool.handle_request(req)
  File "/Users/housinsectsoffperu/Neotropical Specimens Native/.venv-ingest/lib/python3.14/site-packages/httpcore/_sync/connection_pool.py", line 256, in handle_request
    raise exc from None
  File "/Users/housinsectsoffperu/Neotropical Specimens Native/.venv-ingest/lib/python3.14/site-packages/httpcore/_sync/connection_pool.py", line 236, in handle_request
    response = connection.handle_request(
        pool_request.request
    )
  File "/Users/housinsectsoffperu/Neotropical Specimens Native/.venv-ingest/lib/python3.14/site-packages/httpcore/_sync/http_proxy.py", line 297, in handle_request
    raise ProxyError(msg)
httpcore.ProxyError: 403 Forbidden

The above exception was the direct cause of the following exception:

Traceback (most recent call last):
  File "/Users/housinsectsoffperu/Neotropical Specimens Native/scripts/ingest_csv.py", line 831, in process_row
    region_id   = resolve_region(sb, r.region)
  File "/Users/housinsectsoffperu/Neotropical Specimens Native/scripts/ingest_csv.py", line 616, in resolve_region
    rid = _upsert(sb, "global_regions", {"region_name": region_name}, "region_name")
  File "/Users/housinsectsoffperu/Neotropical Specimens Native/scripts/ingest_csv.py", line 604, in _upsert
    res = sb.table(table).upsert(row, on_conflict=on_conflict).select("id").execute()
  File "/Users/housinsectsoffperu/Neotropical Specimens Native/.venv-ingest/lib/python3.14/site-packages/postgrest/_sync/request_builder.py", line 90, in execute
    r = send_with_retry(self.request)
  File "/Users/housinsectsoffperu/Neotropical Specimens Native/.venv-ingest/lib/python3.14/site-packages/postgrest/_sync/request_builder.py", line 51, in send_with_retry
    resp = req.send(headers)
  File "/Users/housinsectsoffperu/Neotropical Specimens Native/.venv-ingest/lib/python3.14/site-packages/postgrest/base_request_builder.py", line 90, in send
    return self.session.request(
           ~~~~~~~~~~~~~~~~~~~~^
        self.http_method,
        ^^^^^^^^^^^^^^^^^
    ...<4 lines>...
        auth=self.auth,
        ^^^^^^^^^^^^^^^
    )
    ^
  File "/Users/housinsectsoffperu/Neotropical Specimens Native/.venv-ingest/lib/python3.14/site-packages/httpx/_client.py", line 825, in request
    return self.send(request, auth=auth, follow_redirects=follow_redirects)
           ~~~~~~~~~^^^^^^^^^^^^^^^^^^^^^^^^^^^^^^^^^^^^^^^^^^^^^^^^^^^^^^^
  File "/Users/housinsectsoffperu/Neotropical Specimens Native/.venv-ingest/lib/python3.14/site-packages/httpx/_client.py", line 914, in send
    response = self._send_handling_auth(
        request,
    ...<2 lines>...
        history=[],
    )
  File "/Users/housinsectsoffperu/Neotropical Specimens Native/.venv-ingest/lib/python3.14/site-packages/httpx/_client.py", line 942, in _send_handling_auth
    response = self._send_handling_redirects(
        request,
        follow_redirects=follow_redirects,
        history=history,
    )
  File "/Users/housinsectsoffperu/Neotropical Specimens Native/.venv-ingest/lib/python3.14/site-packages/httpx/_client.py", line 979, in _send_handling_redirects
    response = self._send_single_request(request)
  File "/Users/housinsectsoffperu/Neotropical Specimens Native/.venv-ingest/lib/python3.14/site-packages/httpx/_client.py", line 1014, in _send_single_request
    response = transport.handle_request(request)
  File "/Users/housinsectsoffperu/Neotropical Specimens Native/.venv-ingest/lib/python3.14/site-packages/httpx/_transports/default.py", line 249, in handle_request
    with map_httpcore_exceptions():
         ~~~~~~~~~~~~~~~~~~~~~~~^^
  File "/usr/local/Cellar/python@3.14/3.14.5/Frameworks/Python.framework/Versions/3.14/lib/python3.14/contextlib.py", line 162, in __exit__
    self.gen.throw(value)
    ~~~~~~~~~~~~~~^^^^^^^
  File "/Users/housinsectsoffperu/Neotropical Specimens Native/.venv-ingest/lib/python3.14/site-packages/httpx/_transports/default.py", line 118, in map_httpcore_exceptions
    raise mapped_exc(message) from exc
httpx.ProxyError: 403 Forbidden
2026-08-01 14:24:52  ERROR     Línea 31 [RI-030] (Chorinea sylphina) — ProxyError: 403 Forbidden
Traceback (most recent call last):
  File "/Users/housinsectsoffperu/Neotropical Specimens Native/.venv-ingest/lib/python3.14/site-packages/httpx/_transports/default.py", line 101, in map_httpcore_exceptions
    yield
  File "/Users/housinsectsoffperu/Neotropical Specimens Native/.venv-ingest/lib/python3.14/site-packages/httpx/_transports/default.py", line 250, in handle_request
    resp = self._pool.handle_request(req)
  File "/Users/housinsectsoffperu/Neotropical Specimens Native/.venv-ingest/lib/python3.14/site-packages/httpcore/_sync/connection_pool.py", line 256, in handle_request
    raise exc from None
  File "/Users/housinsectsoffperu/Neotropical Specimens Native/.venv-ingest/lib/python3.14/site-packages/httpcore/_sync/connection_pool.py", line 236, in handle_request
    response = connection.handle_request(
        pool_request.request
    )
  File "/Users/housinsectsoffperu/Neotropical Specimens Native/.venv-ingest/lib/python3.14/site-packages/httpcore/_sync/http_proxy.py", line 297, in handle_request
    raise ProxyError(msg)
httpcore.ProxyError: 403 Forbidden

The above exception was the direct cause of the following exception:

Traceback (most recent call last):
  File "/Users/housinsectsoffperu/Neotropical Specimens Native/scripts/ingest_csv.py", line 831, in process_row
    region_id   = resolve_region(sb, r.region)
  File "/Users/housinsectsoffperu/Neotropical Specimens Native/scripts/ingest_csv.py", line 616, in resolve_region
    rid = _upsert(sb, "global_regions", {"region_name": region_name}, "region_name")
  File "/Users/housinsectsoffperu/Neotropical Specimens Native/scripts/ingest_csv.py", line 604, in _upsert
    res = sb.table(table).upsert(row, on_conflict=on_conflict).select("id").execute()
  File "/Users/housinsectsoffperu/Neotropical Specimens Native/.venv-ingest/lib/python3.14/site-packages/postgrest/_sync/request_builder.py", line 90, in execute
    r = send_with_retry(self.request)
  File "/Users/housinsectsoffperu/Neotropical Specimens Native/.venv-ingest/lib/python3.14/site-packages/postgrest/_sync/request_builder.py", line 51, in send_with_retry
    resp = req.send(headers)
  File "/Users/housinsectsoffperu/Neotropical Specimens Native/.venv-ingest/lib/python3.14/site-packages/postgrest/base_request_builder.py", line 90, in send
    return self.session.request(
           ~~~~~~~~~~~~~~~~~~~~^
        self.http_method,
        ^^^^^^^^^^^^^^^^^
    ...<4 lines>...
        auth=self.auth,
        ^^^^^^^^^^^^^^^
    )
    ^
  File "/Users/housinsectsoffperu/Neotropical Specimens Native/.venv-ingest/lib/python3.14/site-packages/httpx/_client.py", line 825, in request
    return self.send(request, auth=auth, follow_redirects=follow_redirects)
           ~~~~~~~~~^^^^^^^^^^^^^^^^^^^^^^^^^^^^^^^^^^^^^^^^^^^^^^^^^^^^^^^
  File "/Users/housinsectsoffperu/Neotropical Specimens Native/.venv-ingest/lib/python3.14/site-packages/httpx/_client.py", line 914, in send
    response = self._send_handling_auth(
        request,
    ...<2 lines>...
        history=[],
    )
  File "/Users/housinsectsoffperu/Neotropical Specimens Native/.venv-ingest/lib/python3.14/site-packages/httpx/_client.py", line 942, in _send_handling_auth
    response = self._send_handling_redirects(
        request,
        follow_redirects=follow_redirects,
        history=history,
    )
  File "/Users/housinsectsoffperu/Neotropical Specimens Native/.venv-ingest/lib/python3.14/site-packages/httpx/_client.py", line 979, in _send_handling_redirects
    response = self._send_single_request(request)
  File "/Users/housinsectsoffperu/Neotropical Specimens Native/.venv-ingest/lib/python3.14/site-packages/httpx/_client.py", line 1014, in _send_single_request
    response = transport.handle_request(request)
  File "/Users/housinsectsoffperu/Neotropical Specimens Native/.venv-ingest/lib/python3.14/site-packages/httpx/_transports/default.py", line 249, in handle_request
    with map_httpcore_exceptions():
         ~~~~~~~~~~~~~~~~~~~~~~~^^
  File "/usr/local/Cellar/python@3.14/3.14.5/Frameworks/Python.framework/Versions/3.14/lib/python3.14/contextlib.py", line 162, in __exit__
    self.gen.throw(value)
    ~~~~~~~~~~~~~~^^^^^^^
  File "/Users/housinsectsoffperu/Neotropical Specimens Native/.venv-ingest/lib/python3.14/site-packages/httpx/_transports/default.py", line 118, in map_httpcore_exceptions
    raise mapped_exc(message) from exc
httpx.ProxyError: 403 Forbidden
2026-08-01 14:24:52  ERROR     Línea 32 [RI-031] (Cremna acoris) — ProxyError: 403 Forbidden
Traceback (most recent call last):
  File "/Users/housinsectsoffperu/Neotropical Specimens Native/.venv-ingest/lib/python3.14/site-packages/httpx/_transports/default.py", line 101, in map_httpcore_exceptions
    yield
  File "/Users/housinsectsoffperu/Neotropical Specimens Native/.venv-ingest/lib/python3.14/site-packages/httpx/_transports/default.py", line 250, in handle_request
    resp = self._pool.handle_request(req)
  File "/Users/housinsectsoffperu/Neotropical Specimens Native/.venv-ingest/lib/python3.14/site-packages/httpcore/_sync/connection_pool.py", line 256, in handle_request
    raise exc from None
  File "/Users/housinsectsoffperu/Neotropical Specimens Native/.venv-ingest/lib/python3.14/site-packages/httpcore/_sync/connection_pool.py", line 236, in handle_request
    response = connection.handle_request(
        pool_request.request
    )
  File "/Users/housinsectsoffperu/Neotropical Specimens Native/.venv-ingest/lib/python3.14/site-packages/httpcore/_sync/http_proxy.py", line 297, in handle_request
    raise ProxyError(msg)
httpcore.ProxyError: 403 Forbidden

The above exception was the direct cause of the following exception:

Traceback (most recent call last):
  File "/Users/housinsectsoffperu/Neotropical Specimens Native/scripts/ingest_csv.py", line 831, in process_row
    region_id   = resolve_region(sb, r.region)
  File "/Users/housinsectsoffperu/Neotropical Specimens Native/scripts/ingest_csv.py", line 616, in resolve_region
    rid = _upsert(sb, "global_regions", {"region_name": region_name}, "region_name")
  File "/Users/housinsectsoffperu/Neotropical Specimens Native/scripts/ingest_csv.py", line 604, in _upsert
    res = sb.table(table).upsert(row, on_conflict=on_conflict).select("id").execute()
  File "/Users/housinsectsoffperu/Neotropical Specimens Native/.venv-ingest/lib/python3.14/site-packages/postgrest/_sync/request_builder.py", line 90, in execute
    r = send_with_retry(self.request)
  File "/Users/housinsectsoffperu/Neotropical Specimens Native/.venv-ingest/lib/python3.14/site-packages/postgrest/_sync/request_builder.py", line 51, in send_with_retry
    resp = req.send(headers)
  File "/Users/housinsectsoffperu/Neotropical Specimens Native/.venv-ingest/lib/python3.14/site-packages/postgrest/base_request_builder.py", line 90, in send
    return self.session.request(
           ~~~~~~~~~~~~~~~~~~~~^
        self.http_method,
        ^^^^^^^^^^^^^^^^^
    ...<4 lines>...
        auth=self.auth,
        ^^^^^^^^^^^^^^^
    )
    ^
  File "/Users/housinsectsoffperu/Neotropical Specimens Native/.venv-ingest/lib/python3.14/site-packages/httpx/_client.py", line 825, in request
    return self.send(request, auth=auth, follow_redirects=follow_redirects)
           ~~~~~~~~~^^^^^^^^^^^^^^^^^^^^^^^^^^^^^^^^^^^^^^^^^^^^^^^^^^^^^^^
  File "/Users/housinsectsoffperu/Neotropical Specimens Native/.venv-ingest/lib/python3.14/site-packages/httpx/_client.py", line 914, in send
    response = self._send_handling_auth(
        request,
    ...<2 lines>...
        history=[],
    )
  File "/Users/housinsectsoffperu/Neotropical Specimens Native/.venv-ingest/lib/python3.14/site-packages/httpx/_client.py", line 942, in _send_handling_auth
    response = self._send_handling_redirects(
        request,
        follow_redirects=follow_redirects,
        history=history,
    )
  File "/Users/housinsectsoffperu/Neotropical Specimens Native/.venv-ingest/lib/python3.14/site-packages/httpx/_client.py", line 979, in _send_handling_redirects
    response = self._send_single_request(request)
  File "/Users/housinsectsoffperu/Neotropical Specimens Native/.venv-ingest/lib/python3.14/site-packages/httpx/_client.py", line 1014, in _send_single_request
    response = transport.handle_request(request)
  File "/Users/housinsectsoffperu/Neotropical Specimens Native/.venv-ingest/lib/python3.14/site-packages/httpx/_transports/default.py", line 249, in handle_request
    with map_httpcore_exceptions():
         ~~~~~~~~~~~~~~~~~~~~~~~^^
  File "/usr/local/Cellar/python@3.14/3.14.5/Frameworks/Python.framework/Versions/3.14/lib/python3.14/contextlib.py", line 162, in __exit__
    self.gen.throw(value)
    ~~~~~~~~~~~~~~^^^^^^^
  File "/Users/housinsectsoffperu/Neotropical Specimens Native/.venv-ingest/lib/python3.14/site-packages/httpx/_transports/default.py", line 118, in map_httpcore_exceptions
    raise mapped_exc(message) from exc
httpx.ProxyError: 403 Forbidden
2026-08-01 14:24:53  ERROR     Línea 33 [RI-032] (Eurybia halimede) — ProxyError: 403 Forbidden
Traceback (most recent call last):
  File "/Users/housinsectsoffperu/Neotropical Specimens Native/.venv-ingest/lib/python3.14/site-packages/httpx/_transports/default.py", line 101, in map_httpcore_exceptions
    yield
  File "/Users/housinsectsoffperu/Neotropical Specimens Native/.venv-ingest/lib/python3.14/site-packages/httpx/_transports/default.py", line 250, in handle_request
    resp = self._pool.handle_request(req)
  File "/Users/housinsectsoffperu/Neotropical Specimens Native/.venv-ingest/lib/python3.14/site-packages/httpcore/_sync/connection_pool.py", line 256, in handle_request
    raise exc from None
  File "/Users/housinsectsoffperu/Neotropical Specimens Native/.venv-ingest/lib/python3.14/site-packages/httpcore/_sync/connection_pool.py", line 236, in handle_request
    response = connection.handle_request(
        pool_request.request
    )
  File "/Users/housinsectsoffperu/Neotropical Specimens Native/.venv-ingest/lib/python3.14/site-packages/httpcore/_sync/http_proxy.py", line 297, in handle_request
    raise ProxyError(msg)
httpcore.ProxyError: 403 Forbidden

The above exception was the direct cause of the following exception:

Traceback (most recent call last):
  File "/Users/housinsectsoffperu/Neotropical Specimens Native/scripts/ingest_csv.py", line 831, in process_row
    region_id   = resolve_region(sb, r.region)
  File "/Users/housinsectsoffperu/Neotropical Specimens Native/scripts/ingest_csv.py", line 616, in resolve_region
    rid = _upsert(sb, "global_regions", {"region_name": region_name}, "region_name")
  File "/Users/housinsectsoffperu/Neotropical Specimens Native/scripts/ingest_csv.py", line 604, in _upsert
    res = sb.table(table).upsert(row, on_conflict=on_conflict).select("id").execute()
  File "/Users/housinsectsoffperu/Neotropical Specimens Native/.venv-ingest/lib/python3.14/site-packages/postgrest/_sync/request_builder.py", line 90, in execute
    r = send_with_retry(self.request)
  File "/Users/housinsectsoffperu/Neotropical Specimens Native/.venv-ingest/lib/python3.14/site-packages/postgrest/_sync/request_builder.py", line 51, in send_with_retry
    resp = req.send(headers)
  File "/Users/housinsectsoffperu/Neotropical Specimens Native/.venv-ingest/lib/python3.14/site-packages/postgrest/base_request_builder.py", line 90, in send
    return self.session.request(
           ~~~~~~~~~~~~~~~~~~~~^
        self.http_method,
        ^^^^^^^^^^^^^^^^^
    ...<4 lines>...
        auth=self.auth,
        ^^^^^^^^^^^^^^^
    )
    ^
  File "/Users/housinsectsoffperu/Neotropical Specimens Native/.venv-ingest/lib/python3.14/site-packages/httpx/_client.py", line 825, in request
    return self.send(request, auth=auth, follow_redirects=follow_redirects)
           ~~~~~~~~~^^^^^^^^^^^^^^^^^^^^^^^^^^^^^^^^^^^^^^^^^^^^^^^^^^^^^^^
  File "/Users/housinsectsoffperu/Neotropical Specimens Native/.venv-ingest/lib/python3.14/site-packages/httpx/_client.py", line 914, in send
    response = self._send_handling_auth(
        request,
    ...<2 lines>...
        history=[],
    )
  File "/Users/housinsectsoffperu/Neotropical Specimens Native/.venv-ingest/lib/python3.14/site-packages/httpx/_client.py", line 942, in _send_handling_auth
    response = self._send_handling_redirects(
        request,
        follow_redirects=follow_redirects,
        history=history,
    )
  File "/Users/housinsectsoffperu/Neotropical Specimens Native/.venv-ingest/lib/python3.14/site-packages/httpx/_client.py", line 979, in _send_handling_redirects
    response = self._send_single_request(request)
  File "/Users/housinsectsoffperu/Neotropical Specimens Native/.venv-ingest/lib/python3.14/site-packages/httpx/_client.py", line 1014, in _send_single_request
    response = transport.handle_request(request)
  File "/Users/housinsectsoffperu/Neotropical Specimens Native/.venv-ingest/lib/python3.14/site-packages/httpx/_transports/default.py", line 249, in handle_request
    with map_httpcore_exceptions():
         ~~~~~~~~~~~~~~~~~~~~~~~^^
  File "/usr/local/Cellar/python@3.14/3.14.5/Frameworks/Python.framework/Versions/3.14/lib/python3.14/contextlib.py", line 162, in __exit__
    self.gen.throw(value)
    ~~~~~~~~~~~~~~^^^^^^^
  File "/Users/housinsectsoffperu/Neotropical Specimens Native/.venv-ingest/lib/python3.14/site-packages/httpx/_transports/default.py", line 118, in map_httpcore_exceptions
    raise mapped_exc(message) from exc
httpx.ProxyError: 403 Forbidden
2026-08-01 14:24:53  ERROR     Línea 34 [RI-033] (Lyropteryx appollonia) — ProxyError: 403 Forbidden
Traceback (most recent call last):
  File "/Users/housinsectsoffperu/Neotropical Specimens Native/.venv-ingest/lib/python3.14/site-packages/httpx/_transports/default.py", line 101, in map_httpcore_exceptions
    yield
  File "/Users/housinsectsoffperu/Neotropical Specimens Native/.venv-ingest/lib/python3.14/site-packages/httpx/_transports/default.py", line 250, in handle_request
    resp = self._pool.handle_request(req)
  File "/Users/housinsectsoffperu/Neotropical Specimens Native/.venv-ingest/lib/python3.14/site-packages/httpcore/_sync/connection_pool.py", line 256, in handle_request
    raise exc from None
  File "/Users/housinsectsoffperu/Neotropical Specimens Native/.venv-ingest/lib/python3.14/site-packages/httpcore/_sync/connection_pool.py", line 236, in handle_request
    response = connection.handle_request(
        pool_request.request
    )
  File "/Users/housinsectsoffperu/Neotropical Specimens Native/.venv-ingest/lib/python3.14/site-packages/httpcore/_sync/http_proxy.py", line 297, in handle_request
    raise ProxyError(msg)
httpcore.ProxyError: 403 Forbidden

The above exception was the direct cause of the following exception:

Traceback (most recent call last):
  File "/Users/housinsectsoffperu/Neotropical Specimens Native/scripts/ingest_csv.py", line 831, in process_row
    region_id   = resolve_region(sb, r.region)
  File "/Users/housinsectsoffperu/Neotropical Specimens Native/scripts/ingest_csv.py", line 616, in resolve_region
    rid = _upsert(sb, "global_regions", {"region_name": region_name}, "region_name")
  File "/Users/housinsectsoffperu/Neotropical Specimens Native/scripts/ingest_csv.py", line 604, in _upsert
    res = sb.table(table).upsert(row, on_conflict=on_conflict).select("id").execute()
  File "/Users/housinsectsoffperu/Neotropical Specimens Native/.venv-ingest/lib/python3.14/site-packages/postgrest/_sync/request_builder.py", line 90, in execute
    r = send_with_retry(self.request)
  File "/Users/housinsectsoffperu/Neotropical Specimens Native/.venv-ingest/lib/python3.14/site-packages/postgrest/_sync/request_builder.py", line 51, in send_with_retry
    resp = req.send(headers)
  File "/Users/housinsectsoffperu/Neotropical Specimens Native/.venv-ingest/lib/python3.14/site-packages/postgrest/base_request_builder.py", line 90, in send
    return self.session.request(
           ~~~~~~~~~~~~~~~~~~~~^
        self.http_method,
        ^^^^^^^^^^^^^^^^^
    ...<4 lines>...
        auth=self.auth,
        ^^^^^^^^^^^^^^^
    )
    ^
  File "/Users/housinsectsoffperu/Neotropical Specimens Native/.venv-ingest/lib/python3.14/site-packages/httpx/_client.py", line 825, in request
    return self.send(request, auth=auth, follow_redirects=follow_redirects)
           ~~~~~~~~~^^^^^^^^^^^^^^^^^^^^^^^^^^^^^^^^^^^^^^^^^^^^^^^^^^^^^^^
  File "/Users/housinsectsoffperu/Neotropical Specimens Native/.venv-ingest/lib/python3.14/site-packages/httpx/_client.py", line 914, in send
    response = self._send_handling_auth(
        request,
    ...<2 lines>...
        history=[],
    )
  File "/Users/housinsectsoffperu/Neotropical Specimens Native/.venv-ingest/lib/python3.14/site-packages/httpx/_client.py", line 942, in _send_handling_auth
    response = self._send_handling_redirects(
        request,
        follow_redirects=follow_redirects,
        history=history,
    )
  File "/Users/housinsectsoffperu/Neotropical Specimens Native/.venv-ingest/lib/python3.14/site-packages/httpx/_client.py", line 979, in _send_handling_redirects
    response = self._send_single_request(request)
  File "/Users/housinsectsoffperu/Neotropical Specimens Native/.venv-ingest/lib/python3.14/site-packages/httpx/_client.py", line 1014, in _send_single_request
    response = transport.handle_request(request)
  File "/Users/housinsectsoffperu/Neotropical Specimens Native/.venv-ingest/lib/python3.14/site-packages/httpx/_transports/default.py", line 249, in handle_request
    with map_httpcore_exceptions():
         ~~~~~~~~~~~~~~~~~~~~~~~^^
  File "/usr/local/Cellar/python@3.14/3.14.5/Frameworks/Python.framework/Versions/3.14/lib/python3.14/contextlib.py", line 162, in __exit__
    self.gen.throw(value)
    ~~~~~~~~~~~~~~^^^^^^^
  File "/Users/housinsectsoffperu/Neotropical Specimens Native/.venv-ingest/lib/python3.14/site-packages/httpx/_transports/default.py", line 118, in map_httpcore_exceptions
    raise mapped_exc(message) from exc
httpx.ProxyError: 403 Forbidden
2026-08-01 14:24:53  ERROR     Línea 35 [RI-034] (Lyropteryx appollonia) — ProxyError: 403 Forbidden
Traceback (most recent call last):
  File "/Users/housinsectsoffperu/Neotropical Specimens Native/.venv-ingest/lib/python3.14/site-packages/httpx/_transports/default.py", line 101, in map_httpcore_exceptions
    yield
  File "/Users/housinsectsoffperu/Neotropical Specimens Native/.venv-ingest/lib/python3.14/site-packages/httpx/_transports/default.py", line 250, in handle_request
    resp = self._pool.handle_request(req)
  File "/Users/housinsectsoffperu/Neotropical Specimens Native/.venv-ingest/lib/python3.14/site-packages/httpcore/_sync/connection_pool.py", line 256, in handle_request
    raise exc from None
  File "/Users/housinsectsoffperu/Neotropical Specimens Native/.venv-ingest/lib/python3.14/site-packages/httpcore/_sync/connection_pool.py", line 236, in handle_request
    response = connection.handle_request(
        pool_request.request
    )
  File "/Users/housinsectsoffperu/Neotropical Specimens Native/.venv-ingest/lib/python3.14/site-packages/httpcore/_sync/http_proxy.py", line 297, in handle_request
    raise ProxyError(msg)
httpcore.ProxyError: 403 Forbidden

The above exception was the direct cause of the following exception:

Traceback (most recent call last):
  File "/Users/housinsectsoffperu/Neotropical Specimens Native/scripts/ingest_csv.py", line 831, in process_row
    region_id   = resolve_region(sb, r.region)
  File "/Users/housinsectsoffperu/Neotropical Specimens Native/scripts/ingest_csv.py", line 616, in resolve_region
    rid = _upsert(sb, "global_regions", {"region_name": region_name}, "region_name")
  File "/Users/housinsectsoffperu/Neotropical Specimens Native/scripts/ingest_csv.py", line 604, in _upsert
    res = sb.table(table).upsert(row, on_conflict=on_conflict).select("id").execute()
  File "/Users/housinsectsoffperu/Neotropical Specimens Native/.venv-ingest/lib/python3.14/site-packages/postgrest/_sync/request_builder.py", line 90, in execute
    r = send_with_retry(self.request)
  File "/Users/housinsectsoffperu/Neotropical Specimens Native/.venv-ingest/lib/python3.14/site-packages/postgrest/_sync/request_builder.py", line 51, in send_with_retry
    resp = req.send(headers)
  File "/Users/housinsectsoffperu/Neotropical Specimens Native/.venv-ingest/lib/python3.14/site-packages/postgrest/base_request_builder.py", line 90, in send
    return self.session.request(
           ~~~~~~~~~~~~~~~~~~~~^
        self.http_method,
        ^^^^^^^^^^^^^^^^^
    ...<4 lines>...
        auth=self.auth,
        ^^^^^^^^^^^^^^^
    )
    ^
  File "/Users/housinsectsoffperu/Neotropical Specimens Native/.venv-ingest/lib/python3.14/site-packages/httpx/_client.py", line 825, in request
    return self.send(request, auth=auth, follow_redirects=follow_redirects)
           ~~~~~~~~~^^^^^^^^^^^^^^^^^^^^^^^^^^^^^^^^^^^^^^^^^^^^^^^^^^^^^^^
  File "/Users/housinsectsoffperu/Neotropical Specimens Native/.venv-ingest/lib/python3.14/site-packages/httpx/_client.py", line 914, in send
    response = self._send_handling_auth(
        request,
    ...<2 lines>...
        history=[],
    )
  File "/Users/housinsectsoffperu/Neotropical Specimens Native/.venv-ingest/lib/python3.14/site-packages/httpx/_client.py", line 942, in _send_handling_auth
    response = self._send_handling_redirects(
        request,
        follow_redirects=follow_redirects,
        history=history,
    )
  File "/Users/housinsectsoffperu/Neotropical Specimens Native/.venv-ingest/lib/python3.14/site-packages/httpx/_client.py", line 979, in _send_handling_redirects
    response = self._send_single_request(request)
  File "/Users/housinsectsoffperu/Neotropical Specimens Native/.venv-ingest/lib/python3.14/site-packages/httpx/_client.py", line 1014, in _send_single_request
    response = transport.handle_request(request)
  File "/Users/housinsectsoffperu/Neotropical Specimens Native/.venv-ingest/lib/python3.14/site-packages/httpx/_transports/default.py", line 249, in handle_request
    with map_httpcore_exceptions():
         ~~~~~~~~~~~~~~~~~~~~~~~^^
  File "/usr/local/Cellar/python@3.14/3.14.5/Frameworks/Python.framework/Versions/3.14/lib/python3.14/contextlib.py", line 162, in __exit__
    self.gen.throw(value)
    ~~~~~~~~~~~~~~^^^^^^^
  File "/Users/housinsectsoffperu/Neotropical Specimens Native/.venv-ingest/lib/python3.14/site-packages/httpx/_transports/default.py", line 118, in map_httpcore_exceptions
    raise mapped_exc(message) from exc
httpx.ProxyError: 403 Forbidden
2026-08-01 14:24:53  ERROR     Línea 36 [RI-035] (Mesosemia loruhama) — ProxyError: 403 Forbidden
Traceback (most recent call last):
  File "/Users/housinsectsoffperu/Neotropical Specimens Native/.venv-ingest/lib/python3.14/site-packages/httpx/_transports/default.py", line 101, in map_httpcore_exceptions
    yield
  File "/Users/housinsectsoffperu/Neotropical Specimens Native/.venv-ingest/lib/python3.14/site-packages/httpx/_transports/default.py", line 250, in handle_request
    resp = self._pool.handle_request(req)
  File "/Users/housinsectsoffperu/Neotropical Specimens Native/.venv-ingest/lib/python3.14/site-packages/httpcore/_sync/connection_pool.py", line 256, in handle_request
    raise exc from None
  File "/Users/housinsectsoffperu/Neotropical Specimens Native/.venv-ingest/lib/python3.14/site-packages/httpcore/_sync/connection_pool.py", line 236, in handle_request
    response = connection.handle_request(
        pool_request.request
    )
  File "/Users/housinsectsoffperu/Neotropical Specimens Native/.venv-ingest/lib/python3.14/site-packages/httpcore/_sync/http_proxy.py", line 297, in handle_request
    raise ProxyError(msg)
httpcore.ProxyError: 403 Forbidden

The above exception was the direct cause of the following exception:

Traceback (most recent call last):
  File "/Users/housinsectsoffperu/Neotropical Specimens Native/scripts/ingest_csv.py", line 831, in process_row
    region_id   = resolve_region(sb, r.region)
  File "/Users/housinsectsoffperu/Neotropical Specimens Native/scripts/ingest_csv.py", line 616, in resolve_region
    rid = _upsert(sb, "global_regions", {"region_name": region_name}, "region_name")
  File "/Users/housinsectsoffperu/Neotropical Specimens Native/scripts/ingest_csv.py", line 604, in _upsert
    res = sb.table(table).upsert(row, on_conflict=on_conflict).select("id").execute()
  File "/Users/housinsectsoffperu/Neotropical Specimens Native/.venv-ingest/lib/python3.14/site-packages/postgrest/_sync/request_builder.py", line 90, in execute
    r = send_with_retry(self.request)
  File "/Users/housinsectsoffperu/Neotropical Specimens Native/.venv-ingest/lib/python3.14/site-packages/postgrest/_sync/request_builder.py", line 51, in send_with_retry
    resp = req.send(headers)
  File "/Users/housinsectsoffperu/Neotropical Specimens Native/.venv-ingest/lib/python3.14/site-packages/postgrest/base_request_builder.py", line 90, in send
    return self.session.request(
           ~~~~~~~~~~~~~~~~~~~~^
        self.http_method,
        ^^^^^^^^^^^^^^^^^
    ...<4 lines>...
        auth=self.auth,
        ^^^^^^^^^^^^^^^
    )
    ^
  File "/Users/housinsectsoffperu/Neotropical Specimens Native/.venv-ingest/lib/python3.14/site-packages/httpx/_client.py", line 825, in request
    return self.send(request, auth=auth, follow_redirects=follow_redirects)
           ~~~~~~~~~^^^^^^^^^^^^^^^^^^^^^^^^^^^^^^^^^^^^^^^^^^^^^^^^^^^^^^^
  File "/Users/housinsectsoffperu/Neotropical Specimens Native/.venv-ingest/lib/python3.14/site-packages/httpx/_client.py", line 914, in send
    response = self._send_handling_auth(
        request,
    ...<2 lines>...
        history=[],
    )
  File "/Users/housinsectsoffperu/Neotropical Specimens Native/.venv-ingest/lib/python3.14/site-packages/httpx/_client.py", line 942, in _send_handling_auth
    response = self._send_handling_redirects(
        request,
        follow_redirects=follow_redirects,
        history=history,
    )
  File "/Users/housinsectsoffperu/Neotropical Specimens Native/.venv-ingest/lib/python3.14/site-packages/httpx/_client.py", line 979, in _send_handling_redirects
    response = self._send_single_request(request)
  File "/Users/housinsectsoffperu/Neotropical Specimens Native/.venv-ingest/lib/python3.14/site-packages/httpx/_client.py", line 1014, in _send_single_request
    response = transport.handle_request(request)
  File "/Users/housinsectsoffperu/Neotropical Specimens Native/.venv-ingest/lib/python3.14/site-packages/httpx/_transports/default.py", line 249, in handle_request
    with map_httpcore_exceptions():
         ~~~~~~~~~~~~~~~~~~~~~~~^^
  File "/usr/local/Cellar/python@3.14/3.14.5/Frameworks/Python.framework/Versions/3.14/lib/python3.14/contextlib.py", line 162, in __exit__
    self.gen.throw(value)
    ~~~~~~~~~~~~~~^^^^^^^
  File "/Users/housinsectsoffperu/Neotropical Specimens Native/.venv-ingest/lib/python3.14/site-packages/httpx/_transports/default.py", line 118, in map_httpcore_exceptions
    raise mapped_exc(message) from exc
httpx.ProxyError: 403 Forbidden
2026-08-01 14:24:53  ERROR     Línea 37 [RI-036] (Necyria bellona juturna) — ProxyError: 403 Forbidden
Traceback (most recent call last):
  File "/Users/housinsectsoffperu/Neotropical Specimens Native/.venv-ingest/lib/python3.14/site-packages/httpx/_transports/default.py", line 101, in map_httpcore_exceptions
    yield
  File "/Users/housinsectsoffperu/Neotropical Specimens Native/.venv-ingest/lib/python3.14/site-packages/httpx/_transports/default.py", line 250, in handle_request
    resp = self._pool.handle_request(req)
  File "/Users/housinsectsoffperu/Neotropical Specimens Native/.venv-ingest/lib/python3.14/site-packages/httpcore/_sync/connection_pool.py", line 256, in handle_request
    raise exc from None
  File "/Users/housinsectsoffperu/Neotropical Specimens Native/.venv-ingest/lib/python3.14/site-packages/httpcore/_sync/connection_pool.py", line 236, in handle_request
    response = connection.handle_request(
        pool_request.request
    )
  File "/Users/housinsectsoffperu/Neotropical Specimens Native/.venv-ingest/lib/python3.14/site-packages/httpcore/_sync/http_proxy.py", line 297, in handle_request
    raise ProxyError(msg)
httpcore.ProxyError: 403 Forbidden

The above exception was the direct cause of the following exception:

Traceback (most recent call last):
  File "/Users/housinsectsoffperu/Neotropical Specimens Native/scripts/ingest_csv.py", line 831, in process_row
    region_id   = resolve_region(sb, r.region)
  File "/Users/housinsectsoffperu/Neotropical Specimens Native/scripts/ingest_csv.py", line 616, in resolve_region
    rid = _upsert(sb, "global_regions", {"region_name": region_name}, "region_name")
  File "/Users/housinsectsoffperu/Neotropical Specimens Native/scripts/ingest_csv.py", line 604, in _upsert
    res = sb.table(table).upsert(row, on_conflict=on_conflict).select("id").execute()
  File "/Users/housinsectsoffperu/Neotropical Specimens Native/.venv-ingest/lib/python3.14/site-packages/postgrest/_sync/request_builder.py", line 90, in execute
    r = send_with_retry(self.request)
  File "/Users/housinsectsoffperu/Neotropical Specimens Native/.venv-ingest/lib/python3.14/site-packages/postgrest/_sync/request_builder.py", line 51, in send_with_retry
    resp = req.send(headers)
  File "/Users/housinsectsoffperu/Neotropical Specimens Native/.venv-ingest/lib/python3.14/site-packages/postgrest/base_request_builder.py", line 90, in send
    return self.session.request(
           ~~~~~~~~~~~~~~~~~~~~^
        self.http_method,
        ^^^^^^^^^^^^^^^^^
    ...<4 lines>...
        auth=self.auth,
        ^^^^^^^^^^^^^^^
    )
    ^
  File "/Users/housinsectsoffperu/Neotropical Specimens Native/.venv-ingest/lib/python3.14/site-packages/httpx/_client.py", line 825, in request
    return self.send(request, auth=auth, follow_redirects=follow_redirects)
           ~~~~~~~~~^^^^^^^^^^^^^^^^^^^^^^^^^^^^^^^^^^^^^^^^^^^^^^^^^^^^^^^
  File "/Users/housinsectsoffperu/Neotropical Specimens Native/.venv-ingest/lib/python3.14/site-packages/httpx/_client.py", line 914, in send
    response = self._send_handling_auth(
        request,
    ...<2 lines>...
        history=[],
    )
  File "/Users/housinsectsoffperu/Neotropical Specimens Native/.venv-ingest/lib/python3.14/site-packages/httpx/_client.py", line 942, in _send_handling_auth
    response = self._send_handling_redirects(
        request,
        follow_redirects=follow_redirects,
        history=history,
    )
  File "/Users/housinsectsoffperu/Neotropical Specimens Native/.venv-ingest/lib/python3.14/site-packages/httpx/_client.py", line 979, in _send_handling_redirects
    response = self._send_single_request(request)
  File "/Users/housinsectsoffperu/Neotropical Specimens Native/.venv-ingest/lib/python3.14/site-packages/httpx/_client.py", line 1014, in _send_single_request
    response = transport.handle_request(request)
  File "/Users/housinsectsoffperu/Neotropical Specimens Native/.venv-ingest/lib/python3.14/site-packages/httpx/_transports/default.py", line 249, in handle_request
    with map_httpcore_exceptions():
         ~~~~~~~~~~~~~~~~~~~~~~~^^
  File "/usr/local/Cellar/python@3.14/3.14.5/Frameworks/Python.framework/Versions/3.14/lib/python3.14/contextlib.py", line 162, in __exit__
    self.gen.throw(value)
    ~~~~~~~~~~~~~~^^^^^^^
  File "/Users/housinsectsoffperu/Neotropical Specimens Native/.venv-ingest/lib/python3.14/site-packages/httpx/_transports/default.py", line 118, in map_httpcore_exceptions
    raise mapped_exc(message) from exc
httpx.ProxyError: 403 Forbidden
2026-08-01 14:24:53  ERROR     Línea 38 [RI-037] (Necyria bellona westwoodi) — ProxyError: 403 Forbidden
Traceback (most recent call last):
  File "/Users/housinsectsoffperu/Neotropical Specimens Native/.venv-ingest/lib/python3.14/site-packages/httpx/_transports/default.py", line 101, in map_httpcore_exceptions
    yield
  File "/Users/housinsectsoffperu/Neotropical Specimens Native/.venv-ingest/lib/python3.14/site-packages/httpx/_transports/default.py", line 250, in handle_request
    resp = self._pool.handle_request(req)
  File "/Users/housinsectsoffperu/Neotropical Specimens Native/.venv-ingest/lib/python3.14/site-packages/httpcore/_sync/connection_pool.py", line 256, in handle_request
    raise exc from None
  File "/Users/housinsectsoffperu/Neotropical Specimens Native/.venv-ingest/lib/python3.14/site-packages/httpcore/_sync/connection_pool.py", line 236, in handle_request
    response = connection.handle_request(
        pool_request.request
    )
  File "/Users/housinsectsoffperu/Neotropical Specimens Native/.venv-ingest/lib/python3.14/site-packages/httpcore/_sync/http_proxy.py", line 297, in handle_request
    raise ProxyError(msg)
httpcore.ProxyError: 403 Forbidden

The above exception was the direct cause of the following exception:

Traceback (most recent call last):
  File "/Users/housinsectsoffperu/Neotropical Specimens Native/scripts/ingest_csv.py", line 831, in process_row
    region_id   = resolve_region(sb, r.region)
  File "/Users/housinsectsoffperu/Neotropical Specimens Native/scripts/ingest_csv.py", line 616, in resolve_region
    rid = _upsert(sb, "global_regions", {"region_name": region_name}, "region_name")
  File "/Users/housinsectsoffperu/Neotropical Specimens Native/scripts/ingest_csv.py", line 604, in _upsert
    res = sb.table(table).upsert(row, on_conflict=on_conflict).select("id").execute()
  File "/Users/housinsectsoffperu/Neotropical Specimens Native/.venv-ingest/lib/python3.14/site-packages/postgrest/_sync/request_builder.py", line 90, in execute
    r = send_with_retry(self.request)
  File "/Users/housinsectsoffperu/Neotropical Specimens Native/.venv-ingest/lib/python3.14/site-packages/postgrest/_sync/request_builder.py", line 51, in send_with_retry
    resp = req.send(headers)
  File "/Users/housinsectsoffperu/Neotropical Specimens Native/.venv-ingest/lib/python3.14/site-packages/postgrest/base_request_builder.py", line 90, in send
    return self.session.request(
           ~~~~~~~~~~~~~~~~~~~~^
        self.http_method,
        ^^^^^^^^^^^^^^^^^
    ...<4 lines>...
        auth=self.auth,
        ^^^^^^^^^^^^^^^
    )
    ^
  File "/Users/housinsectsoffperu/Neotropical Specimens Native/.venv-ingest/lib/python3.14/site-packages/httpx/_client.py", line 825, in request
    return self.send(request, auth=auth, follow_redirects=follow_redirects)
           ~~~~~~~~~^^^^^^^^^^^^^^^^^^^^^^^^^^^^^^^^^^^^^^^^^^^^^^^^^^^^^^^
  File "/Users/housinsectsoffperu/Neotropical Specimens Native/.venv-ingest/lib/python3.14/site-packages/httpx/_client.py", line 914, in send
    response = self._send_handling_auth(
        request,
    ...<2 lines>...
        history=[],
    )
  File "/Users/housinsectsoffperu/Neotropical Specimens Native/.venv-ingest/lib/python3.14/site-packages/httpx/_client.py", line 942, in _send_handling_auth
    response = self._send_handling_redirects(
        request,
        follow_redirects=follow_redirects,
        history=history,
    )
  File "/Users/housinsectsoffperu/Neotropical Specimens Native/.venv-ingest/lib/python3.14/site-packages/httpx/_client.py", line 979, in _send_handling_redirects
    response = self._send_single_request(request)
  File "/Users/housinsectsoffperu/Neotropical Specimens Native/.venv-ingest/lib/python3.14/site-packages/httpx/_client.py", line 1014, in _send_single_request
    response = transport.handle_request(request)
  File "/Users/housinsectsoffperu/Neotropical Specimens Native/.venv-ingest/lib/python3.14/site-packages/httpx/_transports/default.py", line 249, in handle_request
    with map_httpcore_exceptions():
         ~~~~~~~~~~~~~~~~~~~~~~~^^
  File "/usr/local/Cellar/python@3.14/3.14.5/Frameworks/Python.framework/Versions/3.14/lib/python3.14/contextlib.py", line 162, in __exit__
    self.gen.throw(value)
    ~~~~~~~~~~~~~~^^^^^^^
  File "/Users/housinsectsoffperu/Neotropical Specimens Native/.venv-ingest/lib/python3.14/site-packages/httpx/_transports/default.py", line 118, in map_httpcore_exceptions
    raise mapped_exc(message) from exc
httpx.ProxyError: 403 Forbidden
2026-08-01 14:24:53  ERROR     Línea 39 [RI-038] (Necyria bellona westwoodi) — ProxyError: 403 Forbidden
Traceback (most recent call last):
  File "/Users/housinsectsoffperu/Neotropical Specimens Native/.venv-ingest/lib/python3.14/site-packages/httpx/_transports/default.py", line 101, in map_httpcore_exceptions
    yield
  File "/Users/housinsectsoffperu/Neotropical Specimens Native/.venv-ingest/lib/python3.14/site-packages/httpx/_transports/default.py", line 250, in handle_request
    resp = self._pool.handle_request(req)
  File "/Users/housinsectsoffperu/Neotropical Specimens Native/.venv-ingest/lib/python3.14/site-packages/httpcore/_sync/connection_pool.py", line 256, in handle_request
    raise exc from None
  File "/Users/housinsectsoffperu/Neotropical Specimens Native/.venv-ingest/lib/python3.14/site-packages/httpcore/_sync/connection_pool.py", line 236, in handle_request
    response = connection.handle_request(
        pool_request.request
    )
  File "/Users/housinsectsoffperu/Neotropical Specimens Native/.venv-ingest/lib/python3.14/site-packages/httpcore/_sync/http_proxy.py", line 297, in handle_request
    raise ProxyError(msg)
httpcore.ProxyError: 403 Forbidden

The above exception was the direct cause of the following exception:

Traceback (most recent call last):
  File "/Users/housinsectsoffperu/Neotropical Specimens Native/scripts/ingest_csv.py", line 831, in process_row
    region_id   = resolve_region(sb, r.region)
  File "/Users/housinsectsoffperu/Neotropical Specimens Native/scripts/ingest_csv.py", line 616, in resolve_region
    rid = _upsert(sb, "global_regions", {"region_name": region_name}, "region_name")
  File "/Users/housinsectsoffperu/Neotropical Specimens Native/scripts/ingest_csv.py", line 604, in _upsert
    res = sb.table(table).upsert(row, on_conflict=on_conflict).select("id").execute()
  File "/Users/housinsectsoffperu/Neotropical Specimens Native/.venv-ingest/lib/python3.14/site-packages/postgrest/_sync/request_builder.py", line 90, in execute
    r = send_with_retry(self.request)
  File "/Users/housinsectsoffperu/Neotropical Specimens Native/.venv-ingest/lib/python3.14/site-packages/postgrest/_sync/request_builder.py", line 51, in send_with_retry
    resp = req.send(headers)
  File "/Users/housinsectsoffperu/Neotropical Specimens Native/.venv-ingest/lib/python3.14/site-packages/postgrest/base_request_builder.py", line 90, in send
    return self.session.request(
           ~~~~~~~~~~~~~~~~~~~~^
        self.http_method,
        ^^^^^^^^^^^^^^^^^
    ...<4 lines>...
        auth=self.auth,
        ^^^^^^^^^^^^^^^
    )
    ^
  File "/Users/housinsectsoffperu/Neotropical Specimens Native/.venv-ingest/lib/python3.14/site-packages/httpx/_client.py", line 825, in request
    return self.send(request, auth=auth, follow_redirects=follow_redirects)
           ~~~~~~~~~^^^^^^^^^^^^^^^^^^^^^^^^^^^^^^^^^^^^^^^^^^^^^^^^^^^^^^^
  File "/Users/housinsectsoffperu/Neotropical Specimens Native/.venv-ingest/lib/python3.14/site-packages/httpx/_client.py", line 914, in send
    response = self._send_handling_auth(
        request,
    ...<2 lines>...
        history=[],
    )
  File "/Users/housinsectsoffperu/Neotropical Specimens Native/.venv-ingest/lib/python3.14/site-packages/httpx/_client.py", line 942, in _send_handling_auth
    response = self._send_handling_redirects(
        request,
        follow_redirects=follow_redirects,
        history=history,
    )
  File "/Users/housinsectsoffperu/Neotropical Specimens Native/.venv-ingest/lib/python3.14/site-packages/httpx/_client.py", line 979, in _send_handling_redirects
    response = self._send_single_request(request)
  File "/Users/housinsectsoffperu/Neotropical Specimens Native/.venv-ingest/lib/python3.14/site-packages/httpx/_client.py", line 1014, in _send_single_request
    response = transport.handle_request(request)
  File "/Users/housinsectsoffperu/Neotropical Specimens Native/.venv-ingest/lib/python3.14/site-packages/httpx/_transports/default.py", line 249, in handle_request
    with map_httpcore_exceptions():
         ~~~~~~~~~~~~~~~~~~~~~~~^^
  File "/usr/local/Cellar/python@3.14/3.14.5/Frameworks/Python.framework/Versions/3.14/lib/python3.14/contextlib.py", line 162, in __exit__
    self.gen.throw(value)
    ~~~~~~~~~~~~~~^^^^^^^
  File "/Users/housinsectsoffperu/Neotropical Specimens Native/.venv-ingest/lib/python3.14/site-packages/httpx/_transports/default.py", line 118, in map_httpcore_exceptions
    raise mapped_exc(message) from exc
httpx.ProxyError: 403 Forbidden
2026-08-01 14:24:53  ERROR     Línea 40 [RI-039] (Nymphidium cachrus) — ProxyError: 403 Forbidden
Traceback (most recent call last):
  File "/Users/housinsectsoffperu/Neotropical Specimens Native/.venv-ingest/lib/python3.14/site-packages/httpx/_transports/default.py", line 101, in map_httpcore_exceptions
    yield
  File "/Users/housinsectsoffperu/Neotropical Specimens Native/.venv-ingest/lib/python3.14/site-packages/httpx/_transports/default.py", line 250, in handle_request
    resp = self._pool.handle_request(req)
  File "/Users/housinsectsoffperu/Neotropical Specimens Native/.venv-ingest/lib/python3.14/site-packages/httpcore/_sync/connection_pool.py", line 256, in handle_request
    raise exc from None
  File "/Users/housinsectsoffperu/Neotropical Specimens Native/.venv-ingest/lib/python3.14/site-packages/httpcore/_sync/connection_pool.py", line 236, in handle_request
    response = connection.handle_request(
        pool_request.request
    )
  File "/Users/housinsectsoffperu/Neotropical Specimens Native/.venv-ingest/lib/python3.14/site-packages/httpcore/_sync/http_proxy.py", line 297, in handle_request
    raise ProxyError(msg)
httpcore.ProxyError: 403 Forbidden

The above exception was the direct cause of the following exception:

Traceback (most recent call last):
  File "/Users/housinsectsoffperu/Neotropical Specimens Native/scripts/ingest_csv.py", line 831, in process_row
    region_id   = resolve_region(sb, r.region)
  File "/Users/housinsectsoffperu/Neotropical Specimens Native/scripts/ingest_csv.py", line 616, in resolve_region
    rid = _upsert(sb, "global_regions", {"region_name": region_name}, "region_name")
  File "/Users/housinsectsoffperu/Neotropical Specimens Native/scripts/ingest_csv.py", line 604, in _upsert
    res = sb.table(table).upsert(row, on_conflict=on_conflict).select("id").execute()
  File "/Users/housinsectsoffperu/Neotropical Specimens Native/.venv-ingest/lib/python3.14/site-packages/postgrest/_sync/request_builder.py", line 90, in execute
    r = send_with_retry(self.request)
  File "/Users/housinsectsoffperu/Neotropical Specimens Native/.venv-ingest/lib/python3.14/site-packages/postgrest/_sync/request_builder.py", line 51, in send_with_retry
    resp = req.send(headers)
  File "/Users/housinsectsoffperu/Neotropical Specimens Native/.venv-ingest/lib/python3.14/site-packages/postgrest/base_request_builder.py", line 90, in send
    return self.session.request(
           ~~~~~~~~~~~~~~~~~~~~^
        self.http_method,
        ^^^^^^^^^^^^^^^^^
    ...<4 lines>...
        auth=self.auth,
        ^^^^^^^^^^^^^^^
    )
    ^
  File "/Users/housinsectsoffperu/Neotropical Specimens Native/.venv-ingest/lib/python3.14/site-packages/httpx/_client.py", line 825, in request
    return self.send(request, auth=auth, follow_redirects=follow_redirects)
           ~~~~~~~~~^^^^^^^^^^^^^^^^^^^^^^^^^^^^^^^^^^^^^^^^^^^^^^^^^^^^^^^
  File "/Users/housinsectsoffperu/Neotropical Specimens Native/.venv-ingest/lib/python3.14/site-packages/httpx/_client.py", line 914, in send
    response = self._send_handling_auth(
        request,
    ...<2 lines>...
        history=[],
    )
  File "/Users/housinsectsoffperu/Neotropical Specimens Native/.venv-ingest/lib/python3.14/site-packages/httpx/_client.py", line 942, in _send_handling_auth
    response = self._send_handling_redirects(
        request,
        follow_redirects=follow_redirects,
        history=history,
    )
  File "/Users/housinsectsoffperu/Neotropical Specimens Native/.venv-ingest/lib/python3.14/site-packages/httpx/_client.py", line 979, in _send_handling_redirects
    response = self._send_single_request(request)
  File "/Users/housinsectsoffperu/Neotropical Specimens Native/.venv-ingest/lib/python3.14/site-packages/httpx/_client.py", line 1014, in _send_single_request
    response = transport.handle_request(request)
  File "/Users/housinsectsoffperu/Neotropical Specimens Native/.venv-ingest/lib/python3.14/site-packages/httpx/_transports/default.py", line 249, in handle_request
    with map_httpcore_exceptions():
         ~~~~~~~~~~~~~~~~~~~~~~~^^
  File "/usr/local/Cellar/python@3.14/3.14.5/Frameworks/Python.framework/Versions/3.14/lib/python3.14/contextlib.py", line 162, in __exit__
    self.gen.throw(value)
    ~~~~~~~~~~~~~~^^^^^^^
  File "/Users/housinsectsoffperu/Neotropical Specimens Native/.venv-ingest/lib/python3.14/site-packages/httpx/_transports/default.py", line 118, in map_httpcore_exceptions
    raise mapped_exc(message) from exc
httpx.ProxyError: 403 Forbidden
2026-08-01 14:24:54  ERROR     Línea 41 [RI-040] (Rhetus arcius) — ProxyError: 403 Forbidden
Traceback (most recent call last):
  File "/Users/housinsectsoffperu/Neotropical Specimens Native/.venv-ingest/lib/python3.14/site-packages/httpx/_transports/default.py", line 101, in map_httpcore_exceptions
    yield
  File "/Users/housinsectsoffperu/Neotropical Specimens Native/.venv-ingest/lib/python3.14/site-packages/httpx/_transports/default.py", line 250, in handle_request
    resp = self._pool.handle_request(req)
  File "/Users/housinsectsoffperu/Neotropical Specimens Native/.venv-ingest/lib/python3.14/site-packages/httpcore/_sync/connection_pool.py", line 256, in handle_request
    raise exc from None
  File "/Users/housinsectsoffperu/Neotropical Specimens Native/.venv-ingest/lib/python3.14/site-packages/httpcore/_sync/connection_pool.py", line 236, in handle_request
    response = connection.handle_request(
        pool_request.request
    )
  File "/Users/housinsectsoffperu/Neotropical Specimens Native/.venv-ingest/lib/python3.14/site-packages/httpcore/_sync/http_proxy.py", line 297, in handle_request
    raise ProxyError(msg)
httpcore.ProxyError: 403 Forbidden

The above exception was the direct cause of the following exception:

Traceback (most recent call last):
  File "/Users/housinsectsoffperu/Neotropical Specimens Native/scripts/ingest_csv.py", line 831, in process_row
    region_id   = resolve_region(sb, r.region)
  File "/Users/housinsectsoffperu/Neotropical Specimens Native/scripts/ingest_csv.py", line 616, in resolve_region
    rid = _upsert(sb, "global_regions", {"region_name": region_name}, "region_name")
  File "/Users/housinsectsoffperu/Neotropical Specimens Native/scripts/ingest_csv.py", line 604, in _upsert
    res = sb.table(table).upsert(row, on_conflict=on_conflict).select("id").execute()
  File "/Users/housinsectsoffperu/Neotropical Specimens Native/.venv-ingest/lib/python3.14/site-packages/postgrest/_sync/request_builder.py", line 90, in execute
    r = send_with_retry(self.request)
  File "/Users/housinsectsoffperu/Neotropical Specimens Native/.venv-ingest/lib/python3.14/site-packages/postgrest/_sync/request_builder.py", line 51, in send_with_retry
    resp = req.send(headers)
  File "/Users/housinsectsoffperu/Neotropical Specimens Native/.venv-ingest/lib/python3.14/site-packages/postgrest/base_request_builder.py", line 90, in send
    return self.session.request(
           ~~~~~~~~~~~~~~~~~~~~^
        self.http_method,
        ^^^^^^^^^^^^^^^^^
    ...<4 lines>...
        auth=self.auth,
        ^^^^^^^^^^^^^^^
    )
    ^
  File "/Users/housinsectsoffperu/Neotropical Specimens Native/.venv-ingest/lib/python3.14/site-packages/httpx/_client.py", line 825, in request
    return self.send(request, auth=auth, follow_redirects=follow_redirects)
           ~~~~~~~~~^^^^^^^^^^^^^^^^^^^^^^^^^^^^^^^^^^^^^^^^^^^^^^^^^^^^^^^
  File "/Users/housinsectsoffperu/Neotropical Specimens Native/.venv-ingest/lib/python3.14/site-packages/httpx/_client.py", line 914, in send
    response = self._send_handling_auth(
        request,
    ...<2 lines>...
        history=[],
    )
  File "/Users/housinsectsoffperu/Neotropical Specimens Native/.venv-ingest/lib/python3.14/site-packages/httpx/_client.py", line 942, in _send_handling_auth
    response = self._send_handling_redirects(
        request,
        follow_redirects=follow_redirects,
        history=history,
    )
  File "/Users/housinsectsoffperu/Neotropical Specimens Native/.venv-ingest/lib/python3.14/site-packages/httpx/_client.py", line 979, in _send_handling_redirects
    response = self._send_single_request(request)
  File "/Users/housinsectsoffperu/Neotropical Specimens Native/.venv-ingest/lib/python3.14/site-packages/httpx/_client.py", line 1014, in _send_single_request
    response = transport.handle_request(request)
  File "/Users/housinsectsoffperu/Neotropical Specimens Native/.venv-ingest/lib/python3.14/site-packages/httpx/_transports/default.py", line 249, in handle_request
    with map_httpcore_exceptions():
         ~~~~~~~~~~~~~~~~~~~~~~~^^
  File "/usr/local/Cellar/python@3.14/3.14.5/Frameworks/Python.framework/Versions/3.14/lib/python3.14/contextlib.py", line 162, in __exit__
    self.gen.throw(value)
    ~~~~~~~~~~~~~~^^^^^^^
  File "/Users/housinsectsoffperu/Neotropical Specimens Native/.venv-ingest/lib/python3.14/site-packages/httpx/_transports/default.py", line 118, in map_httpcore_exceptions
    raise mapped_exc(message) from exc
httpx.ProxyError: 403 Forbidden
2026-08-01 14:24:54  ERROR     Línea 42 [RI-041] (Rhetus arcius beutelspacheri) — ProxyError: 403 Forbidden
Traceback (most recent call last):
  File "/Users/housinsectsoffperu/Neotropical Specimens Native/.venv-ingest/lib/python3.14/site-packages/httpx/_transports/default.py", line 101, in map_httpcore_exceptions
    yield
  File "/Users/housinsectsoffperu/Neotropical Specimens Native/.venv-ingest/lib/python3.14/site-packages/httpx/_transports/default.py", line 250, in handle_request
    resp = self._pool.handle_request(req)
  File "/Users/housinsectsoffperu/Neotropical Specimens Native/.venv-ingest/lib/python3.14/site-packages/httpcore/_sync/connection_pool.py", line 256, in handle_request
    raise exc from None
  File "/Users/housinsectsoffperu/Neotropical Specimens Native/.venv-ingest/lib/python3.14/site-packages/httpcore/_sync/connection_pool.py", line 236, in handle_request
    response = connection.handle_request(
        pool_request.request
    )
  File "/Users/housinsectsoffperu/Neotropical Specimens Native/.venv-ingest/lib/python3.14/site-packages/httpcore/_sync/http_proxy.py", line 297, in handle_request
    raise ProxyError(msg)
httpcore.ProxyError: 403 Forbidden

The above exception was the direct cause of the following exception:

Traceback (most recent call last):
  File "/Users/housinsectsoffperu/Neotropical Specimens Native/scripts/ingest_csv.py", line 831, in process_row
    region_id   = resolve_region(sb, r.region)
  File "/Users/housinsectsoffperu/Neotropical Specimens Native/scripts/ingest_csv.py", line 616, in resolve_region
    rid = _upsert(sb, "global_regions", {"region_name": region_name}, "region_name")
  File "/Users/housinsectsoffperu/Neotropical Specimens Native/scripts/ingest_csv.py", line 604, in _upsert
    res = sb.table(table).upsert(row, on_conflict=on_conflict).select("id").execute()
  File "/Users/housinsectsoffperu/Neotropical Specimens Native/.venv-ingest/lib/python3.14/site-packages/postgrest/_sync/request_builder.py", line 90, in execute
    r = send_with_retry(self.request)
  File "/Users/housinsectsoffperu/Neotropical Specimens Native/.venv-ingest/lib/python3.14/site-packages/postgrest/_sync/request_builder.py", line 51, in send_with_retry
    resp = req.send(headers)
  File "/Users/housinsectsoffperu/Neotropical Specimens Native/.venv-ingest/lib/python3.14/site-packages/postgrest/base_request_builder.py", line 90, in send
    return self.session.request(
           ~~~~~~~~~~~~~~~~~~~~^
        self.http_method,
        ^^^^^^^^^^^^^^^^^
    ...<4 lines>...
        auth=self.auth,
        ^^^^^^^^^^^^^^^
    )
    ^
  File "/Users/housinsectsoffperu/Neotropical Specimens Native/.venv-ingest/lib/python3.14/site-packages/httpx/_client.py", line 825, in request
    return self.send(request, auth=auth, follow_redirects=follow_redirects)
           ~~~~~~~~~^^^^^^^^^^^^^^^^^^^^^^^^^^^^^^^^^^^^^^^^^^^^^^^^^^^^^^^
  File "/Users/housinsectsoffperu/Neotropical Specimens Native/.venv-ingest/lib/python3.14/site-packages/httpx/_client.py", line 914, in send
    response = self._send_handling_auth(
        request,
    ...<2 lines>...
        history=[],
    )
  File "/Users/housinsectsoffperu/Neotropical Specimens Native/.venv-ingest/lib/python3.14/site-packages/httpx/_client.py", line 942, in _send_handling_auth
    response = self._send_handling_redirects(
        request,
        follow_redirects=follow_redirects,
        history=history,
    )
  File "/Users/housinsectsoffperu/Neotropical Specimens Native/.venv-ingest/lib/python3.14/site-packages/httpx/_client.py", line 979, in _send_handling_redirects
    response = self._send_single_request(request)
  File "/Users/housinsectsoffperu/Neotropical Specimens Native/.venv-ingest/lib/python3.14/site-packages/httpx/_client.py", line 1014, in _send_single_request
    response = transport.handle_request(request)
  File "/Users/housinsectsoffperu/Neotropical Specimens Native/.venv-ingest/lib/python3.14/site-packages/httpx/_transports/default.py", line 249, in handle_request
    with map_httpcore_exceptions():
         ~~~~~~~~~~~~~~~~~~~~~~~^^
  File "/usr/local/Cellar/python@3.14/3.14.5/Frameworks/Python.framework/Versions/3.14/lib/python3.14/contextlib.py", line 162, in __exit__
    self.gen.throw(value)
    ~~~~~~~~~~~~~~^^^^^^^
  File "/Users/housinsectsoffperu/Neotropical Specimens Native/.venv-ingest/lib/python3.14/site-packages/httpx/_transports/default.py", line 118, in map_httpcore_exceptions
    raise mapped_exc(message) from exc
httpx.ProxyError: 403 Forbidden
2026-08-01 14:24:54  ERROR     Línea 43 [RI-042] (Rhetus dysoni) — ProxyError: 403 Forbidden
Traceback (most recent call last):
  File "/Users/housinsectsoffperu/Neotropical Specimens Native/.venv-ingest/lib/python3.14/site-packages/httpx/_transports/default.py", line 101, in map_httpcore_exceptions
    yield
  File "/Users/housinsectsoffperu/Neotropical Specimens Native/.venv-ingest/lib/python3.14/site-packages/httpx/_transports/default.py", line 250, in handle_request
    resp = self._pool.handle_request(req)
  File "/Users/housinsectsoffperu/Neotropical Specimens Native/.venv-ingest/lib/python3.14/site-packages/httpcore/_sync/connection_pool.py", line 256, in handle_request
    raise exc from None
  File "/Users/housinsectsoffperu/Neotropical Specimens Native/.venv-ingest/lib/python3.14/site-packages/httpcore/_sync/connection_pool.py", line 236, in handle_request
    response = connection.handle_request(
        pool_request.request
    )
  File "/Users/housinsectsoffperu/Neotropical Specimens Native/.venv-ingest/lib/python3.14/site-packages/httpcore/_sync/http_proxy.py", line 297, in handle_request
    raise ProxyError(msg)
httpcore.ProxyError: 403 Forbidden

The above exception was the direct cause of the following exception:

Traceback (most recent call last):
  File "/Users/housinsectsoffperu/Neotropical Specimens Native/scripts/ingest_csv.py", line 831, in process_row
    region_id   = resolve_region(sb, r.region)
  File "/Users/housinsectsoffperu/Neotropical Specimens Native/scripts/ingest_csv.py", line 616, in resolve_region
    rid = _upsert(sb, "global_regions", {"region_name": region_name}, "region_name")
  File "/Users/housinsectsoffperu/Neotropical Specimens Native/scripts/ingest_csv.py", line 604, in _upsert
    res = sb.table(table).upsert(row, on_conflict=on_conflict).select("id").execute()
  File "/Users/housinsectsoffperu/Neotropical Specimens Native/.venv-ingest/lib/python3.14/site-packages/postgrest/_sync/request_builder.py", line 90, in execute
    r = send_with_retry(self.request)
  File "/Users/housinsectsoffperu/Neotropical Specimens Native/.venv-ingest/lib/python3.14/site-packages/postgrest/_sync/request_builder.py", line 51, in send_with_retry
    resp = req.send(headers)
  File "/Users/housinsectsoffperu/Neotropical Specimens Native/.venv-ingest/lib/python3.14/site-packages/postgrest/base_request_builder.py", line 90, in send
    return self.session.request(
           ~~~~~~~~~~~~~~~~~~~~^
        self.http_method,
        ^^^^^^^^^^^^^^^^^
    ...<4 lines>...
        auth=self.auth,
        ^^^^^^^^^^^^^^^
    )
    ^
  File "/Users/housinsectsoffperu/Neotropical Specimens Native/.venv-ingest/lib/python3.14/site-packages/httpx/_client.py", line 825, in request
    return self.send(request, auth=auth, follow_redirects=follow_redirects)
           ~~~~~~~~~^^^^^^^^^^^^^^^^^^^^^^^^^^^^^^^^^^^^^^^^^^^^^^^^^^^^^^^
  File "/Users/housinsectsoffperu/Neotropical Specimens Native/.venv-ingest/lib/python3.14/site-packages/httpx/_client.py", line 914, in send
    response = self._send_handling_auth(
        request,
    ...<2 lines>...
        history=[],
    )
  File "/Users/housinsectsoffperu/Neotropical Specimens Native/.venv-ingest/lib/python3.14/site-packages/httpx/_client.py", line 942, in _send_handling_auth
    response = self._send_handling_redirects(
        request,
        follow_redirects=follow_redirects,
        history=history,
    )
  File "/Users/housinsectsoffperu/Neotropical Specimens Native/.venv-ingest/lib/python3.14/site-packages/httpx/_client.py", line 979, in _send_handling_redirects
    response = self._send_single_request(request)
  File "/Users/housinsectsoffperu/Neotropical Specimens Native/.venv-ingest/lib/python3.14/site-packages/httpx/_client.py", line 1014, in _send_single_request
    response = transport.handle_request(request)
  File "/Users/housinsectsoffperu/Neotropical Specimens Native/.venv-ingest/lib/python3.14/site-packages/httpx/_transports/default.py", line 249, in handle_request
    with map_httpcore_exceptions():
         ~~~~~~~~~~~~~~~~~~~~~~~^^
  File "/usr/local/Cellar/python@3.14/3.14.5/Frameworks/Python.framework/Versions/3.14/lib/python3.14/contextlib.py", line 162, in __exit__
    self.gen.throw(value)
    ~~~~~~~~~~~~~~^^^^^^^
  File "/Users/housinsectsoffperu/Neotropical Specimens Native/.venv-ingest/lib/python3.14/site-packages/httpx/_transports/default.py", line 118, in map_httpcore_exceptions
    raise mapped_exc(message) from exc
httpx.ProxyError: 403 Forbidden
2026-08-01 14:24:54  ERROR     Línea 44 [RI-043] (Rhetus dysoni) — ProxyError: 403 Forbidden
Traceback (most recent call last):
  File "/Users/housinsectsoffperu/Neotropical Specimens Native/.venv-ingest/lib/python3.14/site-packages/httpx/_transports/default.py", line 101, in map_httpcore_exceptions
    yield
  File "/Users/housinsectsoffperu/Neotropical Specimens Native/.venv-ingest/lib/python3.14/site-packages/httpx/_transports/default.py", line 250, in handle_request
    resp = self._pool.handle_request(req)
  File "/Users/housinsectsoffperu/Neotropical Specimens Native/.venv-ingest/lib/python3.14/site-packages/httpcore/_sync/connection_pool.py", line 256, in handle_request
    raise exc from None
  File "/Users/housinsectsoffperu/Neotropical Specimens Native/.venv-ingest/lib/python3.14/site-packages/httpcore/_sync/connection_pool.py", line 236, in handle_request
    response = connection.handle_request(
        pool_request.request
    )
  File "/Users/housinsectsoffperu/Neotropical Specimens Native/.venv-ingest/lib/python3.14/site-packages/httpcore/_sync/http_proxy.py", line 297, in handle_request
    raise ProxyError(msg)
httpcore.ProxyError: 403 Forbidden

The above exception was the direct cause of the following exception:

Traceback (most recent call last):
  File "/Users/housinsectsoffperu/Neotropical Specimens Native/scripts/ingest_csv.py", line 831, in process_row
    region_id   = resolve_region(sb, r.region)
  File "/Users/housinsectsoffperu/Neotropical Specimens Native/scripts/ingest_csv.py", line 616, in resolve_region
    rid = _upsert(sb, "global_regions", {"region_name": region_name}, "region_name")
  File "/Users/housinsectsoffperu/Neotropical Specimens Native/scripts/ingest_csv.py", line 604, in _upsert
    res = sb.table(table).upsert(row, on_conflict=on_conflict).select("id").execute()
  File "/Users/housinsectsoffperu/Neotropical Specimens Native/.venv-ingest/lib/python3.14/site-packages/postgrest/_sync/request_builder.py", line 90, in execute
    r = send_with_retry(self.request)
  File "/Users/housinsectsoffperu/Neotropical Specimens Native/.venv-ingest/lib/python3.14/site-packages/postgrest/_sync/request_builder.py", line 51, in send_with_retry
    resp = req.send(headers)
  File "/Users/housinsectsoffperu/Neotropical Specimens Native/.venv-ingest/lib/python3.14/site-packages/postgrest/base_request_builder.py", line 90, in send
    return self.session.request(
           ~~~~~~~~~~~~~~~~~~~~^
        self.http_method,
        ^^^^^^^^^^^^^^^^^
    ...<4 lines>...
        auth=self.auth,
        ^^^^^^^^^^^^^^^
    )
    ^
  File "/Users/housinsectsoffperu/Neotropical Specimens Native/.venv-ingest/lib/python3.14/site-packages/httpx/_client.py", line 825, in request
    return self.send(request, auth=auth, follow_redirects=follow_redirects)
           ~~~~~~~~~^^^^^^^^^^^^^^^^^^^^^^^^^^^^^^^^^^^^^^^^^^^^^^^^^^^^^^^
  File "/Users/housinsectsoffperu/Neotropical Specimens Native/.venv-ingest/lib/python3.14/site-packages/httpx/_client.py", line 914, in send
    response = self._send_handling_auth(
        request,
    ...<2 lines>...
        history=[],
    )
  File "/Users/housinsectsoffperu/Neotropical Specimens Native/.venv-ingest/lib/python3.14/site-packages/httpx/_client.py", line 942, in _send_handling_auth
    response = self._send_handling_redirects(
        request,
        follow_redirects=follow_redirects,
        history=history,
    )
  File "/Users/housinsectsoffperu/Neotropical Specimens Native/.venv-ingest/lib/python3.14/site-packages/httpx/_client.py", line 979, in _send_handling_redirects
    response = self._send_single_request(request)
  File "/Users/housinsectsoffperu/Neotropical Specimens Native/.venv-ingest/lib/python3.14/site-packages/httpx/_client.py", line 1014, in _send_single_request
    response = transport.handle_request(request)
  File "/Users/housinsectsoffperu/Neotropical Specimens Native/.venv-ingest/lib/python3.14/site-packages/httpx/_transports/default.py", line 249, in handle_request
    with map_httpcore_exceptions():
         ~~~~~~~~~~~~~~~~~~~~~~~^^
  File "/usr/local/Cellar/python@3.14/3.14.5/Frameworks/Python.framework/Versions/3.14/lib/python3.14/contextlib.py", line 162, in __exit__
    self.gen.throw(value)
    ~~~~~~~~~~~~~~^^^^^^^
  File "/Users/housinsectsoffperu/Neotropical Specimens Native/.venv-ingest/lib/python3.14/site-packages/httpx/_transports/default.py", line 118, in map_httpcore_exceptions
    raise mapped_exc(message) from exc
httpx.ProxyError: 403 Forbidden
2026-08-01 14:24:54  ERROR     Línea 45 [RI-044] (Rhetus dysoni) — ProxyError: 403 Forbidden
Traceback (most recent call last):
  File "/Users/housinsectsoffperu/Neotropical Specimens Native/.venv-ingest/lib/python3.14/site-packages/httpx/_transports/default.py", line 101, in map_httpcore_exceptions
    yield
  File "/Users/housinsectsoffperu/Neotropical Specimens Native/.venv-ingest/lib/python3.14/site-packages/httpx/_transports/default.py", line 250, in handle_request
    resp = self._pool.handle_request(req)
  File "/Users/housinsectsoffperu/Neotropical Specimens Native/.venv-ingest/lib/python3.14/site-packages/httpcore/_sync/connection_pool.py", line 256, in handle_request
    raise exc from None
  File "/Users/housinsectsoffperu/Neotropical Specimens Native/.venv-ingest/lib/python3.14/site-packages/httpcore/_sync/connection_pool.py", line 236, in handle_request
    response = connection.handle_request(
        pool_request.request
    )
  File "/Users/housinsectsoffperu/Neotropical Specimens Native/.venv-ingest/lib/python3.14/site-packages/httpcore/_sync/http_proxy.py", line 297, in handle_request
    raise ProxyError(msg)
httpcore.ProxyError: 403 Forbidden

The above exception was the direct cause of the following exception:

Traceback (most recent call last):
  File "/Users/housinsectsoffperu/Neotropical Specimens Native/scripts/ingest_csv.py", line 831, in process_row
    region_id   = resolve_region(sb, r.region)
  File "/Users/housinsectsoffperu/Neotropical Specimens Native/scripts/ingest_csv.py", line 616, in resolve_region
    rid = _upsert(sb, "global_regions", {"region_name": region_name}, "region_name")
  File "/Users/housinsectsoffperu/Neotropical Specimens Native/scripts/ingest_csv.py", line 604, in _upsert
    res = sb.table(table).upsert(row, on_conflict=on_conflict).select("id").execute()
  File "/Users/housinsectsoffperu/Neotropical Specimens Native/.venv-ingest/lib/python3.14/site-packages/postgrest/_sync/request_builder.py", line 90, in execute
    r = send_with_retry(self.request)
  File "/Users/housinsectsoffperu/Neotropical Specimens Native/.venv-ingest/lib/python3.14/site-packages/postgrest/_sync/request_builder.py", line 51, in send_with_retry
    resp = req.send(headers)
  File "/Users/housinsectsoffperu/Neotropical Specimens Native/.venv-ingest/lib/python3.14/site-packages/postgrest/base_request_builder.py", line 90, in send
    return self.session.request(
           ~~~~~~~~~~~~~~~~~~~~^
        self.http_method,
        ^^^^^^^^^^^^^^^^^
    ...<4 lines>...
        auth=self.auth,
        ^^^^^^^^^^^^^^^
    )
    ^
  File "/Users/housinsectsoffperu/Neotropical Specimens Native/.venv-ingest/lib/python3.14/site-packages/httpx/_client.py", line 825, in request
    return self.send(request, auth=auth, follow_redirects=follow_redirects)
           ~~~~~~~~~^^^^^^^^^^^^^^^^^^^^^^^^^^^^^^^^^^^^^^^^^^^^^^^^^^^^^^^
  File "/Users/housinsectsoffperu/Neotropical Specimens Native/.venv-ingest/lib/python3.14/site-packages/httpx/_client.py", line 914, in send
    response = self._send_handling_auth(
        request,
    ...<2 lines>...
        history=[],
    )
  File "/Users/housinsectsoffperu/Neotropical Specimens Native/.venv-ingest/lib/python3.14/site-packages/httpx/_client.py", line 942, in _send_handling_auth
    response = self._send_handling_redirects(
        request,
        follow_redirects=follow_redirects,
        history=history,
    )
  File "/Users/housinsectsoffperu/Neotropical Specimens Native/.venv-ingest/lib/python3.14/site-packages/httpx/_client.py", line 979, in _send_handling_redirects
    response = self._send_single_request(request)
  File "/Users/housinsectsoffperu/Neotropical Specimens Native/.venv-ingest/lib/python3.14/site-packages/httpx/_client.py", line 1014, in _send_single_request
    response = transport.handle_request(request)
  File "/Users/housinsectsoffperu/Neotropical Specimens Native/.venv-ingest/lib/python3.14/site-packages/httpx/_transports/default.py", line 249, in handle_request
    with map_httpcore_exceptions():
         ~~~~~~~~~~~~~~~~~~~~~~~^^
  File "/usr/local/Cellar/python@3.14/3.14.5/Frameworks/Python.framework/Versions/3.14/lib/python3.14/contextlib.py", line 162, in __exit__
    self.gen.throw(value)
    ~~~~~~~~~~~~~~^^^^^^^
  File "/Users/housinsectsoffperu/Neotropical Specimens Native/.venv-ingest/lib/python3.14/site-packages/httpx/_transports/default.py", line 118, in map_httpcore_exceptions
    raise mapped_exc(message) from exc
httpx.ProxyError: 403 Forbidden
2026-08-01 14:24:54  ERROR     Línea 46 [RI-045] (Rhetus periander) — ProxyError: 403 Forbidden
Traceback (most recent call last):
  File "/Users/housinsectsoffperu/Neotropical Specimens Native/.venv-ingest/lib/python3.14/site-packages/httpx/_transports/default.py", line 101, in map_httpcore_exceptions
    yield
  File "/Users/housinsectsoffperu/Neotropical Specimens Native/.venv-ingest/lib/python3.14/site-packages/httpx/_transports/default.py", line 250, in handle_request
    resp = self._pool.handle_request(req)
  File "/Users/housinsectsoffperu/Neotropical Specimens Native/.venv-ingest/lib/python3.14/site-packages/httpcore/_sync/connection_pool.py", line 256, in handle_request
    raise exc from None
  File "/Users/housinsectsoffperu/Neotropical Specimens Native/.venv-ingest/lib/python3.14/site-packages/httpcore/_sync/connection_pool.py", line 236, in handle_request
    response = connection.handle_request(
        pool_request.request
    )
  File "/Users/housinsectsoffperu/Neotropical Specimens Native/.venv-ingest/lib/python3.14/site-packages/httpcore/_sync/http_proxy.py", line 297, in handle_request
    raise ProxyError(msg)
httpcore.ProxyError: 403 Forbidden

The above exception was the direct cause of the following exception:

Traceback (most recent call last):
  File "/Users/housinsectsoffperu/Neotropical Specimens Native/scripts/ingest_csv.py", line 831, in process_row
    region_id   = resolve_region(sb, r.region)
  File "/Users/housinsectsoffperu/Neotropical Specimens Native/scripts/ingest_csv.py", line 616, in resolve_region
    rid = _upsert(sb, "global_regions", {"region_name": region_name}, "region_name")
  File "/Users/housinsectsoffperu/Neotropical Specimens Native/scripts/ingest_csv.py", line 604, in _upsert
    res = sb.table(table).upsert(row, on_conflict=on_conflict).select("id").execute()
  File "/Users/housinsectsoffperu/Neotropical Specimens Native/.venv-ingest/lib/python3.14/site-packages/postgrest/_sync/request_builder.py", line 90, in execute
    r = send_with_retry(self.request)
  File "/Users/housinsectsoffperu/Neotropical Specimens Native/.venv-ingest/lib/python3.14/site-packages/postgrest/_sync/request_builder.py", line 51, in send_with_retry
    resp = req.send(headers)
  File "/Users/housinsectsoffperu/Neotropical Specimens Native/.venv-ingest/lib/python3.14/site-packages/postgrest/base_request_builder.py", line 90, in send
    return self.session.request(
           ~~~~~~~~~~~~~~~~~~~~^
        self.http_method,
        ^^^^^^^^^^^^^^^^^
    ...<4 lines>...
        auth=self.auth,
        ^^^^^^^^^^^^^^^
    )
    ^
  File "/Users/housinsectsoffperu/Neotropical Specimens Native/.venv-ingest/lib/python3.14/site-packages/httpx/_client.py", line 825, in request
    return self.send(request, auth=auth, follow_redirects=follow_redirects)
           ~~~~~~~~~^^^^^^^^^^^^^^^^^^^^^^^^^^^^^^^^^^^^^^^^^^^^^^^^^^^^^^^
  File "/Users/housinsectsoffperu/Neotropical Specimens Native/.venv-ingest/lib/python3.14/site-packages/httpx/_client.py", line 914, in send
    response = self._send_handling_auth(
        request,
    ...<2 lines>...
        history=[],
    )
  File "/Users/housinsectsoffperu/Neotropical Specimens Native/.venv-ingest/lib/python3.14/site-packages/httpx/_client.py", line 942, in _send_handling_auth
    response = self._send_handling_redirects(
        request,
        follow_redirects=follow_redirects,
        history=history,
    )
  File "/Users/housinsectsoffperu/Neotropical Specimens Native/.venv-ingest/lib/python3.14/site-packages/httpx/_client.py", line 979, in _send_handling_redirects
    response = self._send_single_request(request)
  File "/Users/housinsectsoffperu/Neotropical Specimens Native/.venv-ingest/lib/python3.14/site-packages/httpx/_client.py", line 1014, in _send_single_request
    response = transport.handle_request(request)
  File "/Users/housinsectsoffperu/Neotropical Specimens Native/.venv-ingest/lib/python3.14/site-packages/httpx/_transports/default.py", line 249, in handle_request
    with map_httpcore_exceptions():
         ~~~~~~~~~~~~~~~~~~~~~~~^^
  File "/usr/local/Cellar/python@3.14/3.14.5/Frameworks/Python.framework/Versions/3.14/lib/python3.14/contextlib.py", line 162, in __exit__
    self.gen.throw(value)
    ~~~~~~~~~~~~~~^^^^^^^
  File "/Users/housinsectsoffperu/Neotropical Specimens Native/.venv-ingest/lib/python3.14/site-packages/httpx/_transports/default.py", line 118, in map_httpcore_exceptions
    raise mapped_exc(message) from exc
httpx.ProxyError: 403 Forbidden
2026-08-01 14:24:54  ERROR     Línea 47 [RI-046] (Rhetus periander) — ProxyError: 403 Forbidden
Traceback (most recent call last):
  File "/Users/housinsectsoffperu/Neotropical Specimens Native/.venv-ingest/lib/python3.14/site-packages/httpx/_transports/default.py", line 101, in map_httpcore_exceptions
    yield
  File "/Users/housinsectsoffperu/Neotropical Specimens Native/.venv-ingest/lib/python3.14/site-packages/httpx/_transports/default.py", line 250, in handle_request
    resp = self._pool.handle_request(req)
  File "/Users/housinsectsoffperu/Neotropical Specimens Native/.venv-ingest/lib/python3.14/site-packages/httpcore/_sync/connection_pool.py", line 256, in handle_request
    raise exc from None
  File "/Users/housinsectsoffperu/Neotropical Specimens Native/.venv-ingest/lib/python3.14/site-packages/httpcore/_sync/connection_pool.py", line 236, in handle_request
    response = connection.handle_request(
        pool_request.request
    )
  File "/Users/housinsectsoffperu/Neotropical Specimens Native/.venv-ingest/lib/python3.14/site-packages/httpcore/_sync/http_proxy.py", line 297, in handle_request
    raise ProxyError(msg)
httpcore.ProxyError: 403 Forbidden

The above exception was the direct cause of the following exception:

Traceback (most recent call last):
  File "/Users/housinsectsoffperu/Neotropical Specimens Native/scripts/ingest_csv.py", line 831, in process_row
    region_id   = resolve_region(sb, r.region)
  File "/Users/housinsectsoffperu/Neotropical Specimens Native/scripts/ingest_csv.py", line 616, in resolve_region
    rid = _upsert(sb, "global_regions", {"region_name": region_name}, "region_name")
  File "/Users/housinsectsoffperu/Neotropical Specimens Native/scripts/ingest_csv.py", line 604, in _upsert
    res = sb.table(table).upsert(row, on_conflict=on_conflict).select("id").execute()
  File "/Users/housinsectsoffperu/Neotropical Specimens Native/.venv-ingest/lib/python3.14/site-packages/postgrest/_sync/request_builder.py", line 90, in execute
    r = send_with_retry(self.request)
  File "/Users/housinsectsoffperu/Neotropical Specimens Native/.venv-ingest/lib/python3.14/site-packages/postgrest/_sync/request_builder.py", line 51, in send_with_retry
    resp = req.send(headers)
  File "/Users/housinsectsoffperu/Neotropical Specimens Native/.venv-ingest/lib/python3.14/site-packages/postgrest/base_request_builder.py", line 90, in send
    return self.session.request(
           ~~~~~~~~~~~~~~~~~~~~^
        self.http_method,
        ^^^^^^^^^^^^^^^^^
    ...<4 lines>...
        auth=self.auth,
        ^^^^^^^^^^^^^^^
    )
    ^
  File "/Users/housinsectsoffperu/Neotropical Specimens Native/.venv-ingest/lib/python3.14/site-packages/httpx/_client.py", line 825, in request
    return self.send(request, auth=auth, follow_redirects=follow_redirects)
           ~~~~~~~~~^^^^^^^^^^^^^^^^^^^^^^^^^^^^^^^^^^^^^^^^^^^^^^^^^^^^^^^
  File "/Users/housinsectsoffperu/Neotropical Specimens Native/.venv-ingest/lib/python3.14/site-packages/httpx/_client.py", line 914, in send
    response = self._send_handling_auth(
        request,
    ...<2 lines>...
        history=[],
    )
  File "/Users/housinsectsoffperu/Neotropical Specimens Native/.venv-ingest/lib/python3.14/site-packages/httpx/_client.py", line 942, in _send_handling_auth
    response = self._send_handling_redirects(
        request,
        follow_redirects=follow_redirects,
        history=history,
    )
  File "/Users/housinsectsoffperu/Neotropical Specimens Native/.venv-ingest/lib/python3.14/site-packages/httpx/_client.py", line 979, in _send_handling_redirects
    response = self._send_single_request(request)
  File "/Users/housinsectsoffperu/Neotropical Specimens Native/.venv-ingest/lib/python3.14/site-packages/httpx/_client.py", line 1014, in _send_single_request
    response = transport.handle_request(request)
  File "/Users/housinsectsoffperu/Neotropical Specimens Native/.venv-ingest/lib/python3.14/site-packages/httpx/_transports/default.py", line 249, in handle_request
    with map_httpcore_exceptions():
         ~~~~~~~~~~~~~~~~~~~~~~~^^
  File "/usr/local/Cellar/python@3.14/3.14.5/Frameworks/Python.framework/Versions/3.14/lib/python3.14/contextlib.py", line 162, in __exit__
    self.gen.throw(value)
    ~~~~~~~~~~~~~~^^^^^^^
  File "/Users/housinsectsoffperu/Neotropical Specimens Native/.venv-ingest/lib/python3.14/site-packages/httpx/_transports/default.py", line 118, in map_httpcore_exceptions
    raise mapped_exc(message) from exc
httpx.ProxyError: 403 Forbidden
2026-08-01 14:24:54  ERROR     Línea 48 [RI-047] (Rhetus periander) — ProxyError: 403 Forbidden
Traceback (most recent call last):
  File "/Users/housinsectsoffperu/Neotropical Specimens Native/.venv-ingest/lib/python3.14/site-packages/httpx/_transports/default.py", line 101, in map_httpcore_exceptions
    yield
  File "/Users/housinsectsoffperu/Neotropical Specimens Native/.venv-ingest/lib/python3.14/site-packages/httpx/_transports/default.py", line 250, in handle_request
    resp = self._pool.handle_request(req)
  File "/Users/housinsectsoffperu/Neotropical Specimens Native/.venv-ingest/lib/python3.14/site-packages/httpcore/_sync/connection_pool.py", line 256, in handle_request
    raise exc from None
  File "/Users/housinsectsoffperu/Neotropical Specimens Native/.venv-ingest/lib/python3.14/site-packages/httpcore/_sync/connection_pool.py", line 236, in handle_request
    response = connection.handle_request(
        pool_request.request
    )
  File "/Users/housinsectsoffperu/Neotropical Specimens Native/.venv-ingest/lib/python3.14/site-packages/httpcore/_sync/http_proxy.py", line 297, in handle_request
    raise ProxyError(msg)
httpcore.ProxyError: 403 Forbidden

The above exception was the direct cause of the following exception:

Traceback (most recent call last):
  File "/Users/housinsectsoffperu/Neotropical Specimens Native/scripts/ingest_csv.py", line 831, in process_row
    region_id   = resolve_region(sb, r.region)
  File "/Users/housinsectsoffperu/Neotropical Specimens Native/scripts/ingest_csv.py", line 616, in resolve_region
    rid = _upsert(sb, "global_regions", {"region_name": region_name}, "region_name")
  File "/Users/housinsectsoffperu/Neotropical Specimens Native/scripts/ingest_csv.py", line 604, in _upsert
    res = sb.table(table).upsert(row, on_conflict=on_conflict).select("id").execute()
  File "/Users/housinsectsoffperu/Neotropical Specimens Native/.venv-ingest/lib/python3.14/site-packages/postgrest/_sync/request_builder.py", line 90, in execute
    r = send_with_retry(self.request)
  File "/Users/housinsectsoffperu/Neotropical Specimens Native/.venv-ingest/lib/python3.14/site-packages/postgrest/_sync/request_builder.py", line 51, in send_with_retry
    resp = req.send(headers)
  File "/Users/housinsectsoffperu/Neotropical Specimens Native/.venv-ingest/lib/python3.14/site-packages/postgrest/base_request_builder.py", line 90, in send
    return self.session.request(
           ~~~~~~~~~~~~~~~~~~~~^
        self.http_method,
        ^^^^^^^^^^^^^^^^^
    ...<4 lines>...
        auth=self.auth,
        ^^^^^^^^^^^^^^^
    )
    ^
  File "/Users/housinsectsoffperu/Neotropical Specimens Native/.venv-ingest/lib/python3.14/site-packages/httpx/_client.py", line 825, in request
    return self.send(request, auth=auth, follow_redirects=follow_redirects)
           ~~~~~~~~~^^^^^^^^^^^^^^^^^^^^^^^^^^^^^^^^^^^^^^^^^^^^^^^^^^^^^^^
  File "/Users/housinsectsoffperu/Neotropical Specimens Native/.venv-ingest/lib/python3.14/site-packages/httpx/_client.py", line 914, in send
    response = self._send_handling_auth(
        request,
    ...<2 lines>...
        history=[],
    )
  File "/Users/housinsectsoffperu/Neotropical Specimens Native/.venv-ingest/lib/python3.14/site-packages/httpx/_client.py", line 942, in _send_handling_auth
    response = self._send_handling_redirects(
        request,
        follow_redirects=follow_redirects,
        history=history,
    )
  File "/Users/housinsectsoffperu/Neotropical Specimens Native/.venv-ingest/lib/python3.14/site-packages/httpx/_client.py", line 979, in _send_handling_redirects
    response = self._send_single_request(request)
  File "/Users/housinsectsoffperu/Neotropical Specimens Native/.venv-ingest/lib/python3.14/site-packages/httpx/_client.py", line 1014, in _send_single_request
    response = transport.handle_request(request)
  File "/Users/housinsectsoffperu/Neotropical Specimens Native/.venv-ingest/lib/python3.14/site-packages/httpx/_transports/default.py", line 249, in handle_request
    with map_httpcore_exceptions():
         ~~~~~~~~~~~~~~~~~~~~~~~^^
  File "/usr/local/Cellar/python@3.14/3.14.5/Frameworks/Python.framework/Versions/3.14/lib/python3.14/contextlib.py", line 162, in __exit__
    self.gen.throw(value)
    ~~~~~~~~~~~~~~^^^^^^^
  File "/Users/housinsectsoffperu/Neotropical Specimens Native/.venv-ingest/lib/python3.14/site-packages/httpx/_transports/default.py", line 118, in map_httpcore_exceptions
    raise mapped_exc(message) from exc
httpx.ProxyError: 403 Forbidden
2026-08-01 14:24:55  ERROR     Línea 49 [RI-048] (Rhetus periander) — ProxyError: 403 Forbidden
Traceback (most recent call last):
  File "/Users/housinsectsoffperu/Neotropical Specimens Native/.venv-ingest/lib/python3.14/site-packages/httpx/_transports/default.py", line 101, in map_httpcore_exceptions
    yield
  File "/Users/housinsectsoffperu/Neotropical Specimens Native/.venv-ingest/lib/python3.14/site-packages/httpx/_transports/default.py", line 250, in handle_request
    resp = self._pool.handle_request(req)
  File "/Users/housinsectsoffperu/Neotropical Specimens Native/.venv-ingest/lib/python3.14/site-packages/httpcore/_sync/connection_pool.py", line 256, in handle_request
    raise exc from None
  File "/Users/housinsectsoffperu/Neotropical Specimens Native/.venv-ingest/lib/python3.14/site-packages/httpcore/_sync/connection_pool.py", line 236, in handle_request
    response = connection.handle_request(
        pool_request.request
    )
  File "/Users/housinsectsoffperu/Neotropical Specimens Native/.venv-ingest/lib/python3.14/site-packages/httpcore/_sync/http_proxy.py", line 297, in handle_request
    raise ProxyError(msg)
httpcore.ProxyError: 403 Forbidden

The above exception was the direct cause of the following exception:

Traceback (most recent call last):
  File "/Users/housinsectsoffperu/Neotropical Specimens Native/scripts/ingest_csv.py", line 831, in process_row
    region_id   = resolve_region(sb, r.region)
  File "/Users/housinsectsoffperu/Neotropical Specimens Native/scripts/ingest_csv.py", line 616, in resolve_region
    rid = _upsert(sb, "global_regions", {"region_name": region_name}, "region_name")
  File "/Users/housinsectsoffperu/Neotropical Specimens Native/scripts/ingest_csv.py", line 604, in _upsert
    res = sb.table(table).upsert(row, on_conflict=on_conflict).select("id").execute()
  File "/Users/housinsectsoffperu/Neotropical Specimens Native/.venv-ingest/lib/python3.14/site-packages/postgrest/_sync/request_builder.py", line 90, in execute
    r = send_with_retry(self.request)
  File "/Users/housinsectsoffperu/Neotropical Specimens Native/.venv-ingest/lib/python3.14/site-packages/postgrest/_sync/request_builder.py", line 51, in send_with_retry
    resp = req.send(headers)
  File "/Users/housinsectsoffperu/Neotropical Specimens Native/.venv-ingest/lib/python3.14/site-packages/postgrest/base_request_builder.py", line 90, in send
    return self.session.request(
           ~~~~~~~~~~~~~~~~~~~~^
        self.http_method,
        ^^^^^^^^^^^^^^^^^
    ...<4 lines>...
        auth=self.auth,
        ^^^^^^^^^^^^^^^
    )
    ^
  File "/Users/housinsectsoffperu/Neotropical Specimens Native/.venv-ingest/lib/python3.14/site-packages/httpx/_client.py", line 825, in request
    return self.send(request, auth=auth, follow_redirects=follow_redirects)
           ~~~~~~~~~^^^^^^^^^^^^^^^^^^^^^^^^^^^^^^^^^^^^^^^^^^^^^^^^^^^^^^^
  File "/Users/housinsectsoffperu/Neotropical Specimens Native/.venv-ingest/lib/python3.14/site-packages/httpx/_client.py", line 914, in send
    response = self._send_handling_auth(
        request,
    ...<2 lines>...
        history=[],
    )
  File "/Users/housinsectsoffperu/Neotropical Specimens Native/.venv-ingest/lib/python3.14/site-packages/httpx/_client.py", line 942, in _send_handling_auth
    response = self._send_handling_redirects(
        request,
        follow_redirects=follow_redirects,
        history=history,
    )
  File "/Users/housinsectsoffperu/Neotropical Specimens Native/.venv-ingest/lib/python3.14/site-packages/httpx/_client.py", line 979, in _send_handling_redirects
    response = self._send_single_request(request)
  File "/Users/housinsectsoffperu/Neotropical Specimens Native/.venv-ingest/lib/python3.14/site-packages/httpx/_client.py", line 1014, in _send_single_request
    response = transport.handle_request(request)
  File "/Users/housinsectsoffperu/Neotropical Specimens Native/.venv-ingest/lib/python3.14/site-packages/httpx/_transports/default.py", line 249, in handle_request
    with map_httpcore_exceptions():
         ~~~~~~~~~~~~~~~~~~~~~~~^^
  File "/usr/local/Cellar/python@3.14/3.14.5/Frameworks/Python.framework/Versions/3.14/lib/python3.14/contextlib.py", line 162, in __exit__
    self.gen.throw(value)
    ~~~~~~~~~~~~~~^^^^^^^
  File "/Users/housinsectsoffperu/Neotropical Specimens Native/.venv-ingest/lib/python3.14/site-packages/httpx/_transports/default.py", line 118, in map_httpcore_exceptions
    raise mapped_exc(message) from exc
httpx.ProxyError: 403 Forbidden
2026-08-01 14:24:55  ERROR     Línea 50 [RI-049] (Siseme hellotis) — ProxyError: 403 Forbidden
Traceback (most recent call last):
  File "/Users/housinsectsoffperu/Neotropical Specimens Native/.venv-ingest/lib/python3.14/site-packages/httpx/_transports/default.py", line 101, in map_httpcore_exceptions
    yield
  File "/Users/housinsectsoffperu/Neotropical Specimens Native/.venv-ingest/lib/python3.14/site-packages/httpx/_transports/default.py", line 250, in handle_request
    resp = self._pool.handle_request(req)
  File "/Users/housinsectsoffperu/Neotropical Specimens Native/.venv-ingest/lib/python3.14/site-packages/httpcore/_sync/connection_pool.py", line 256, in handle_request
    raise exc from None
  File "/Users/housinsectsoffperu/Neotropical Specimens Native/.venv-ingest/lib/python3.14/site-packages/httpcore/_sync/connection_pool.py", line 236, in handle_request
    response = connection.handle_request(
        pool_request.request
    )
  File "/Users/housinsectsoffperu/Neotropical Specimens Native/.venv-ingest/lib/python3.14/site-packages/httpcore/_sync/http_proxy.py", line 297, in handle_request
    raise ProxyError(msg)
httpcore.ProxyError: 403 Forbidden

The above exception was the direct cause of the following exception:

Traceback (most recent call last):
  File "/Users/housinsectsoffperu/Neotropical Specimens Native/scripts/ingest_csv.py", line 831, in process_row
    region_id   = resolve_region(sb, r.region)
  File "/Users/housinsectsoffperu/Neotropical Specimens Native/scripts/ingest_csv.py", line 616, in resolve_region
    rid = _upsert(sb, "global_regions", {"region_name": region_name}, "region_name")
  File "/Users/housinsectsoffperu/Neotropical Specimens Native/scripts/ingest_csv.py", line 604, in _upsert
    res = sb.table(table).upsert(row, on_conflict=on_conflict).select("id").execute()
  File "/Users/housinsectsoffperu/Neotropical Specimens Native/.venv-ingest/lib/python3.14/site-packages/postgrest/_sync/request_builder.py", line 90, in execute
    r = send_with_retry(self.request)
  File "/Users/housinsectsoffperu/Neotropical Specimens Native/.venv-ingest/lib/python3.14/site-packages/postgrest/_sync/request_builder.py", line 51, in send_with_retry
    resp = req.send(headers)
  File "/Users/housinsectsoffperu/Neotropical Specimens Native/.venv-ingest/lib/python3.14/site-packages/postgrest/base_request_builder.py", line 90, in send
    return self.session.request(
           ~~~~~~~~~~~~~~~~~~~~^
        self.http_method,
        ^^^^^^^^^^^^^^^^^
    ...<4 lines>...
        auth=self.auth,
        ^^^^^^^^^^^^^^^
    )
    ^
  File "/Users/housinsectsoffperu/Neotropical Specimens Native/.venv-ingest/lib/python3.14/site-packages/httpx/_client.py", line 825, in request
    return self.send(request, auth=auth, follow_redirects=follow_redirects)
           ~~~~~~~~~^^^^^^^^^^^^^^^^^^^^^^^^^^^^^^^^^^^^^^^^^^^^^^^^^^^^^^^
  File "/Users/housinsectsoffperu/Neotropical Specimens Native/.venv-ingest/lib/python3.14/site-packages/httpx/_client.py", line 914, in send
    response = self._send_handling_auth(
        request,
    ...<2 lines>...
        history=[],
    )
  File "/Users/housinsectsoffperu/Neotropical Specimens Native/.venv-ingest/lib/python3.14/site-packages/httpx/_client.py", line 942, in _send_handling_auth
    response = self._send_handling_redirects(
        request,
        follow_redirects=follow_redirects,
        history=history,
    )
  File "/Users/housinsectsoffperu/Neotropical Specimens Native/.venv-ingest/lib/python3.14/site-packages/httpx/_client.py", line 979, in _send_handling_redirects
    response = self._send_single_request(request)
  File "/Users/housinsectsoffperu/Neotropical Specimens Native/.venv-ingest/lib/python3.14/site-packages/httpx/_client.py", line 1014, in _send_single_request
    response = transport.handle_request(request)
  File "/Users/housinsectsoffperu/Neotropical Specimens Native/.venv-ingest/lib/python3.14/site-packages/httpx/_transports/default.py", line 249, in handle_request
    with map_httpcore_exceptions():
         ~~~~~~~~~~~~~~~~~~~~~~~^^
  File "/usr/local/Cellar/python@3.14/3.14.5/Frameworks/Python.framework/Versions/3.14/lib/python3.14/contextlib.py", line 162, in __exit__
    self.gen.throw(value)
    ~~~~~~~~~~~~~~^^^^^^^
  File "/Users/housinsectsoffperu/Neotropical Specimens Native/.venv-ingest/lib/python3.14/site-packages/httpx/_transports/default.py", line 118, in map_httpcore_exceptions
    raise mapped_exc(message) from exc
httpx.ProxyError: 403 Forbidden
2026-08-01 14:24:55  ERROR     Línea 51 [RI-050] (Stalachtis euterpe) — ProxyError: 403 Forbidden
Traceback (most recent call last):
  File "/Users/housinsectsoffperu/Neotropical Specimens Native/.venv-ingest/lib/python3.14/site-packages/httpx/_transports/default.py", line 101, in map_httpcore_exceptions
    yield
  File "/Users/housinsectsoffperu/Neotropical Specimens Native/.venv-ingest/lib/python3.14/site-packages/httpx/_transports/default.py", line 250, in handle_request
    resp = self._pool.handle_request(req)
  File "/Users/housinsectsoffperu/Neotropical Specimens Native/.venv-ingest/lib/python3.14/site-packages/httpcore/_sync/connection_pool.py", line 256, in handle_request
    raise exc from None
  File "/Users/housinsectsoffperu/Neotropical Specimens Native/.venv-ingest/lib/python3.14/site-packages/httpcore/_sync/connection_pool.py", line 236, in handle_request
    response = connection.handle_request(
        pool_request.request
    )
  File "/Users/housinsectsoffperu/Neotropical Specimens Native/.venv-ingest/lib/python3.14/site-packages/httpcore/_sync/http_proxy.py", line 297, in handle_request
    raise ProxyError(msg)
httpcore.ProxyError: 403 Forbidden

The above exception was the direct cause of the following exception:

Traceback (most recent call last):
  File "/Users/housinsectsoffperu/Neotropical Specimens Native/scripts/ingest_csv.py", line 831, in process_row
    region_id   = resolve_region(sb, r.region)
  File "/Users/housinsectsoffperu/Neotropical Specimens Native/scripts/ingest_csv.py", line 616, in resolve_region
    rid = _upsert(sb, "global_regions", {"region_name": region_name}, "region_name")
  File "/Users/housinsectsoffperu/Neotropical Specimens Native/scripts/ingest_csv.py", line 604, in _upsert
    res = sb.table(table).upsert(row, on_conflict=on_conflict).select("id").execute()
  File "/Users/housinsectsoffperu/Neotropical Specimens Native/.venv-ingest/lib/python3.14/site-packages/postgrest/_sync/request_builder.py", line 90, in execute
    r = send_with_retry(self.request)
  File "/Users/housinsectsoffperu/Neotropical Specimens Native/.venv-ingest/lib/python3.14/site-packages/postgrest/_sync/request_builder.py", line 51, in send_with_retry
    resp = req.send(headers)
  File "/Users/housinsectsoffperu/Neotropical Specimens Native/.venv-ingest/lib/python3.14/site-packages/postgrest/base_request_builder.py", line 90, in send
    return self.session.request(
           ~~~~~~~~~~~~~~~~~~~~^
        self.http_method,
        ^^^^^^^^^^^^^^^^^
    ...<4 lines>...
        auth=self.auth,
        ^^^^^^^^^^^^^^^
    )
    ^
  File "/Users/housinsectsoffperu/Neotropical Specimens Native/.venv-ingest/lib/python3.14/site-packages/httpx/_client.py", line 825, in request
    return self.send(request, auth=auth, follow_redirects=follow_redirects)
           ~~~~~~~~~^^^^^^^^^^^^^^^^^^^^^^^^^^^^^^^^^^^^^^^^^^^^^^^^^^^^^^^
  File "/Users/housinsectsoffperu/Neotropical Specimens Native/.venv-ingest/lib/python3.14/site-packages/httpx/_client.py", line 914, in send
    response = self._send_handling_auth(
        request,
    ...<2 lines>...
        history=[],
    )
  File "/Users/housinsectsoffperu/Neotropical Specimens Native/.venv-ingest/lib/python3.14/site-packages/httpx/_client.py", line 942, in _send_handling_auth
    response = self._send_handling_redirects(
        request,
        follow_redirects=follow_redirects,
        history=history,
    )
  File "/Users/housinsectsoffperu/Neotropical Specimens Native/.venv-ingest/lib/python3.14/site-packages/httpx/_client.py", line 979, in _send_handling_redirects
    response = self._send_single_request(request)
  File "/Users/housinsectsoffperu/Neotropical Specimens Native/.venv-ingest/lib/python3.14/site-packages/httpx/_client.py", line 1014, in _send_single_request
    response = transport.handle_request(request)
  File "/Users/housinsectsoffperu/Neotropical Specimens Native/.venv-ingest/lib/python3.14/site-packages/httpx/_transports/default.py", line 249, in handle_request
    with map_httpcore_exceptions():
         ~~~~~~~~~~~~~~~~~~~~~~~^^
  File "/usr/local/Cellar/python@3.14/3.14.5/Frameworks/Python.framework/Versions/3.14/lib/python3.14/contextlib.py", line 162, in __exit__
    self.gen.throw(value)
    ~~~~~~~~~~~~~~^^^^^^^
  File "/Users/housinsectsoffperu/Neotropical Specimens Native/.venv-ingest/lib/python3.14/site-packages/httpx/_transports/default.py", line 118, in map_httpcore_exceptions
    raise mapped_exc(message) from exc
httpx.ProxyError: 403 Forbidden
2026-08-01 14:24:55  ERROR     Línea 52 [RI-051] (Stalachtis euterpe) — ProxyError: 403 Forbidden
Traceback (most recent call last):
  File "/Users/housinsectsoffperu/Neotropical Specimens Native/.venv-ingest/lib/python3.14/site-packages/httpx/_transports/default.py", line 101, in map_httpcore_exceptions
    yield
  File "/Users/housinsectsoffperu/Neotropical Specimens Native/.venv-ingest/lib/python3.14/site-packages/httpx/_transports/default.py", line 250, in handle_request
    resp = self._pool.handle_request(req)
  File "/Users/housinsectsoffperu/Neotropical Specimens Native/.venv-ingest/lib/python3.14/site-packages/httpcore/_sync/connection_pool.py", line 256, in handle_request
    raise exc from None
  File "/Users/housinsectsoffperu/Neotropical Specimens Native/.venv-ingest/lib/python3.14/site-packages/httpcore/_sync/connection_pool.py", line 236, in handle_request
    response = connection.handle_request(
        pool_request.request
    )
  File "/Users/housinsectsoffperu/Neotropical Specimens Native/.venv-ingest/lib/python3.14/site-packages/httpcore/_sync/http_proxy.py", line 297, in handle_request
    raise ProxyError(msg)
httpcore.ProxyError: 403 Forbidden

The above exception was the direct cause of the following exception:

Traceback (most recent call last):
  File "/Users/housinsectsoffperu/Neotropical Specimens Native/scripts/ingest_csv.py", line 831, in process_row
    region_id   = resolve_region(sb, r.region)
  File "/Users/housinsectsoffperu/Neotropical Specimens Native/scripts/ingest_csv.py", line 616, in resolve_region
    rid = _upsert(sb, "global_regions", {"region_name": region_name}, "region_name")
  File "/Users/housinsectsoffperu/Neotropical Specimens Native/scripts/ingest_csv.py", line 604, in _upsert
    res = sb.table(table).upsert(row, on_conflict=on_conflict).select("id").execute()
  File "/Users/housinsectsoffperu/Neotropical Specimens Native/.venv-ingest/lib/python3.14/site-packages/postgrest/_sync/request_builder.py", line 90, in execute
    r = send_with_retry(self.request)
  File "/Users/housinsectsoffperu/Neotropical Specimens Native/.venv-ingest/lib/python3.14/site-packages/postgrest/_sync/request_builder.py", line 51, in send_with_retry
    resp = req.send(headers)
  File "/Users/housinsectsoffperu/Neotropical Specimens Native/.venv-ingest/lib/python3.14/site-packages/postgrest/base_request_builder.py", line 90, in send
    return self.session.request(
           ~~~~~~~~~~~~~~~~~~~~^
        self.http_method,
        ^^^^^^^^^^^^^^^^^
    ...<4 lines>...
        auth=self.auth,
        ^^^^^^^^^^^^^^^
    )
    ^
  File "/Users/housinsectsoffperu/Neotropical Specimens Native/.venv-ingest/lib/python3.14/site-packages/httpx/_client.py", line 825, in request
    return self.send(request, auth=auth, follow_redirects=follow_redirects)
           ~~~~~~~~~^^^^^^^^^^^^^^^^^^^^^^^^^^^^^^^^^^^^^^^^^^^^^^^^^^^^^^^
  File "/Users/housinsectsoffperu/Neotropical Specimens Native/.venv-ingest/lib/python3.14/site-packages/httpx/_client.py", line 914, in send
    response = self._send_handling_auth(
        request,
    ...<2 lines>...
        history=[],
    )
  File "/Users/housinsectsoffperu/Neotropical Specimens Native/.venv-ingest/lib/python3.14/site-packages/httpx/_client.py", line 942, in _send_handling_auth
    response = self._send_handling_redirects(
        request,
        follow_redirects=follow_redirects,
        history=history,
    )
  File "/Users/housinsectsoffperu/Neotropical Specimens Native/.venv-ingest/lib/python3.14/site-packages/httpx/_client.py", line 979, in _send_handling_redirects
    response = self._send_single_request(request)
  File "/Users/housinsectsoffperu/Neotropical Specimens Native/.venv-ingest/lib/python3.14/site-packages/httpx/_client.py", line 1014, in _send_single_request
    response = transport.handle_request(request)
  File "/Users/housinsectsoffperu/Neotropical Specimens Native/.venv-ingest/lib/python3.14/site-packages/httpx/_transports/default.py", line 249, in handle_request
    with map_httpcore_exceptions():
         ~~~~~~~~~~~~~~~~~~~~~~~^^
  File "/usr/local/Cellar/python@3.14/3.14.5/Frameworks/Python.framework/Versions/3.14/lib/python3.14/contextlib.py", line 162, in __exit__
    self.gen.throw(value)
    ~~~~~~~~~~~~~~^^^^^^^
  File "/Users/housinsectsoffperu/Neotropical Specimens Native/.venv-ingest/lib/python3.14/site-packages/httpx/_transports/default.py", line 118, in map_httpcore_exceptions
    raise mapped_exc(message) from exc
httpx.ProxyError: 403 Forbidden
2026-08-01 14:24:55  ERROR     Línea 53 [RI-052] (Stalachtis phaedusa) — ProxyError: 403 Forbidden
Traceback (most recent call last):
  File "/Users/housinsectsoffperu/Neotropical Specimens Native/.venv-ingest/lib/python3.14/site-packages/httpx/_transports/default.py", line 101, in map_httpcore_exceptions
    yield
  File "/Users/housinsectsoffperu/Neotropical Specimens Native/.venv-ingest/lib/python3.14/site-packages/httpx/_transports/default.py", line 250, in handle_request
    resp = self._pool.handle_request(req)
  File "/Users/housinsectsoffperu/Neotropical Specimens Native/.venv-ingest/lib/python3.14/site-packages/httpcore/_sync/connection_pool.py", line 256, in handle_request
    raise exc from None
  File "/Users/housinsectsoffperu/Neotropical Specimens Native/.venv-ingest/lib/python3.14/site-packages/httpcore/_sync/connection_pool.py", line 236, in handle_request
    response = connection.handle_request(
        pool_request.request
    )
  File "/Users/housinsectsoffperu/Neotropical Specimens Native/.venv-ingest/lib/python3.14/site-packages/httpcore/_sync/http_proxy.py", line 297, in handle_request
    raise ProxyError(msg)
httpcore.ProxyError: 403 Forbidden

The above exception was the direct cause of the following exception:

Traceback (most recent call last):
  File "/Users/housinsectsoffperu/Neotropical Specimens Native/scripts/ingest_csv.py", line 831, in process_row
    region_id   = resolve_region(sb, r.region)
  File "/Users/housinsectsoffperu/Neotropical Specimens Native/scripts/ingest_csv.py", line 616, in resolve_region
    rid = _upsert(sb, "global_regions", {"region_name": region_name}, "region_name")
  File "/Users/housinsectsoffperu/Neotropical Specimens Native/scripts/ingest_csv.py", line 604, in _upsert
    res = sb.table(table).upsert(row, on_conflict=on_conflict).select("id").execute()
  File "/Users/housinsectsoffperu/Neotropical Specimens Native/.venv-ingest/lib/python3.14/site-packages/postgrest/_sync/request_builder.py", line 90, in execute
    r = send_with_retry(self.request)
  File "/Users/housinsectsoffperu/Neotropical Specimens Native/.venv-ingest/lib/python3.14/site-packages/postgrest/_sync/request_builder.py", line 51, in send_with_retry
    resp = req.send(headers)
  File "/Users/housinsectsoffperu/Neotropical Specimens Native/.venv-ingest/lib/python3.14/site-packages/postgrest/base_request_builder.py", line 90, in send
    return self.session.request(
           ~~~~~~~~~~~~~~~~~~~~^
        self.http_method,
        ^^^^^^^^^^^^^^^^^
    ...<4 lines>...
        auth=self.auth,
        ^^^^^^^^^^^^^^^
    )
    ^
  File "/Users/housinsectsoffperu/Neotropical Specimens Native/.venv-ingest/lib/python3.14/site-packages/httpx/_client.py", line 825, in request
    return self.send(request, auth=auth, follow_redirects=follow_redirects)
           ~~~~~~~~~^^^^^^^^^^^^^^^^^^^^^^^^^^^^^^^^^^^^^^^^^^^^^^^^^^^^^^^
  File "/Users/housinsectsoffperu/Neotropical Specimens Native/.venv-ingest/lib/python3.14/site-packages/httpx/_client.py", line 914, in send
    response = self._send_handling_auth(
        request,
    ...<2 lines>...
        history=[],
    )
  File "/Users/housinsectsoffperu/Neotropical Specimens Native/.venv-ingest/lib/python3.14/site-packages/httpx/_client.py", line 942, in _send_handling_auth
    response = self._send_handling_redirects(
        request,
        follow_redirects=follow_redirects,
        history=history,
    )
  File "/Users/housinsectsoffperu/Neotropical Specimens Native/.venv-ingest/lib/python3.14/site-packages/httpx/_client.py", line 979, in _send_handling_redirects
    response = self._send_single_request(request)
  File "/Users/housinsectsoffperu/Neotropical Specimens Native/.venv-ingest/lib/python3.14/site-packages/httpx/_client.py", line 1014, in _send_single_request
    response = transport.handle_request(request)
  File "/Users/housinsectsoffperu/Neotropical Specimens Native/.venv-ingest/lib/python3.14/site-packages/httpx/_transports/default.py", line 249, in handle_request
    with map_httpcore_exceptions():
         ~~~~~~~~~~~~~~~~~~~~~~~^^
  File "/usr/local/Cellar/python@3.14/3.14.5/Frameworks/Python.framework/Versions/3.14/lib/python3.14/contextlib.py", line 162, in __exit__
    self.gen.throw(value)
    ~~~~~~~~~~~~~~^^^^^^^
  File "/Users/housinsectsoffperu/Neotropical Specimens Native/.venv-ingest/lib/python3.14/site-packages/httpx/_transports/default.py", line 118, in map_httpcore_exceptions
    raise mapped_exc(message) from exc
httpx.ProxyError: 403 Forbidden
2026-08-01 14:24:55  ERROR     Línea 54 [RI-053] (Thisbe irene) — ProxyError: 403 Forbidden
Traceback (most recent call last):
  File "/Users/housinsectsoffperu/Neotropical Specimens Native/.venv-ingest/lib/python3.14/site-packages/httpx/_transports/default.py", line 101, in map_httpcore_exceptions
    yield
  File "/Users/housinsectsoffperu/Neotropical Specimens Native/.venv-ingest/lib/python3.14/site-packages/httpx/_transports/default.py", line 250, in handle_request
    resp = self._pool.handle_request(req)
  File "/Users/housinsectsoffperu/Neotropical Specimens Native/.venv-ingest/lib/python3.14/site-packages/httpcore/_sync/connection_pool.py", line 256, in handle_request
    raise exc from None
  File "/Users/housinsectsoffperu/Neotropical Specimens Native/.venv-ingest/lib/python3.14/site-packages/httpcore/_sync/connection_pool.py", line 236, in handle_request
    response = connection.handle_request(
        pool_request.request
    )
  File "/Users/housinsectsoffperu/Neotropical Specimens Native/.venv-ingest/lib/python3.14/site-packages/httpcore/_sync/http_proxy.py", line 297, in handle_request
    raise ProxyError(msg)
httpcore.ProxyError: 403 Forbidden

The above exception was the direct cause of the following exception:

Traceback (most recent call last):
  File "/Users/housinsectsoffperu/Neotropical Specimens Native/scripts/ingest_csv.py", line 831, in process_row
    region_id   = resolve_region(sb, r.region)
  File "/Users/housinsectsoffperu/Neotropical Specimens Native/scripts/ingest_csv.py", line 616, in resolve_region
    rid = _upsert(sb, "global_regions", {"region_name": region_name}, "region_name")
  File "/Users/housinsectsoffperu/Neotropical Specimens Native/scripts/ingest_csv.py", line 604, in _upsert
    res = sb.table(table).upsert(row, on_conflict=on_conflict).select("id").execute()
  File "/Users/housinsectsoffperu/Neotropical Specimens Native/.venv-ingest/lib/python3.14/site-packages/postgrest/_sync/request_builder.py", line 90, in execute
    r = send_with_retry(self.request)
  File "/Users/housinsectsoffperu/Neotropical Specimens Native/.venv-ingest/lib/python3.14/site-packages/postgrest/_sync/request_builder.py", line 51, in send_with_retry
    resp = req.send(headers)
  File "/Users/housinsectsoffperu/Neotropical Specimens Native/.venv-ingest/lib/python3.14/site-packages/postgrest/base_request_builder.py", line 90, in send
    return self.session.request(
           ~~~~~~~~~~~~~~~~~~~~^
        self.http_method,
        ^^^^^^^^^^^^^^^^^
    ...<4 lines>...
        auth=self.auth,
        ^^^^^^^^^^^^^^^
    )
    ^
  File "/Users/housinsectsoffperu/Neotropical Specimens Native/.venv-ingest/lib/python3.14/site-packages/httpx/_client.py", line 825, in request
    return self.send(request, auth=auth, follow_redirects=follow_redirects)
           ~~~~~~~~~^^^^^^^^^^^^^^^^^^^^^^^^^^^^^^^^^^^^^^^^^^^^^^^^^^^^^^^
  File "/Users/housinsectsoffperu/Neotropical Specimens Native/.venv-ingest/lib/python3.14/site-packages/httpx/_client.py", line 914, in send
    response = self._send_handling_auth(
        request,
    ...<2 lines>...
        history=[],
    )
  File "/Users/housinsectsoffperu/Neotropical Specimens Native/.venv-ingest/lib/python3.14/site-packages/httpx/_client.py", line 942, in _send_handling_auth
    response = self._send_handling_redirects(
        request,
        follow_redirects=follow_redirects,
        history=history,
    )
  File "/Users/housinsectsoffperu/Neotropical Specimens Native/.venv-ingest/lib/python3.14/site-packages/httpx/_client.py", line 979, in _send_handling_redirects
    response = self._send_single_request(request)
  File "/Users/housinsectsoffperu/Neotropical Specimens Native/.venv-ingest/lib/python3.14/site-packages/httpx/_client.py", line 1014, in _send_single_request
    response = transport.handle_request(request)
  File "/Users/housinsectsoffperu/Neotropical Specimens Native/.venv-ingest/lib/python3.14/site-packages/httpx/_transports/default.py", line 249, in handle_request
    with map_httpcore_exceptions():
         ~~~~~~~~~~~~~~~~~~~~~~~^^
  File "/usr/local/Cellar/python@3.14/3.14.5/Frameworks/Python.framework/Versions/3.14/lib/python3.14/contextlib.py", line 162, in __exit__
    self.gen.throw(value)
    ~~~~~~~~~~~~~~^^^^^^^
  File "/Users/housinsectsoffperu/Neotropical Specimens Native/.venv-ingest/lib/python3.14/site-packages/httpx/_transports/default.py", line 118, in map_httpcore_exceptions
    raise mapped_exc(message) from exc
httpx.ProxyError: 403 Forbidden
2026-08-01 14:24:55  ERROR     Línea 55 [RI-054] (Thisbe irene) — ProxyError: 403 Forbidden
Traceback (most recent call last):
  File "/Users/housinsectsoffperu/Neotropical Specimens Native/.venv-ingest/lib/python3.14/site-packages/httpx/_transports/default.py", line 101, in map_httpcore_exceptions
    yield
  File "/Users/housinsectsoffperu/Neotropical Specimens Native/.venv-ingest/lib/python3.14/site-packages/httpx/_transports/default.py", line 250, in handle_request
    resp = self._pool.handle_request(req)
  File "/Users/housinsectsoffperu/Neotropical Specimens Native/.venv-ingest/lib/python3.14/site-packages/httpcore/_sync/connection_pool.py", line 256, in handle_request
    raise exc from None
  File "/Users/housinsectsoffperu/Neotropical Specimens Native/.venv-ingest/lib/python3.14/site-packages/httpcore/_sync/connection_pool.py", line 236, in handle_request
    response = connection.handle_request(
        pool_request.request
    )
  File "/Users/housinsectsoffperu/Neotropical Specimens Native/.venv-ingest/lib/python3.14/site-packages/httpcore/_sync/http_proxy.py", line 297, in handle_request
    raise ProxyError(msg)
httpcore.ProxyError: 403 Forbidden

The above exception was the direct cause of the following exception:

Traceback (most recent call last):
  File "/Users/housinsectsoffperu/Neotropical Specimens Native/scripts/ingest_csv.py", line 831, in process_row
    region_id   = resolve_region(sb, r.region)
  File "/Users/housinsectsoffperu/Neotropical Specimens Native/scripts/ingest_csv.py", line 616, in resolve_region
    rid = _upsert(sb, "global_regions", {"region_name": region_name}, "region_name")
  File "/Users/housinsectsoffperu/Neotropical Specimens Native/scripts/ingest_csv.py", line 604, in _upsert
    res = sb.table(table).upsert(row, on_conflict=on_conflict).select("id").execute()
  File "/Users/housinsectsoffperu/Neotropical Specimens Native/.venv-ingest/lib/python3.14/site-packages/postgrest/_sync/request_builder.py", line 90, in execute
    r = send_with_retry(self.request)
  File "/Users/housinsectsoffperu/Neotropical Specimens Native/.venv-ingest/lib/python3.14/site-packages/postgrest/_sync/request_builder.py", line 51, in send_with_retry
    resp = req.send(headers)
  File "/Users/housinsectsoffperu/Neotropical Specimens Native/.venv-ingest/lib/python3.14/site-packages/postgrest/base_request_builder.py", line 90, in send
    return self.session.request(
           ~~~~~~~~~~~~~~~~~~~~^
        self.http_method,
        ^^^^^^^^^^^^^^^^^
    ...<4 lines>...
        auth=self.auth,
        ^^^^^^^^^^^^^^^
    )
    ^
  File "/Users/housinsectsoffperu/Neotropical Specimens Native/.venv-ingest/lib/python3.14/site-packages/httpx/_client.py", line 825, in request
    return self.send(request, auth=auth, follow_redirects=follow_redirects)
           ~~~~~~~~~^^^^^^^^^^^^^^^^^^^^^^^^^^^^^^^^^^^^^^^^^^^^^^^^^^^^^^^
  File "/Users/housinsectsoffperu/Neotropical Specimens Native/.venv-ingest/lib/python3.14/site-packages/httpx/_client.py", line 914, in send
    response = self._send_handling_auth(
        request,
    ...<2 lines>...
        history=[],
    )
  File "/Users/housinsectsoffperu/Neotropical Specimens Native/.venv-ingest/lib/python3.14/site-packages/httpx/_client.py", line 942, in _send_handling_auth
    response = self._send_handling_redirects(
        request,
        follow_redirects=follow_redirects,
        history=history,
    )
  File "/Users/housinsectsoffperu/Neotropical Specimens Native/.venv-ingest/lib/python3.14/site-packages/httpx/_client.py", line 979, in _send_handling_redirects
    response = self._send_single_request(request)
  File "/Users/housinsectsoffperu/Neotropical Specimens Native/.venv-ingest/lib/python3.14/site-packages/httpx/_client.py", line 1014, in _send_single_request
    response = transport.handle_request(request)
  File "/Users/housinsectsoffperu/Neotropical Specimens Native/.venv-ingest/lib/python3.14/site-packages/httpx/_transports/default.py", line 249, in handle_request
    with map_httpcore_exceptions():
         ~~~~~~~~~~~~~~~~~~~~~~~^^
  File "/usr/local/Cellar/python@3.14/3.14.5/Frameworks/Python.framework/Versions/3.14/lib/python3.14/contextlib.py", line 162, in __exit__
    self.gen.throw(value)
    ~~~~~~~~~~~~~~^^^^^^^
  File "/Users/housinsectsoffperu/Neotropical Specimens Native/.venv-ingest/lib/python3.14/site-packages/httpx/_transports/default.py", line 118, in map_httpcore_exceptions
    raise mapped_exc(message) from exc
httpx.ProxyError: 403 Forbidden
2026-08-01 14:25:03  ERROR     Línea 2 [RI-001] (Ancyluris aulestes) — ConnectError: [Errno 8] nodename nor servname provided, or not known
Traceback (most recent call last):
  File "/Users/housinsectsoffperu/Neotropical Specimens Native/.venv-ingest/lib/python3.14/site-packages/httpx/_transports/default.py", line 101, in map_httpcore_exceptions
    yield
  File "/Users/housinsectsoffperu/Neotropical Specimens Native/.venv-ingest/lib/python3.14/site-packages/httpx/_transports/default.py", line 250, in handle_request
    resp = self._pool.handle_request(req)
  File "/Users/housinsectsoffperu/Neotropical Specimens Native/.venv-ingest/lib/python3.14/site-packages/httpcore/_sync/connection_pool.py", line 256, in handle_request
    raise exc from None
  File "/Users/housinsectsoffperu/Neotropical Specimens Native/.venv-ingest/lib/python3.14/site-packages/httpcore/_sync/connection_pool.py", line 236, in handle_request
    response = connection.handle_request(
        pool_request.request
    )
  File "/Users/housinsectsoffperu/Neotropical Specimens Native/.venv-ingest/lib/python3.14/site-packages/httpcore/_sync/connection.py", line 101, in handle_request
    raise exc
  File "/Users/housinsectsoffperu/Neotropical Specimens Native/.venv-ingest/lib/python3.14/site-packages/httpcore/_sync/connection.py", line 78, in handle_request
    stream = self._connect(request)
  File "/Users/housinsectsoffperu/Neotropical Specimens Native/.venv-ingest/lib/python3.14/site-packages/httpcore/_sync/connection.py", line 124, in _connect
    stream = self._network_backend.connect_tcp(**kwargs)
  File "/Users/housinsectsoffperu/Neotropical Specimens Native/.venv-ingest/lib/python3.14/site-packages/httpcore/_backends/sync.py", line 207, in connect_tcp
    with map_exceptions(exc_map):
         ~~~~~~~~~~~~~~^^^^^^^^^
  File "/usr/local/Cellar/python@3.14/3.14.5/Frameworks/Python.framework/Versions/3.14/lib/python3.14/contextlib.py", line 162, in __exit__
    self.gen.throw(value)
    ~~~~~~~~~~~~~~^^^^^^^
  File "/Users/housinsectsoffperu/Neotropical Specimens Native/.venv-ingest/lib/python3.14/site-packages/httpcore/_exceptions.py", line 14, in map_exceptions
    raise to_exc(exc) from exc
httpcore.ConnectError: [Errno 8] nodename nor servname provided, or not known

The above exception was the direct cause of the following exception:

Traceback (most recent call last):
  File "/Users/housinsectsoffperu/Neotropical Specimens Native/scripts/ingest_csv.py", line 831, in process_row
    region_id   = resolve_region(sb, r.region)
  File "/Users/housinsectsoffperu/Neotropical Specimens Native/scripts/ingest_csv.py", line 616, in resolve_region
    rid = _upsert(sb, "global_regions", {"region_name": region_name}, "region_name")
  File "/Users/housinsectsoffperu/Neotropical Specimens Native/scripts/ingest_csv.py", line 604, in _upsert
    res = sb.table(table).upsert(row, on_conflict=on_conflict).select("id").execute()
  File "/Users/housinsectsoffperu/Neotropical Specimens Native/.venv-ingest/lib/python3.14/site-packages/postgrest/_sync/request_builder.py", line 90, in execute
    r = send_with_retry(self.request)
  File "/Users/housinsectsoffperu/Neotropical Specimens Native/.venv-ingest/lib/python3.14/site-packages/postgrest/_sync/request_builder.py", line 51, in send_with_retry
    resp = req.send(headers)
  File "/Users/housinsectsoffperu/Neotropical Specimens Native/.venv-ingest/lib/python3.14/site-packages/postgrest/base_request_builder.py", line 90, in send
    return self.session.request(
           ~~~~~~~~~~~~~~~~~~~~^
        self.http_method,
        ^^^^^^^^^^^^^^^^^
    ...<4 lines>...
        auth=self.auth,
        ^^^^^^^^^^^^^^^
    )
    ^
  File "/Users/housinsectsoffperu/Neotropical Specimens Native/.venv-ingest/lib/python3.14/site-packages/httpx/_client.py", line 825, in request
    return self.send(request, auth=auth, follow_redirects=follow_redirects)
           ~~~~~~~~~^^^^^^^^^^^^^^^^^^^^^^^^^^^^^^^^^^^^^^^^^^^^^^^^^^^^^^^
  File "/Users/housinsectsoffperu/Neotropical Specimens Native/.venv-ingest/lib/python3.14/site-packages/httpx/_client.py", line 914, in send
    response = self._send_handling_auth(
        request,
    ...<2 lines>...
        history=[],
    )
  File "/Users/housinsectsoffperu/Neotropical Specimens Native/.venv-ingest/lib/python3.14/site-packages/httpx/_client.py", line 942, in _send_handling_auth
    response = self._send_handling_redirects(
        request,
        follow_redirects=follow_redirects,
        history=history,
    )
  File "/Users/housinsectsoffperu/Neotropical Specimens Native/.venv-ingest/lib/python3.14/site-packages/httpx/_client.py", line 979, in _send_handling_redirects
    response = self._send_single_request(request)
  File "/Users/housinsectsoffperu/Neotropical Specimens Native/.venv-ingest/lib/python3.14/site-packages/httpx/_client.py", line 1014, in _send_single_request
    response = transport.handle_request(request)
  File "/Users/housinsectsoffperu/Neotropical Specimens Native/.venv-ingest/lib/python3.14/site-packages/httpx/_transports/default.py", line 249, in handle_request
    with map_httpcore_exceptions():
         ~~~~~~~~~~~~~~~~~~~~~~~^^
  File "/usr/local/Cellar/python@3.14/3.14.5/Frameworks/Python.framework/Versions/3.14/lib/python3.14/contextlib.py", line 162, in __exit__
    self.gen.throw(value)
    ~~~~~~~~~~~~~~^^^^^^^
  File "/Users/housinsectsoffperu/Neotropical Specimens Native/.venv-ingest/lib/python3.14/site-packages/httpx/_transports/default.py", line 118, in map_httpcore_exceptions
    raise mapped_exc(message) from exc
httpx.ConnectError: [Errno 8] nodename nor servname provided, or not known
2026-08-01 14:25:04  ERROR     Línea 3 [RI-002] (Ancyluris cacica latifasciata) — ConnectError: [Errno 8] nodename nor servname provided, or not known
Traceback (most recent call last):
  File "/Users/housinsectsoffperu/Neotropical Specimens Native/.venv-ingest/lib/python3.14/site-packages/httpx/_transports/default.py", line 101, in map_httpcore_exceptions
    yield
  File "/Users/housinsectsoffperu/Neotropical Specimens Native/.venv-ingest/lib/python3.14/site-packages/httpx/_transports/default.py", line 250, in handle_request
    resp = self._pool.handle_request(req)
  File "/Users/housinsectsoffperu/Neotropical Specimens Native/.venv-ingest/lib/python3.14/site-packages/httpcore/_sync/connection_pool.py", line 256, in handle_request
    raise exc from None
  File "/Users/housinsectsoffperu/Neotropical Specimens Native/.venv-ingest/lib/python3.14/site-packages/httpcore/_sync/connection_pool.py", line 236, in handle_request
    response = connection.handle_request(
        pool_request.request
    )
  File "/Users/housinsectsoffperu/Neotropical Specimens Native/.venv-ingest/lib/python3.14/site-packages/httpcore/_sync/connection.py", line 101, in handle_request
    raise exc
  File "/Users/housinsectsoffperu/Neotropical Specimens Native/.venv-ingest/lib/python3.14/site-packages/httpcore/_sync/connection.py", line 78, in handle_request
    stream = self._connect(request)
  File "/Users/housinsectsoffperu/Neotropical Specimens Native/.venv-ingest/lib/python3.14/site-packages/httpcore/_sync/connection.py", line 124, in _connect
    stream = self._network_backend.connect_tcp(**kwargs)
  File "/Users/housinsectsoffperu/Neotropical Specimens Native/.venv-ingest/lib/python3.14/site-packages/httpcore/_backends/sync.py", line 207, in connect_tcp
    with map_exceptions(exc_map):
         ~~~~~~~~~~~~~~^^^^^^^^^
  File "/usr/local/Cellar/python@3.14/3.14.5/Frameworks/Python.framework/Versions/3.14/lib/python3.14/contextlib.py", line 162, in __exit__
    self.gen.throw(value)
    ~~~~~~~~~~~~~~^^^^^^^
  File "/Users/housinsectsoffperu/Neotropical Specimens Native/.venv-ingest/lib/python3.14/site-packages/httpcore/_exceptions.py", line 14, in map_exceptions
    raise to_exc(exc) from exc
httpcore.ConnectError: [Errno 8] nodename nor servname provided, or not known

The above exception was the direct cause of the following exception:

Traceback (most recent call last):
  File "/Users/housinsectsoffperu/Neotropical Specimens Native/scripts/ingest_csv.py", line 831, in process_row
    region_id   = resolve_region(sb, r.region)
  File "/Users/housinsectsoffperu/Neotropical Specimens Native/scripts/ingest_csv.py", line 616, in resolve_region
    rid = _upsert(sb, "global_regions", {"region_name": region_name}, "region_name")
  File "/Users/housinsectsoffperu/Neotropical Specimens Native/scripts/ingest_csv.py", line 604, in _upsert
    res = sb.table(table).upsert(row, on_conflict=on_conflict).select("id").execute()
  File "/Users/housinsectsoffperu/Neotropical Specimens Native/.venv-ingest/lib/python3.14/site-packages/postgrest/_sync/request_builder.py", line 90, in execute
    r = send_with_retry(self.request)
  File "/Users/housinsectsoffperu/Neotropical Specimens Native/.venv-ingest/lib/python3.14/site-packages/postgrest/_sync/request_builder.py", line 51, in send_with_retry
    resp = req.send(headers)
  File "/Users/housinsectsoffperu/Neotropical Specimens Native/.venv-ingest/lib/python3.14/site-packages/postgrest/base_request_builder.py", line 90, in send
    return self.session.request(
           ~~~~~~~~~~~~~~~~~~~~^
        self.http_method,
        ^^^^^^^^^^^^^^^^^
    ...<4 lines>...
        auth=self.auth,
        ^^^^^^^^^^^^^^^
    )
    ^
  File "/Users/housinsectsoffperu/Neotropical Specimens Native/.venv-ingest/lib/python3.14/site-packages/httpx/_client.py", line 825, in request
    return self.send(request, auth=auth, follow_redirects=follow_redirects)
           ~~~~~~~~~^^^^^^^^^^^^^^^^^^^^^^^^^^^^^^^^^^^^^^^^^^^^^^^^^^^^^^^
  File "/Users/housinsectsoffperu/Neotropical Specimens Native/.venv-ingest/lib/python3.14/site-packages/httpx/_client.py", line 914, in send
    response = self._send_handling_auth(
        request,
    ...<2 lines>...
        history=[],
    )
  File "/Users/housinsectsoffperu/Neotropical Specimens Native/.venv-ingest/lib/python3.14/site-packages/httpx/_client.py", line 942, in _send_handling_auth
    response = self._send_handling_redirects(
        request,
        follow_redirects=follow_redirects,
        history=history,
    )
  File "/Users/housinsectsoffperu/Neotropical Specimens Native/.venv-ingest/lib/python3.14/site-packages/httpx/_client.py", line 979, in _send_handling_redirects
    response = self._send_single_request(request)
  File "/Users/housinsectsoffperu/Neotropical Specimens Native/.venv-ingest/lib/python3.14/site-packages/httpx/_client.py", line 1014, in _send_single_request
    response = transport.handle_request(request)
  File "/Users/housinsectsoffperu/Neotropical Specimens Native/.venv-ingest/lib/python3.14/site-packages/httpx/_transports/default.py", line 249, in handle_request
    with map_httpcore_exceptions():
         ~~~~~~~~~~~~~~~~~~~~~~~^^
  File "/usr/local/Cellar/python@3.14/3.14.5/Frameworks/Python.framework/Versions/3.14/lib/python3.14/contextlib.py", line 162, in __exit__
    self.gen.throw(value)
    ~~~~~~~~~~~~~~^^^^^^^
  File "/Users/housinsectsoffperu/Neotropical Specimens Native/.venv-ingest/lib/python3.14/site-packages/httpx/_transports/default.py", line 118, in map_httpcore_exceptions
    raise mapped_exc(message) from exc
httpx.ConnectError: [Errno 8] nodename nor servname provided, or not known
2026-08-01 14:25:04  ERROR     Línea 4 [RI-003] (Ancyluris colubra) — ConnectError: [Errno 8] nodename nor servname provided, or not known
Traceback (most recent call last):
  File "/Users/housinsectsoffperu/Neotropical Specimens Native/.venv-ingest/lib/python3.14/site-packages/httpx/_transports/default.py", line 101, in map_httpcore_exceptions
    yield
  File "/Users/housinsectsoffperu/Neotropical Specimens Native/.venv-ingest/lib/python3.14/site-packages/httpx/_transports/default.py", line 250, in handle_request
    resp = self._pool.handle_request(req)
  File "/Users/housinsectsoffperu/Neotropical Specimens Native/.venv-ingest/lib/python3.14/site-packages/httpcore/_sync/connection_pool.py", line 256, in handle_request
    raise exc from None
  File "/Users/housinsectsoffperu/Neotropical Specimens Native/.venv-ingest/lib/python3.14/site-packages/httpcore/_sync/connection_pool.py", line 236, in handle_request
    response = connection.handle_request(
        pool_request.request
    )
  File "/Users/housinsectsoffperu/Neotropical Specimens Native/.venv-ingest/lib/python3.14/site-packages/httpcore/_sync/connection.py", line 101, in handle_request
    raise exc
  File "/Users/housinsectsoffperu/Neotropical Specimens Native/.venv-ingest/lib/python3.14/site-packages/httpcore/_sync/connection.py", line 78, in handle_request
    stream = self._connect(request)
  File "/Users/housinsectsoffperu/Neotropical Specimens Native/.venv-ingest/lib/python3.14/site-packages/httpcore/_sync/connection.py", line 124, in _connect
    stream = self._network_backend.connect_tcp(**kwargs)
  File "/Users/housinsectsoffperu/Neotropical Specimens Native/.venv-ingest/lib/python3.14/site-packages/httpcore/_backends/sync.py", line 207, in connect_tcp
    with map_exceptions(exc_map):
         ~~~~~~~~~~~~~~^^^^^^^^^
  File "/usr/local/Cellar/python@3.14/3.14.5/Frameworks/Python.framework/Versions/3.14/lib/python3.14/contextlib.py", line 162, in __exit__
    self.gen.throw(value)
    ~~~~~~~~~~~~~~^^^^^^^
  File "/Users/housinsectsoffperu/Neotropical Specimens Native/.venv-ingest/lib/python3.14/site-packages/httpcore/_exceptions.py", line 14, in map_exceptions
    raise to_exc(exc) from exc
httpcore.ConnectError: [Errno 8] nodename nor servname provided, or not known

The above exception was the direct cause of the following exception:

Traceback (most recent call last):
  File "/Users/housinsectsoffperu/Neotropical Specimens Native/scripts/ingest_csv.py", line 831, in process_row
    region_id   = resolve_region(sb, r.region)
  File "/Users/housinsectsoffperu/Neotropical Specimens Native/scripts/ingest_csv.py", line 616, in resolve_region
    rid = _upsert(sb, "global_regions", {"region_name": region_name}, "region_name")
  File "/Users/housinsectsoffperu/Neotropical Specimens Native/scripts/ingest_csv.py", line 604, in _upsert
    res = sb.table(table).upsert(row, on_conflict=on_conflict).select("id").execute()
  File "/Users/housinsectsoffperu/Neotropical Specimens Native/.venv-ingest/lib/python3.14/site-packages/postgrest/_sync/request_builder.py", line 90, in execute
    r = send_with_retry(self.request)
  File "/Users/housinsectsoffperu/Neotropical Specimens Native/.venv-ingest/lib/python3.14/site-packages/postgrest/_sync/request_builder.py", line 51, in send_with_retry
    resp = req.send(headers)
  File "/Users/housinsectsoffperu/Neotropical Specimens Native/.venv-ingest/lib/python3.14/site-packages/postgrest/base_request_builder.py", line 90, in send
    return self.session.request(
           ~~~~~~~~~~~~~~~~~~~~^
        self.http_method,
        ^^^^^^^^^^^^^^^^^
    ...<4 lines>...
        auth=self.auth,
        ^^^^^^^^^^^^^^^
    )
    ^
  File "/Users/housinsectsoffperu/Neotropical Specimens Native/.venv-ingest/lib/python3.14/site-packages/httpx/_client.py", line 825, in request
    return self.send(request, auth=auth, follow_redirects=follow_redirects)
           ~~~~~~~~~^^^^^^^^^^^^^^^^^^^^^^^^^^^^^^^^^^^^^^^^^^^^^^^^^^^^^^^
  File "/Users/housinsectsoffperu/Neotropical Specimens Native/.venv-ingest/lib/python3.14/site-packages/httpx/_client.py", line 914, in send
    response = self._send_handling_auth(
        request,
    ...<2 lines>...
        history=[],
    )
  File "/Users/housinsectsoffperu/Neotropical Specimens Native/.venv-ingest/lib/python3.14/site-packages/httpx/_client.py", line 942, in _send_handling_auth
    response = self._send_handling_redirects(
        request,
        follow_redirects=follow_redirects,
        history=history,
    )
  File "/Users/housinsectsoffperu/Neotropical Specimens Native/.venv-ingest/lib/python3.14/site-packages/httpx/_client.py", line 979, in _send_handling_redirects
    response = self._send_single_request(request)
  File "/Users/housinsectsoffperu/Neotropical Specimens Native/.venv-ingest/lib/python3.14/site-packages/httpx/_client.py", line 1014, in _send_single_request
    response = transport.handle_request(request)
  File "/Users/housinsectsoffperu/Neotropical Specimens Native/.venv-ingest/lib/python3.14/site-packages/httpx/_transports/default.py", line 249, in handle_request
    with map_httpcore_exceptions():
         ~~~~~~~~~~~~~~~~~~~~~~~^^
  File "/usr/local/Cellar/python@3.14/3.14.5/Frameworks/Python.framework/Versions/3.14/lib/python3.14/contextlib.py", line 162, in __exit__
    self.gen.throw(value)
    ~~~~~~~~~~~~~~^^^^^^^
  File "/Users/housinsectsoffperu/Neotropical Specimens Native/.venv-ingest/lib/python3.14/site-packages/httpx/_transports/default.py", line 118, in map_httpcore_exceptions
    raise mapped_exc(message) from exc
httpx.ConnectError: [Errno 8] nodename nor servname provided, or not known
2026-08-01 14:25:04  ERROR     Línea 5 [RI-004] (Ancyluris endaemon) — ConnectError: [Errno 8] nodename nor servname provided, or not known
Traceback (most recent call last):
  File "/Users/housinsectsoffperu/Neotropical Specimens Native/.venv-ingest/lib/python3.14/site-packages/httpx/_transports/default.py", line 101, in map_httpcore_exceptions
    yield
  File "/Users/housinsectsoffperu/Neotropical Specimens Native/.venv-ingest/lib/python3.14/site-packages/httpx/_transports/default.py", line 250, in handle_request
    resp = self._pool.handle_request(req)
  File "/Users/housinsectsoffperu/Neotropical Specimens Native/.venv-ingest/lib/python3.14/site-packages/httpcore/_sync/connection_pool.py", line 256, in handle_request
    raise exc from None
  File "/Users/housinsectsoffperu/Neotropical Specimens Native/.venv-ingest/lib/python3.14/site-packages/httpcore/_sync/connection_pool.py", line 236, in handle_request
    response = connection.handle_request(
        pool_request.request
    )
  File "/Users/housinsectsoffperu/Neotropical Specimens Native/.venv-ingest/lib/python3.14/site-packages/httpcore/_sync/connection.py", line 101, in handle_request
    raise exc
  File "/Users/housinsectsoffperu/Neotropical Specimens Native/.venv-ingest/lib/python3.14/site-packages/httpcore/_sync/connection.py", line 78, in handle_request
    stream = self._connect(request)
  File "/Users/housinsectsoffperu/Neotropical Specimens Native/.venv-ingest/lib/python3.14/site-packages/httpcore/_sync/connection.py", line 124, in _connect
    stream = self._network_backend.connect_tcp(**kwargs)
  File "/Users/housinsectsoffperu/Neotropical Specimens Native/.venv-ingest/lib/python3.14/site-packages/httpcore/_backends/sync.py", line 207, in connect_tcp
    with map_exceptions(exc_map):
         ~~~~~~~~~~~~~~^^^^^^^^^
  File "/usr/local/Cellar/python@3.14/3.14.5/Frameworks/Python.framework/Versions/3.14/lib/python3.14/contextlib.py", line 162, in __exit__
    self.gen.throw(value)
    ~~~~~~~~~~~~~~^^^^^^^
  File "/Users/housinsectsoffperu/Neotropical Specimens Native/.venv-ingest/lib/python3.14/site-packages/httpcore/_exceptions.py", line 14, in map_exceptions
    raise to_exc(exc) from exc
httpcore.ConnectError: [Errno 8] nodename nor servname provided, or not known

The above exception was the direct cause of the following exception:

Traceback (most recent call last):
  File "/Users/housinsectsoffperu/Neotropical Specimens Native/scripts/ingest_csv.py", line 831, in process_row
    region_id   = resolve_region(sb, r.region)
  File "/Users/housinsectsoffperu/Neotropical Specimens Native/scripts/ingest_csv.py", line 616, in resolve_region
    rid = _upsert(sb, "global_regions", {"region_name": region_name}, "region_name")
  File "/Users/housinsectsoffperu/Neotropical Specimens Native/scripts/ingest_csv.py", line 604, in _upsert
    res = sb.table(table).upsert(row, on_conflict=on_conflict).select("id").execute()
  File "/Users/housinsectsoffperu/Neotropical Specimens Native/.venv-ingest/lib/python3.14/site-packages/postgrest/_sync/request_builder.py", line 90, in execute
    r = send_with_retry(self.request)
  File "/Users/housinsectsoffperu/Neotropical Specimens Native/.venv-ingest/lib/python3.14/site-packages/postgrest/_sync/request_builder.py", line 51, in send_with_retry
    resp = req.send(headers)
  File "/Users/housinsectsoffperu/Neotropical Specimens Native/.venv-ingest/lib/python3.14/site-packages/postgrest/base_request_builder.py", line 90, in send
    return self.session.request(
           ~~~~~~~~~~~~~~~~~~~~^
        self.http_method,
        ^^^^^^^^^^^^^^^^^
    ...<4 lines>...
        auth=self.auth,
        ^^^^^^^^^^^^^^^
    )
    ^
  File "/Users/housinsectsoffperu/Neotropical Specimens Native/.venv-ingest/lib/python3.14/site-packages/httpx/_client.py", line 825, in request
    return self.send(request, auth=auth, follow_redirects=follow_redirects)
           ~~~~~~~~~^^^^^^^^^^^^^^^^^^^^^^^^^^^^^^^^^^^^^^^^^^^^^^^^^^^^^^^
  File "/Users/housinsectsoffperu/Neotropical Specimens Native/.venv-ingest/lib/python3.14/site-packages/httpx/_client.py", line 914, in send
    response = self._send_handling_auth(
        request,
    ...<2 lines>...
        history=[],
    )
  File "/Users/housinsectsoffperu/Neotropical Specimens Native/.venv-ingest/lib/python3.14/site-packages/httpx/_client.py", line 942, in _send_handling_auth
    response = self._send_handling_redirects(
        request,
        follow_redirects=follow_redirects,
        history=history,
    )
  File "/Users/housinsectsoffperu/Neotropical Specimens Native/.venv-ingest/lib/python3.14/site-packages/httpx/_client.py", line 979, in _send_handling_redirects
    response = self._send_single_request(request)
  File "/Users/housinsectsoffperu/Neotropical Specimens Native/.venv-ingest/lib/python3.14/site-packages/httpx/_client.py", line 1014, in _send_single_request
    response = transport.handle_request(request)
  File "/Users/housinsectsoffperu/Neotropical Specimens Native/.venv-ingest/lib/python3.14/site-packages/httpx/_transports/default.py", line 249, in handle_request
    with map_httpcore_exceptions():
         ~~~~~~~~~~~~~~~~~~~~~~~^^
  File "/usr/local/Cellar/python@3.14/3.14.5/Frameworks/Python.framework/Versions/3.14/lib/python3.14/contextlib.py", line 162, in __exit__
    self.gen.throw(value)
    ~~~~~~~~~~~~~~^^^^^^^
  File "/Users/housinsectsoffperu/Neotropical Specimens Native/.venv-ingest/lib/python3.14/site-packages/httpx/_transports/default.py", line 118, in map_httpcore_exceptions
    raise mapped_exc(message) from exc
httpx.ConnectError: [Errno 8] nodename nor servname provided, or not known
2026-08-01 14:25:04  ERROR     Línea 6 [RI-005] (Ancyluris endaemon) — ConnectError: [Errno 8] nodename nor servname provided, or not known
Traceback (most recent call last):
  File "/Users/housinsectsoffperu/Neotropical Specimens Native/.venv-ingest/lib/python3.14/site-packages/httpx/_transports/default.py", line 101, in map_httpcore_exceptions
    yield
  File "/Users/housinsectsoffperu/Neotropical Specimens Native/.venv-ingest/lib/python3.14/site-packages/httpx/_transports/default.py", line 250, in handle_request
    resp = self._pool.handle_request(req)
  File "/Users/housinsectsoffperu/Neotropical Specimens Native/.venv-ingest/lib/python3.14/site-packages/httpcore/_sync/connection_pool.py", line 256, in handle_request
    raise exc from None
  File "/Users/housinsectsoffperu/Neotropical Specimens Native/.venv-ingest/lib/python3.14/site-packages/httpcore/_sync/connection_pool.py", line 236, in handle_request
    response = connection.handle_request(
        pool_request.request
    )
  File "/Users/housinsectsoffperu/Neotropical Specimens Native/.venv-ingest/lib/python3.14/site-packages/httpcore/_sync/connection.py", line 101, in handle_request
    raise exc
  File "/Users/housinsectsoffperu/Neotropical Specimens Native/.venv-ingest/lib/python3.14/site-packages/httpcore/_sync/connection.py", line 78, in handle_request
    stream = self._connect(request)
  File "/Users/housinsectsoffperu/Neotropical Specimens Native/.venv-ingest/lib/python3.14/site-packages/httpcore/_sync/connection.py", line 124, in _connect
    stream = self._network_backend.connect_tcp(**kwargs)
  File "/Users/housinsectsoffperu/Neotropical Specimens Native/.venv-ingest/lib/python3.14/site-packages/httpcore/_backends/sync.py", line 207, in connect_tcp
    with map_exceptions(exc_map):
         ~~~~~~~~~~~~~~^^^^^^^^^
  File "/usr/local/Cellar/python@3.14/3.14.5/Frameworks/Python.framework/Versions/3.14/lib/python3.14/contextlib.py", line 162, in __exit__
    self.gen.throw(value)
    ~~~~~~~~~~~~~~^^^^^^^
  File "/Users/housinsectsoffperu/Neotropical Specimens Native/.venv-ingest/lib/python3.14/site-packages/httpcore/_exceptions.py", line 14, in map_exceptions
    raise to_exc(exc) from exc
httpcore.ConnectError: [Errno 8] nodename nor servname provided, or not known

The above exception was the direct cause of the following exception:

Traceback (most recent call last):
  File "/Users/housinsectsoffperu/Neotropical Specimens Native/scripts/ingest_csv.py", line 831, in process_row
    region_id   = resolve_region(sb, r.region)
  File "/Users/housinsectsoffperu/Neotropical Specimens Native/scripts/ingest_csv.py", line 616, in resolve_region
    rid = _upsert(sb, "global_regions", {"region_name": region_name}, "region_name")
  File "/Users/housinsectsoffperu/Neotropical Specimens Native/scripts/ingest_csv.py", line 604, in _upsert
    res = sb.table(table).upsert(row, on_conflict=on_conflict).select("id").execute()
  File "/Users/housinsectsoffperu/Neotropical Specimens Native/.venv-ingest/lib/python3.14/site-packages/postgrest/_sync/request_builder.py", line 90, in execute
    r = send_with_retry(self.request)
  File "/Users/housinsectsoffperu/Neotropical Specimens Native/.venv-ingest/lib/python3.14/site-packages/postgrest/_sync/request_builder.py", line 51, in send_with_retry
    resp = req.send(headers)
  File "/Users/housinsectsoffperu/Neotropical Specimens Native/.venv-ingest/lib/python3.14/site-packages/postgrest/base_request_builder.py", line 90, in send
    return self.session.request(
           ~~~~~~~~~~~~~~~~~~~~^
        self.http_method,
        ^^^^^^^^^^^^^^^^^
    ...<4 lines>...
        auth=self.auth,
        ^^^^^^^^^^^^^^^
    )
    ^
  File "/Users/housinsectsoffperu/Neotropical Specimens Native/.venv-ingest/lib/python3.14/site-packages/httpx/_client.py", line 825, in request
    return self.send(request, auth=auth, follow_redirects=follow_redirects)
           ~~~~~~~~~^^^^^^^^^^^^^^^^^^^^^^^^^^^^^^^^^^^^^^^^^^^^^^^^^^^^^^^
  File "/Users/housinsectsoffperu/Neotropical Specimens Native/.venv-ingest/lib/python3.14/site-packages/httpx/_client.py", line 914, in send
    response = self._send_handling_auth(
        request,
    ...<2 lines>...
        history=[],
    )
  File "/Users/housinsectsoffperu/Neotropical Specimens Native/.venv-ingest/lib/python3.14/site-packages/httpx/_client.py", line 942, in _send_handling_auth
    response = self._send_handling_redirects(
        request,
        follow_redirects=follow_redirects,
        history=history,
    )
  File "/Users/housinsectsoffperu/Neotropical Specimens Native/.venv-ingest/lib/python3.14/site-packages/httpx/_client.py", line 979, in _send_handling_redirects
    response = self._send_single_request(request)
  File "/Users/housinsectsoffperu/Neotropical Specimens Native/.venv-ingest/lib/python3.14/site-packages/httpx/_client.py", line 1014, in _send_single_request
    response = transport.handle_request(request)
  File "/Users/housinsectsoffperu/Neotropical Specimens Native/.venv-ingest/lib/python3.14/site-packages/httpx/_transports/default.py", line 249, in handle_request
    with map_httpcore_exceptions():
         ~~~~~~~~~~~~~~~~~~~~~~~^^
  File "/usr/local/Cellar/python@3.14/3.14.5/Frameworks/Python.framework/Versions/3.14/lib/python3.14/contextlib.py", line 162, in __exit__
    self.gen.throw(value)
    ~~~~~~~~~~~~~~^^^^^^^
  File "/Users/housinsectsoffperu/Neotropical Specimens Native/.venv-ingest/lib/python3.14/site-packages/httpx/_transports/default.py", line 118, in map_httpcore_exceptions
    raise mapped_exc(message) from exc
httpx.ConnectError: [Errno 8] nodename nor servname provided, or not known
2026-08-01 14:25:04  ERROR     Línea 7 [RI-006] (Ancyluris etias) — ConnectError: [Errno 8] nodename nor servname provided, or not known
Traceback (most recent call last):
  File "/Users/housinsectsoffperu/Neotropical Specimens Native/.venv-ingest/lib/python3.14/site-packages/httpx/_transports/default.py", line 101, in map_httpcore_exceptions
    yield
  File "/Users/housinsectsoffperu/Neotropical Specimens Native/.venv-ingest/lib/python3.14/site-packages/httpx/_transports/default.py", line 250, in handle_request
    resp = self._pool.handle_request(req)
  File "/Users/housinsectsoffperu/Neotropical Specimens Native/.venv-ingest/lib/python3.14/site-packages/httpcore/_sync/connection_pool.py", line 256, in handle_request
    raise exc from None
  File "/Users/housinsectsoffperu/Neotropical Specimens Native/.venv-ingest/lib/python3.14/site-packages/httpcore/_sync/connection_pool.py", line 236, in handle_request
    response = connection.handle_request(
        pool_request.request
    )
  File "/Users/housinsectsoffperu/Neotropical Specimens Native/.venv-ingest/lib/python3.14/site-packages/httpcore/_sync/connection.py", line 101, in handle_request
    raise exc
  File "/Users/housinsectsoffperu/Neotropical Specimens Native/.venv-ingest/lib/python3.14/site-packages/httpcore/_sync/connection.py", line 78, in handle_request
    stream = self._connect(request)
  File "/Users/housinsectsoffperu/Neotropical Specimens Native/.venv-ingest/lib/python3.14/site-packages/httpcore/_sync/connection.py", line 124, in _connect
    stream = self._network_backend.connect_tcp(**kwargs)
  File "/Users/housinsectsoffperu/Neotropical Specimens Native/.venv-ingest/lib/python3.14/site-packages/httpcore/_backends/sync.py", line 207, in connect_tcp
    with map_exceptions(exc_map):
         ~~~~~~~~~~~~~~^^^^^^^^^
  File "/usr/local/Cellar/python@3.14/3.14.5/Frameworks/Python.framework/Versions/3.14/lib/python3.14/contextlib.py", line 162, in __exit__
    self.gen.throw(value)
    ~~~~~~~~~~~~~~^^^^^^^
  File "/Users/housinsectsoffperu/Neotropical Specimens Native/.venv-ingest/lib/python3.14/site-packages/httpcore/_exceptions.py", line 14, in map_exceptions
    raise to_exc(exc) from exc
httpcore.ConnectError: [Errno 8] nodename nor servname provided, or not known

The above exception was the direct cause of the following exception:

Traceback (most recent call last):
  File "/Users/housinsectsoffperu/Neotropical Specimens Native/scripts/ingest_csv.py", line 831, in process_row
    region_id   = resolve_region(sb, r.region)
  File "/Users/housinsectsoffperu/Neotropical Specimens Native/scripts/ingest_csv.py", line 616, in resolve_region
    rid = _upsert(sb, "global_regions", {"region_name": region_name}, "region_name")
  File "/Users/housinsectsoffperu/Neotropical Specimens Native/scripts/ingest_csv.py", line 604, in _upsert
    res = sb.table(table).upsert(row, on_conflict=on_conflict).select("id").execute()
  File "/Users/housinsectsoffperu/Neotropical Specimens Native/.venv-ingest/lib/python3.14/site-packages/postgrest/_sync/request_builder.py", line 90, in execute
    r = send_with_retry(self.request)
  File "/Users/housinsectsoffperu/Neotropical Specimens Native/.venv-ingest/lib/python3.14/site-packages/postgrest/_sync/request_builder.py", line 51, in send_with_retry
    resp = req.send(headers)
  File "/Users/housinsectsoffperu/Neotropical Specimens Native/.venv-ingest/lib/python3.14/site-packages/postgrest/base_request_builder.py", line 90, in send
    return self.session.request(
           ~~~~~~~~~~~~~~~~~~~~^
        self.http_method,
        ^^^^^^^^^^^^^^^^^
    ...<4 lines>...
        auth=self.auth,
        ^^^^^^^^^^^^^^^
    )
    ^
  File "/Users/housinsectsoffperu/Neotropical Specimens Native/.venv-ingest/lib/python3.14/site-packages/httpx/_client.py", line 825, in request
    return self.send(request, auth=auth, follow_redirects=follow_redirects)
           ~~~~~~~~~^^^^^^^^^^^^^^^^^^^^^^^^^^^^^^^^^^^^^^^^^^^^^^^^^^^^^^^
  File "/Users/housinsectsoffperu/Neotropical Specimens Native/.venv-ingest/lib/python3.14/site-packages/httpx/_client.py", line 914, in send
    response = self._send_handling_auth(
        request,
    ...<2 lines>...
        history=[],
    )
  File "/Users/housinsectsoffperu/Neotropical Specimens Native/.venv-ingest/lib/python3.14/site-packages/httpx/_client.py", line 942, in _send_handling_auth
    response = self._send_handling_redirects(
        request,
        follow_redirects=follow_redirects,
        history=history,
    )
  File "/Users/housinsectsoffperu/Neotropical Specimens Native/.venv-ingest/lib/python3.14/site-packages/httpx/_client.py", line 979, in _send_handling_redirects
    response = self._send_single_request(request)
  File "/Users/housinsectsoffperu/Neotropical Specimens Native/.venv-ingest/lib/python3.14/site-packages/httpx/_client.py", line 1014, in _send_single_request
    response = transport.handle_request(request)
  File "/Users/housinsectsoffperu/Neotropical Specimens Native/.venv-ingest/lib/python3.14/site-packages/httpx/_transports/default.py", line 249, in handle_request
    with map_httpcore_exceptions():
         ~~~~~~~~~~~~~~~~~~~~~~~^^
  File "/usr/local/Cellar/python@3.14/3.14.5/Frameworks/Python.framework/Versions/3.14/lib/python3.14/contextlib.py", line 162, in __exit__
    self.gen.throw(value)
    ~~~~~~~~~~~~~~^^^^^^^
  File "/Users/housinsectsoffperu/Neotropical Specimens Native/.venv-ingest/lib/python3.14/site-packages/httpx/_transports/default.py", line 118, in map_httpcore_exceptions
    raise mapped_exc(message) from exc
httpx.ConnectError: [Errno 8] nodename nor servname provided, or not known
2026-08-01 14:25:04  ERROR     Línea 8 [RI-007] (Ancyluris etias) — ConnectError: [Errno 8] nodename nor servname provided, or not known
Traceback (most recent call last):
  File "/Users/housinsectsoffperu/Neotropical Specimens Native/.venv-ingest/lib/python3.14/site-packages/httpx/_transports/default.py", line 101, in map_httpcore_exceptions
    yield
  File "/Users/housinsectsoffperu/Neotropical Specimens Native/.venv-ingest/lib/python3.14/site-packages/httpx/_transports/default.py", line 250, in handle_request
    resp = self._pool.handle_request(req)
  File "/Users/housinsectsoffperu/Neotropical Specimens Native/.venv-ingest/lib/python3.14/site-packages/httpcore/_sync/connection_pool.py", line 256, in handle_request
    raise exc from None
  File "/Users/housinsectsoffperu/Neotropical Specimens Native/.venv-ingest/lib/python3.14/site-packages/httpcore/_sync/connection_pool.py", line 236, in handle_request
    response = connection.handle_request(
        pool_request.request
    )
  File "/Users/housinsectsoffperu/Neotropical Specimens Native/.venv-ingest/lib/python3.14/site-packages/httpcore/_sync/connection.py", line 101, in handle_request
    raise exc
  File "/Users/housinsectsoffperu/Neotropical Specimens Native/.venv-ingest/lib/python3.14/site-packages/httpcore/_sync/connection.py", line 78, in handle_request
    stream = self._connect(request)
  File "/Users/housinsectsoffperu/Neotropical Specimens Native/.venv-ingest/lib/python3.14/site-packages/httpcore/_sync/connection.py", line 124, in _connect
    stream = self._network_backend.connect_tcp(**kwargs)
  File "/Users/housinsectsoffperu/Neotropical Specimens Native/.venv-ingest/lib/python3.14/site-packages/httpcore/_backends/sync.py", line 207, in connect_tcp
    with map_exceptions(exc_map):
         ~~~~~~~~~~~~~~^^^^^^^^^
  File "/usr/local/Cellar/python@3.14/3.14.5/Frameworks/Python.framework/Versions/3.14/lib/python3.14/contextlib.py", line 162, in __exit__
    self.gen.throw(value)
    ~~~~~~~~~~~~~~^^^^^^^
  File "/Users/housinsectsoffperu/Neotropical Specimens Native/.venv-ingest/lib/python3.14/site-packages/httpcore/_exceptions.py", line 14, in map_exceptions
    raise to_exc(exc) from exc
httpcore.ConnectError: [Errno 8] nodename nor servname provided, or not known

The above exception was the direct cause of the following exception:

Traceback (most recent call last):
  File "/Users/housinsectsoffperu/Neotropical Specimens Native/scripts/ingest_csv.py", line 831, in process_row
    region_id   = resolve_region(sb, r.region)
  File "/Users/housinsectsoffperu/Neotropical Specimens Native/scripts/ingest_csv.py", line 616, in resolve_region
    rid = _upsert(sb, "global_regions", {"region_name": region_name}, "region_name")
  File "/Users/housinsectsoffperu/Neotropical Specimens Native/scripts/ingest_csv.py", line 604, in _upsert
    res = sb.table(table).upsert(row, on_conflict=on_conflict).select("id").execute()
  File "/Users/housinsectsoffperu/Neotropical Specimens Native/.venv-ingest/lib/python3.14/site-packages/postgrest/_sync/request_builder.py", line 90, in execute
    r = send_with_retry(self.request)
  File "/Users/housinsectsoffperu/Neotropical Specimens Native/.venv-ingest/lib/python3.14/site-packages/postgrest/_sync/request_builder.py", line 51, in send_with_retry
    resp = req.send(headers)
  File "/Users/housinsectsoffperu/Neotropical Specimens Native/.venv-ingest/lib/python3.14/site-packages/postgrest/base_request_builder.py", line 90, in send
    return self.session.request(
           ~~~~~~~~~~~~~~~~~~~~^
        self.http_method,
        ^^^^^^^^^^^^^^^^^
    ...<4 lines>...
        auth=self.auth,
        ^^^^^^^^^^^^^^^
    )
    ^
  File "/Users/housinsectsoffperu/Neotropical Specimens Native/.venv-ingest/lib/python3.14/site-packages/httpx/_client.py", line 825, in request
    return self.send(request, auth=auth, follow_redirects=follow_redirects)
           ~~~~~~~~~^^^^^^^^^^^^^^^^^^^^^^^^^^^^^^^^^^^^^^^^^^^^^^^^^^^^^^^
  File "/Users/housinsectsoffperu/Neotropical Specimens Native/.venv-ingest/lib/python3.14/site-packages/httpx/_client.py", line 914, in send
    response = self._send_handling_auth(
        request,
    ...<2 lines>...
        history=[],
    )
  File "/Users/housinsectsoffperu/Neotropical Specimens Native/.venv-ingest/lib/python3.14/site-packages/httpx/_client.py", line 942, in _send_handling_auth
    response = self._send_handling_redirects(
        request,
        follow_redirects=follow_redirects,
        history=history,
    )
  File "/Users/housinsectsoffperu/Neotropical Specimens Native/.venv-ingest/lib/python3.14/site-packages/httpx/_client.py", line 979, in _send_handling_redirects
    response = self._send_single_request(request)
  File "/Users/housinsectsoffperu/Neotropical Specimens Native/.venv-ingest/lib/python3.14/site-packages/httpx/_client.py", line 1014, in _send_single_request
    response = transport.handle_request(request)
  File "/Users/housinsectsoffperu/Neotropical Specimens Native/.venv-ingest/lib/python3.14/site-packages/httpx/_transports/default.py", line 249, in handle_request
    with map_httpcore_exceptions():
         ~~~~~~~~~~~~~~~~~~~~~~~^^
  File "/usr/local/Cellar/python@3.14/3.14.5/Frameworks/Python.framework/Versions/3.14/lib/python3.14/contextlib.py", line 162, in __exit__
    self.gen.throw(value)
    ~~~~~~~~~~~~~~^^^^^^^
  File "/Users/housinsectsoffperu/Neotropical Specimens Native/.venv-ingest/lib/python3.14/site-packages/httpx/_transports/default.py", line 118, in map_httpcore_exceptions
    raise mapped_exc(message) from exc
httpx.ConnectError: [Errno 8] nodename nor servname provided, or not known
2026-08-01 14:25:04  ERROR     Línea 9 [RI-008] (Ancyluris formisissima venerabilis) — ConnectError: [Errno 8] nodename nor servname provided, or not known
Traceback (most recent call last):
  File "/Users/housinsectsoffperu/Neotropical Specimens Native/.venv-ingest/lib/python3.14/site-packages/httpx/_transports/default.py", line 101, in map_httpcore_exceptions
    yield
  File "/Users/housinsectsoffperu/Neotropical Specimens Native/.venv-ingest/lib/python3.14/site-packages/httpx/_transports/default.py", line 250, in handle_request
    resp = self._pool.handle_request(req)
  File "/Users/housinsectsoffperu/Neotropical Specimens Native/.venv-ingest/lib/python3.14/site-packages/httpcore/_sync/connection_pool.py", line 256, in handle_request
    raise exc from None
  File "/Users/housinsectsoffperu/Neotropical Specimens Native/.venv-ingest/lib/python3.14/site-packages/httpcore/_sync/connection_pool.py", line 236, in handle_request
    response = connection.handle_request(
        pool_request.request
    )
  File "/Users/housinsectsoffperu/Neotropical Specimens Native/.venv-ingest/lib/python3.14/site-packages/httpcore/_sync/connection.py", line 101, in handle_request
    raise exc
  File "/Users/housinsectsoffperu/Neotropical Specimens Native/.venv-ingest/lib/python3.14/site-packages/httpcore/_sync/connection.py", line 78, in handle_request
    stream = self._connect(request)
  File "/Users/housinsectsoffperu/Neotropical Specimens Native/.venv-ingest/lib/python3.14/site-packages/httpcore/_sync/connection.py", line 124, in _connect
    stream = self._network_backend.connect_tcp(**kwargs)
  File "/Users/housinsectsoffperu/Neotropical Specimens Native/.venv-ingest/lib/python3.14/site-packages/httpcore/_backends/sync.py", line 207, in connect_tcp
    with map_exceptions(exc_map):
         ~~~~~~~~~~~~~~^^^^^^^^^
  File "/usr/local/Cellar/python@3.14/3.14.5/Frameworks/Python.framework/Versions/3.14/lib/python3.14/contextlib.py", line 162, in __exit__
    self.gen.throw(value)
    ~~~~~~~~~~~~~~^^^^^^^
  File "/Users/housinsectsoffperu/Neotropical Specimens Native/.venv-ingest/lib/python3.14/site-packages/httpcore/_exceptions.py", line 14, in map_exceptions
    raise to_exc(exc) from exc
httpcore.ConnectError: [Errno 8] nodename nor servname provided, or not known

The above exception was the direct cause of the following exception:

Traceback (most recent call last):
  File "/Users/housinsectsoffperu/Neotropical Specimens Native/scripts/ingest_csv.py", line 831, in process_row
    region_id   = resolve_region(sb, r.region)
  File "/Users/housinsectsoffperu/Neotropical Specimens Native/scripts/ingest_csv.py", line 616, in resolve_region
    rid = _upsert(sb, "global_regions", {"region_name": region_name}, "region_name")
  File "/Users/housinsectsoffperu/Neotropical Specimens Native/scripts/ingest_csv.py", line 604, in _upsert
    res = sb.table(table).upsert(row, on_conflict=on_conflict).select("id").execute()
  File "/Users/housinsectsoffperu/Neotropical Specimens Native/.venv-ingest/lib/python3.14/site-packages/postgrest/_sync/request_builder.py", line 90, in execute
    r = send_with_retry(self.request)
  File "/Users/housinsectsoffperu/Neotropical Specimens Native/.venv-ingest/lib/python3.14/site-packages/postgrest/_sync/request_builder.py", line 51, in send_with_retry
    resp = req.send(headers)
  File "/Users/housinsectsoffperu/Neotropical Specimens Native/.venv-ingest/lib/python3.14/site-packages/postgrest/base_request_builder.py", line 90, in send
    return self.session.request(
           ~~~~~~~~~~~~~~~~~~~~^
        self.http_method,
        ^^^^^^^^^^^^^^^^^
    ...<4 lines>...
        auth=self.auth,
        ^^^^^^^^^^^^^^^
    )
    ^
  File "/Users/housinsectsoffperu/Neotropical Specimens Native/.venv-ingest/lib/python3.14/site-packages/httpx/_client.py", line 825, in request
    return self.send(request, auth=auth, follow_redirects=follow_redirects)
           ~~~~~~~~~^^^^^^^^^^^^^^^^^^^^^^^^^^^^^^^^^^^^^^^^^^^^^^^^^^^^^^^
  File "/Users/housinsectsoffperu/Neotropical Specimens Native/.venv-ingest/lib/python3.14/site-packages/httpx/_client.py", line 914, in send
    response = self._send_handling_auth(
        request,
    ...<2 lines>...
        history=[],
    )
  File "/Users/housinsectsoffperu/Neotropical Specimens Native/.venv-ingest/lib/python3.14/site-packages/httpx/_client.py", line 942, in _send_handling_auth
    response = self._send_handling_redirects(
        request,
        follow_redirects=follow_redirects,
        history=history,
    )
  File "/Users/housinsectsoffperu/Neotropical Specimens Native/.venv-ingest/lib/python3.14/site-packages/httpx/_client.py", line 979, in _send_handling_redirects
    response = self._send_single_request(request)
  File "/Users/housinsectsoffperu/Neotropical Specimens Native/.venv-ingest/lib/python3.14/site-packages/httpx/_client.py", line 1014, in _send_single_request
    response = transport.handle_request(request)
  File "/Users/housinsectsoffperu/Neotropical Specimens Native/.venv-ingest/lib/python3.14/site-packages/httpx/_transports/default.py", line 249, in handle_request
    with map_httpcore_exceptions():
         ~~~~~~~~~~~~~~~~~~~~~~~^^
  File "/usr/local/Cellar/python@3.14/3.14.5/Frameworks/Python.framework/Versions/3.14/lib/python3.14/contextlib.py", line 162, in __exit__
    self.gen.throw(value)
    ~~~~~~~~~~~~~~^^^^^^^
  File "/Users/housinsectsoffperu/Neotropical Specimens Native/.venv-ingest/lib/python3.14/site-packages/httpx/_transports/default.py", line 118, in map_httpcore_exceptions
    raise mapped_exc(message) from exc
httpx.ConnectError: [Errno 8] nodename nor servname provided, or not known
2026-08-01 14:25:05  ERROR     Línea 10 [RI-009] (Ancyluris formisissima venerabilis) — ConnectError: [Errno 8] nodename nor servname provided, or not known
Traceback (most recent call last):
  File "/Users/housinsectsoffperu/Neotropical Specimens Native/.venv-ingest/lib/python3.14/site-packages/httpx/_transports/default.py", line 101, in map_httpcore_exceptions
    yield
  File "/Users/housinsectsoffperu/Neotropical Specimens Native/.venv-ingest/lib/python3.14/site-packages/httpx/_transports/default.py", line 250, in handle_request
    resp = self._pool.handle_request(req)
  File "/Users/housinsectsoffperu/Neotropical Specimens Native/.venv-ingest/lib/python3.14/site-packages/httpcore/_sync/connection_pool.py", line 256, in handle_request
    raise exc from None
  File "/Users/housinsectsoffperu/Neotropical Specimens Native/.venv-ingest/lib/python3.14/site-packages/httpcore/_sync/connection_pool.py", line 236, in handle_request
    response = connection.handle_request(
        pool_request.request
    )
  File "/Users/housinsectsoffperu/Neotropical Specimens Native/.venv-ingest/lib/python3.14/site-packages/httpcore/_sync/connection.py", line 101, in handle_request
    raise exc
  File "/Users/housinsectsoffperu/Neotropical Specimens Native/.venv-ingest/lib/python3.14/site-packages/httpcore/_sync/connection.py", line 78, in handle_request
    stream = self._connect(request)
  File "/Users/housinsectsoffperu/Neotropical Specimens Native/.venv-ingest/lib/python3.14/site-packages/httpcore/_sync/connection.py", line 124, in _connect
    stream = self._network_backend.connect_tcp(**kwargs)
  File "/Users/housinsectsoffperu/Neotropical Specimens Native/.venv-ingest/lib/python3.14/site-packages/httpcore/_backends/sync.py", line 207, in connect_tcp
    with map_exceptions(exc_map):
         ~~~~~~~~~~~~~~^^^^^^^^^
  File "/usr/local/Cellar/python@3.14/3.14.5/Frameworks/Python.framework/Versions/3.14/lib/python3.14/contextlib.py", line 162, in __exit__
    self.gen.throw(value)
    ~~~~~~~~~~~~~~^^^^^^^
  File "/Users/housinsectsoffperu/Neotropical Specimens Native/.venv-ingest/lib/python3.14/site-packages/httpcore/_exceptions.py", line 14, in map_exceptions
    raise to_exc(exc) from exc
httpcore.ConnectError: [Errno 8] nodename nor servname provided, or not known

The above exception was the direct cause of the following exception:

Traceback (most recent call last):
  File "/Users/housinsectsoffperu/Neotropical Specimens Native/scripts/ingest_csv.py", line 831, in process_row
    region_id   = resolve_region(sb, r.region)
  File "/Users/housinsectsoffperu/Neotropical Specimens Native/scripts/ingest_csv.py", line 616, in resolve_region
    rid = _upsert(sb, "global_regions", {"region_name": region_name}, "region_name")
  File "/Users/housinsectsoffperu/Neotropical Specimens Native/scripts/ingest_csv.py", line 604, in _upsert
    res = sb.table(table).upsert(row, on_conflict=on_conflict).select("id").execute()
  File "/Users/housinsectsoffperu/Neotropical Specimens Native/.venv-ingest/lib/python3.14/site-packages/postgrest/_sync/request_builder.py", line 90, in execute
    r = send_with_retry(self.request)
  File "/Users/housinsectsoffperu/Neotropical Specimens Native/.venv-ingest/lib/python3.14/site-packages/postgrest/_sync/request_builder.py", line 51, in send_with_retry
    resp = req.send(headers)
  File "/Users/housinsectsoffperu/Neotropical Specimens Native/.venv-ingest/lib/python3.14/site-packages/postgrest/base_request_builder.py", line 90, in send
    return self.session.request(
           ~~~~~~~~~~~~~~~~~~~~^
        self.http_method,
        ^^^^^^^^^^^^^^^^^
    ...<4 lines>...
        auth=self.auth,
        ^^^^^^^^^^^^^^^
    )
    ^
  File "/Users/housinsectsoffperu/Neotropical Specimens Native/.venv-ingest/lib/python3.14/site-packages/httpx/_client.py", line 825, in request
    return self.send(request, auth=auth, follow_redirects=follow_redirects)
           ~~~~~~~~~^^^^^^^^^^^^^^^^^^^^^^^^^^^^^^^^^^^^^^^^^^^^^^^^^^^^^^^
  File "/Users/housinsectsoffperu/Neotropical Specimens Native/.venv-ingest/lib/python3.14/site-packages/httpx/_client.py", line 914, in send
    response = self._send_handling_auth(
        request,
    ...<2 lines>...
        history=[],
    )
  File "/Users/housinsectsoffperu/Neotropical Specimens Native/.venv-ingest/lib/python3.14/site-packages/httpx/_client.py", line 942, in _send_handling_auth
    response = self._send_handling_redirects(
        request,
        follow_redirects=follow_redirects,
        history=history,
    )
  File "/Users/housinsectsoffperu/Neotropical Specimens Native/.venv-ingest/lib/python3.14/site-packages/httpx/_client.py", line 979, in _send_handling_redirects
    response = self._send_single_request(request)
  File "/Users/housinsectsoffperu/Neotropical Specimens Native/.venv-ingest/lib/python3.14/site-packages/httpx/_client.py", line 1014, in _send_single_request
    response = transport.handle_request(request)
  File "/Users/housinsectsoffperu/Neotropical Specimens Native/.venv-ingest/lib/python3.14/site-packages/httpx/_transports/default.py", line 249, in handle_request
    with map_httpcore_exceptions():
         ~~~~~~~~~~~~~~~~~~~~~~~^^
  File "/usr/local/Cellar/python@3.14/3.14.5/Frameworks/Python.framework/Versions/3.14/lib/python3.14/contextlib.py", line 162, in __exit__
    self.gen.throw(value)
    ~~~~~~~~~~~~~~^^^^^^^
  File "/Users/housinsectsoffperu/Neotropical Specimens Native/.venv-ingest/lib/python3.14/site-packages/httpx/_transports/default.py", line 118, in map_httpcore_exceptions
    raise mapped_exc(message) from exc
httpx.ConnectError: [Errno 8] nodename nor servname provided, or not known
2026-08-01 14:25:05  ERROR     Línea 11 [RI-010] (Ancyluris formisissima venerabilis) — ConnectError: [Errno 8] nodename nor servname provided, or not known
Traceback (most recent call last):
  File "/Users/housinsectsoffperu/Neotropical Specimens Native/.venv-ingest/lib/python3.14/site-packages/httpx/_transports/default.py", line 101, in map_httpcore_exceptions
    yield
  File "/Users/housinsectsoffperu/Neotropical Specimens Native/.venv-ingest/lib/python3.14/site-packages/httpx/_transports/default.py", line 250, in handle_request
    resp = self._pool.handle_request(req)
  File "/Users/housinsectsoffperu/Neotropical Specimens Native/.venv-ingest/lib/python3.14/site-packages/httpcore/_sync/connection_pool.py", line 256, in handle_request
    raise exc from None
  File "/Users/housinsectsoffperu/Neotropical Specimens Native/.venv-ingest/lib/python3.14/site-packages/httpcore/_sync/connection_pool.py", line 236, in handle_request
    response = connection.handle_request(
        pool_request.request
    )
  File "/Users/housinsectsoffperu/Neotropical Specimens Native/.venv-ingest/lib/python3.14/site-packages/httpcore/_sync/connection.py", line 101, in handle_request
    raise exc
  File "/Users/housinsectsoffperu/Neotropical Specimens Native/.venv-ingest/lib/python3.14/site-packages/httpcore/_sync/connection.py", line 78, in handle_request
    stream = self._connect(request)
  File "/Users/housinsectsoffperu/Neotropical Specimens Native/.venv-ingest/lib/python3.14/site-packages/httpcore/_sync/connection.py", line 124, in _connect
    stream = self._network_backend.connect_tcp(**kwargs)
  File "/Users/housinsectsoffperu/Neotropical Specimens Native/.venv-ingest/lib/python3.14/site-packages/httpcore/_backends/sync.py", line 207, in connect_tcp
    with map_exceptions(exc_map):
         ~~~~~~~~~~~~~~^^^^^^^^^
  File "/usr/local/Cellar/python@3.14/3.14.5/Frameworks/Python.framework/Versions/3.14/lib/python3.14/contextlib.py", line 162, in __exit__
    self.gen.throw(value)
    ~~~~~~~~~~~~~~^^^^^^^
  File "/Users/housinsectsoffperu/Neotropical Specimens Native/.venv-ingest/lib/python3.14/site-packages/httpcore/_exceptions.py", line 14, in map_exceptions
    raise to_exc(exc) from exc
httpcore.ConnectError: [Errno 8] nodename nor servname provided, or not known

The above exception was the direct cause of the following exception:

Traceback (most recent call last):
  File "/Users/housinsectsoffperu/Neotropical Specimens Native/scripts/ingest_csv.py", line 831, in process_row
    region_id   = resolve_region(sb, r.region)
  File "/Users/housinsectsoffperu/Neotropical Specimens Native/scripts/ingest_csv.py", line 616, in resolve_region
    rid = _upsert(sb, "global_regions", {"region_name": region_name}, "region_name")
  File "/Users/housinsectsoffperu/Neotropical Specimens Native/scripts/ingest_csv.py", line 604, in _upsert
    res = sb.table(table).upsert(row, on_conflict=on_conflict).select("id").execute()
  File "/Users/housinsectsoffperu/Neotropical Specimens Native/.venv-ingest/lib/python3.14/site-packages/postgrest/_sync/request_builder.py", line 90, in execute
    r = send_with_retry(self.request)
  File "/Users/housinsectsoffperu/Neotropical Specimens Native/.venv-ingest/lib/python3.14/site-packages/postgrest/_sync/request_builder.py", line 51, in send_with_retry
    resp = req.send(headers)
  File "/Users/housinsectsoffperu/Neotropical Specimens Native/.venv-ingest/lib/python3.14/site-packages/postgrest/base_request_builder.py", line 90, in send
    return self.session.request(
           ~~~~~~~~~~~~~~~~~~~~^
        self.http_method,
        ^^^^^^^^^^^^^^^^^
    ...<4 lines>...
        auth=self.auth,
        ^^^^^^^^^^^^^^^
    )
    ^
  File "/Users/housinsectsoffperu/Neotropical Specimens Native/.venv-ingest/lib/python3.14/site-packages/httpx/_client.py", line 825, in request
    return self.send(request, auth=auth, follow_redirects=follow_redirects)
           ~~~~~~~~~^^^^^^^^^^^^^^^^^^^^^^^^^^^^^^^^^^^^^^^^^^^^^^^^^^^^^^^
  File "/Users/housinsectsoffperu/Neotropical Specimens Native/.venv-ingest/lib/python3.14/site-packages/httpx/_client.py", line 914, in send
    response = self._send_handling_auth(
        request,
    ...<2 lines>...
        history=[],
    )
  File "/Users/housinsectsoffperu/Neotropical Specimens Native/.venv-ingest/lib/python3.14/site-packages/httpx/_client.py", line 942, in _send_handling_auth
    response = self._send_handling_redirects(
        request,
        follow_redirects=follow_redirects,
        history=history,
    )
  File "/Users/housinsectsoffperu/Neotropical Specimens Native/.venv-ingest/lib/python3.14/site-packages/httpx/_client.py", line 979, in _send_handling_redirects
    response = self._send_single_request(request)
  File "/Users/housinsectsoffperu/Neotropical Specimens Native/.venv-ingest/lib/python3.14/site-packages/httpx/_client.py", line 1014, in _send_single_request
    response = transport.handle_request(request)
  File "/Users/housinsectsoffperu/Neotropical Specimens Native/.venv-ingest/lib/python3.14/site-packages/httpx/_transports/default.py", line 249, in handle_request
    with map_httpcore_exceptions():
         ~~~~~~~~~~~~~~~~~~~~~~~^^
  File "/usr/local/Cellar/python@3.14/3.14.5/Frameworks/Python.framework/Versions/3.14/lib/python3.14/contextlib.py", line 162, in __exit__
    self.gen.throw(value)
    ~~~~~~~~~~~~~~^^^^^^^
  File "/Users/housinsectsoffperu/Neotropical Specimens Native/.venv-ingest/lib/python3.14/site-packages/httpx/_transports/default.py", line 118, in map_httpcore_exceptions
    raise mapped_exc(message) from exc
httpx.ConnectError: [Errno 8] nodename nor servname provided, or not known
2026-08-01 14:25:05  ERROR     Línea 12 [RI-011] (Ancyluris formisissima venerabilis) — ConnectError: [Errno 8] nodename nor servname provided, or not known
Traceback (most recent call last):
  File "/Users/housinsectsoffperu/Neotropical Specimens Native/.venv-ingest/lib/python3.14/site-packages/httpx/_transports/default.py", line 101, in map_httpcore_exceptions
    yield
  File "/Users/housinsectsoffperu/Neotropical Specimens Native/.venv-ingest/lib/python3.14/site-packages/httpx/_transports/default.py", line 250, in handle_request
    resp = self._pool.handle_request(req)
  File "/Users/housinsectsoffperu/Neotropical Specimens Native/.venv-ingest/lib/python3.14/site-packages/httpcore/_sync/connection_pool.py", line 256, in handle_request
    raise exc from None
  File "/Users/housinsectsoffperu/Neotropical Specimens Native/.venv-ingest/lib/python3.14/site-packages/httpcore/_sync/connection_pool.py", line 236, in handle_request
    response = connection.handle_request(
        pool_request.request
    )
  File "/Users/housinsectsoffperu/Neotropical Specimens Native/.venv-ingest/lib/python3.14/site-packages/httpcore/_sync/connection.py", line 101, in handle_request
    raise exc
  File "/Users/housinsectsoffperu/Neotropical Specimens Native/.venv-ingest/lib/python3.14/site-packages/httpcore/_sync/connection.py", line 78, in handle_request
    stream = self._connect(request)
  File "/Users/housinsectsoffperu/Neotropical Specimens Native/.venv-ingest/lib/python3.14/site-packages/httpcore/_sync/connection.py", line 124, in _connect
    stream = self._network_backend.connect_tcp(**kwargs)
  File "/Users/housinsectsoffperu/Neotropical Specimens Native/.venv-ingest/lib/python3.14/site-packages/httpcore/_backends/sync.py", line 207, in connect_tcp
    with map_exceptions(exc_map):
         ~~~~~~~~~~~~~~^^^^^^^^^
  File "/usr/local/Cellar/python@3.14/3.14.5/Frameworks/Python.framework/Versions/3.14/lib/python3.14/contextlib.py", line 162, in __exit__
    self.gen.throw(value)
    ~~~~~~~~~~~~~~^^^^^^^
  File "/Users/housinsectsoffperu/Neotropical Specimens Native/.venv-ingest/lib/python3.14/site-packages/httpcore/_exceptions.py", line 14, in map_exceptions
    raise to_exc(exc) from exc
httpcore.ConnectError: [Errno 8] nodename nor servname provided, or not known

The above exception was the direct cause of the following exception:

Traceback (most recent call last):
  File "/Users/housinsectsoffperu/Neotropical Specimens Native/scripts/ingest_csv.py", line 831, in process_row
    region_id   = resolve_region(sb, r.region)
  File "/Users/housinsectsoffperu/Neotropical Specimens Native/scripts/ingest_csv.py", line 616, in resolve_region
    rid = _upsert(sb, "global_regions", {"region_name": region_name}, "region_name")
  File "/Users/housinsectsoffperu/Neotropical Specimens Native/scripts/ingest_csv.py", line 604, in _upsert
    res = sb.table(table).upsert(row, on_conflict=on_conflict).select("id").execute()
  File "/Users/housinsectsoffperu/Neotropical Specimens Native/.venv-ingest/lib/python3.14/site-packages/postgrest/_sync/request_builder.py", line 90, in execute
    r = send_with_retry(self.request)
  File "/Users/housinsectsoffperu/Neotropical Specimens Native/.venv-ingest/lib/python3.14/site-packages/postgrest/_sync/request_builder.py", line 51, in send_with_retry
    resp = req.send(headers)
  File "/Users/housinsectsoffperu/Neotropical Specimens Native/.venv-ingest/lib/python3.14/site-packages/postgrest/base_request_builder.py", line 90, in send
    return self.session.request(
           ~~~~~~~~~~~~~~~~~~~~^
        self.http_method,
        ^^^^^^^^^^^^^^^^^
    ...<4 lines>...
        auth=self.auth,
        ^^^^^^^^^^^^^^^
    )
    ^
  File "/Users/housinsectsoffperu/Neotropical Specimens Native/.venv-ingest/lib/python3.14/site-packages/httpx/_client.py", line 825, in request
    return self.send(request, auth=auth, follow_redirects=follow_redirects)
           ~~~~~~~~~^^^^^^^^^^^^^^^^^^^^^^^^^^^^^^^^^^^^^^^^^^^^^^^^^^^^^^^
  File "/Users/housinsectsoffperu/Neotropical Specimens Native/.venv-ingest/lib/python3.14/site-packages/httpx/_client.py", line 914, in send
    response = self._send_handling_auth(
        request,
    ...<2 lines>...
        history=[],
    )
  File "/Users/housinsectsoffperu/Neotropical Specimens Native/.venv-ingest/lib/python3.14/site-packages/httpx/_client.py", line 942, in _send_handling_auth
    response = self._send_handling_redirects(
        request,
        follow_redirects=follow_redirects,
        history=history,
    )
  File "/Users/housinsectsoffperu/Neotropical Specimens Native/.venv-ingest/lib/python3.14/site-packages/httpx/_client.py", line 979, in _send_handling_redirects
    response = self._send_single_request(request)
  File "/Users/housinsectsoffperu/Neotropical Specimens Native/.venv-ingest/lib/python3.14/site-packages/httpx/_client.py", line 1014, in _send_single_request
    response = transport.handle_request(request)
  File "/Users/housinsectsoffperu/Neotropical Specimens Native/.venv-ingest/lib/python3.14/site-packages/httpx/_transports/default.py", line 249, in handle_request
    with map_httpcore_exceptions():
         ~~~~~~~~~~~~~~~~~~~~~~~^^
  File "/usr/local/Cellar/python@3.14/3.14.5/Frameworks/Python.framework/Versions/3.14/lib/python3.14/contextlib.py", line 162, in __exit__
    self.gen.throw(value)
    ~~~~~~~~~~~~~~^^^^^^^
  File "/Users/housinsectsoffperu/Neotropical Specimens Native/.venv-ingest/lib/python3.14/site-packages/httpx/_transports/default.py", line 118, in map_httpcore_exceptions
    raise mapped_exc(message) from exc
httpx.ConnectError: [Errno 8] nodename nor servname provided, or not known
2026-08-01 14:25:05  ERROR     Línea 13 [RI-012] (Ancyluris formisissima venerabilis) — ConnectError: [Errno 8] nodename nor servname provided, or not known
Traceback (most recent call last):
  File "/Users/housinsectsoffperu/Neotropical Specimens Native/.venv-ingest/lib/python3.14/site-packages/httpx/_transports/default.py", line 101, in map_httpcore_exceptions
    yield
  File "/Users/housinsectsoffperu/Neotropical Specimens Native/.venv-ingest/lib/python3.14/site-packages/httpx/_transports/default.py", line 250, in handle_request
    resp = self._pool.handle_request(req)
  File "/Users/housinsectsoffperu/Neotropical Specimens Native/.venv-ingest/lib/python3.14/site-packages/httpcore/_sync/connection_pool.py", line 256, in handle_request
    raise exc from None
  File "/Users/housinsectsoffperu/Neotropical Specimens Native/.venv-ingest/lib/python3.14/site-packages/httpcore/_sync/connection_pool.py", line 236, in handle_request
    response = connection.handle_request(
        pool_request.request
    )
  File "/Users/housinsectsoffperu/Neotropical Specimens Native/.venv-ingest/lib/python3.14/site-packages/httpcore/_sync/connection.py", line 101, in handle_request
    raise exc
  File "/Users/housinsectsoffperu/Neotropical Specimens Native/.venv-ingest/lib/python3.14/site-packages/httpcore/_sync/connection.py", line 78, in handle_request
    stream = self._connect(request)
  File "/Users/housinsectsoffperu/Neotropical Specimens Native/.venv-ingest/lib/python3.14/site-packages/httpcore/_sync/connection.py", line 124, in _connect
    stream = self._network_backend.connect_tcp(**kwargs)
  File "/Users/housinsectsoffperu/Neotropical Specimens Native/.venv-ingest/lib/python3.14/site-packages/httpcore/_backends/sync.py", line 207, in connect_tcp
    with map_exceptions(exc_map):
         ~~~~~~~~~~~~~~^^^^^^^^^
  File "/usr/local/Cellar/python@3.14/3.14.5/Frameworks/Python.framework/Versions/3.14/lib/python3.14/contextlib.py", line 162, in __exit__
    self.gen.throw(value)
    ~~~~~~~~~~~~~~^^^^^^^
  File "/Users/housinsectsoffperu/Neotropical Specimens Native/.venv-ingest/lib/python3.14/site-packages/httpcore/_exceptions.py", line 14, in map_exceptions
    raise to_exc(exc) from exc
httpcore.ConnectError: [Errno 8] nodename nor servname provided, or not known

The above exception was the direct cause of the following exception:

Traceback (most recent call last):
  File "/Users/housinsectsoffperu/Neotropical Specimens Native/scripts/ingest_csv.py", line 831, in process_row
    region_id   = resolve_region(sb, r.region)
  File "/Users/housinsectsoffperu/Neotropical Specimens Native/scripts/ingest_csv.py", line 616, in resolve_region
    rid = _upsert(sb, "global_regions", {"region_name": region_name}, "region_name")
  File "/Users/housinsectsoffperu/Neotropical Specimens Native/scripts/ingest_csv.py", line 604, in _upsert
    res = sb.table(table).upsert(row, on_conflict=on_conflict).select("id").execute()
  File "/Users/housinsectsoffperu/Neotropical Specimens Native/.venv-ingest/lib/python3.14/site-packages/postgrest/_sync/request_builder.py", line 90, in execute
    r = send_with_retry(self.request)
  File "/Users/housinsectsoffperu/Neotropical Specimens Native/.venv-ingest/lib/python3.14/site-packages/postgrest/_sync/request_builder.py", line 51, in send_with_retry
    resp = req.send(headers)
  File "/Users/housinsectsoffperu/Neotropical Specimens Native/.venv-ingest/lib/python3.14/site-packages/postgrest/base_request_builder.py", line 90, in send
    return self.session.request(
           ~~~~~~~~~~~~~~~~~~~~^
        self.http_method,
        ^^^^^^^^^^^^^^^^^
    ...<4 lines>...
        auth=self.auth,
        ^^^^^^^^^^^^^^^
    )
    ^
  File "/Users/housinsectsoffperu/Neotropical Specimens Native/.venv-ingest/lib/python3.14/site-packages/httpx/_client.py", line 825, in request
    return self.send(request, auth=auth, follow_redirects=follow_redirects)
           ~~~~~~~~~^^^^^^^^^^^^^^^^^^^^^^^^^^^^^^^^^^^^^^^^^^^^^^^^^^^^^^^
  File "/Users/housinsectsoffperu/Neotropical Specimens Native/.venv-ingest/lib/python3.14/site-packages/httpx/_client.py", line 914, in send
    response = self._send_handling_auth(
        request,
    ...<2 lines>...
        history=[],
    )
  File "/Users/housinsectsoffperu/Neotropical Specimens Native/.venv-ingest/lib/python3.14/site-packages/httpx/_client.py", line 942, in _send_handling_auth
    response = self._send_handling_redirects(
        request,
        follow_redirects=follow_redirects,
        history=history,
    )
  File "/Users/housinsectsoffperu/Neotropical Specimens Native/.venv-ingest/lib/python3.14/site-packages/httpx/_client.py", line 979, in _send_handling_redirects
    response = self._send_single_request(request)
  File "/Users/housinsectsoffperu/Neotropical Specimens Native/.venv-ingest/lib/python3.14/site-packages/httpx/_client.py", line 1014, in _send_single_request
    response = transport.handle_request(request)
  File "/Users/housinsectsoffperu/Neotropical Specimens Native/.venv-ingest/lib/python3.14/site-packages/httpx/_transports/default.py", line 249, in handle_request
    with map_httpcore_exceptions():
         ~~~~~~~~~~~~~~~~~~~~~~~^^
  File "/usr/local/Cellar/python@3.14/3.14.5/Frameworks/Python.framework/Versions/3.14/lib/python3.14/contextlib.py", line 162, in __exit__
    self.gen.throw(value)
    ~~~~~~~~~~~~~~^^^^^^^
  File "/Users/housinsectsoffperu/Neotropical Specimens Native/.venv-ingest/lib/python3.14/site-packages/httpx/_transports/default.py", line 118, in map_httpcore_exceptions
    raise mapped_exc(message) from exc
httpx.ConnectError: [Errno 8] nodename nor servname provided, or not known
2026-08-01 14:25:05  ERROR     Línea 14 [RI-013] (Ancyluris formisissima venerabilis) — ConnectError: [Errno 8] nodename nor servname provided, or not known
Traceback (most recent call last):
  File "/Users/housinsectsoffperu/Neotropical Specimens Native/.venv-ingest/lib/python3.14/site-packages/httpx/_transports/default.py", line 101, in map_httpcore_exceptions
    yield
  File "/Users/housinsectsoffperu/Neotropical Specimens Native/.venv-ingest/lib/python3.14/site-packages/httpx/_transports/default.py", line 250, in handle_request
    resp = self._pool.handle_request(req)
  File "/Users/housinsectsoffperu/Neotropical Specimens Native/.venv-ingest/lib/python3.14/site-packages/httpcore/_sync/connection_pool.py", line 256, in handle_request
    raise exc from None
  File "/Users/housinsectsoffperu/Neotropical Specimens Native/.venv-ingest/lib/python3.14/site-packages/httpcore/_sync/connection_pool.py", line 236, in handle_request
    response = connection.handle_request(
        pool_request.request
    )
  File "/Users/housinsectsoffperu/Neotropical Specimens Native/.venv-ingest/lib/python3.14/site-packages/httpcore/_sync/connection.py", line 101, in handle_request
    raise exc
  File "/Users/housinsectsoffperu/Neotropical Specimens Native/.venv-ingest/lib/python3.14/site-packages/httpcore/_sync/connection.py", line 78, in handle_request
    stream = self._connect(request)
  File "/Users/housinsectsoffperu/Neotropical Specimens Native/.venv-ingest/lib/python3.14/site-packages/httpcore/_sync/connection.py", line 124, in _connect
    stream = self._network_backend.connect_tcp(**kwargs)
  File "/Users/housinsectsoffperu/Neotropical Specimens Native/.venv-ingest/lib/python3.14/site-packages/httpcore/_backends/sync.py", line 207, in connect_tcp
    with map_exceptions(exc_map):
         ~~~~~~~~~~~~~~^^^^^^^^^
  File "/usr/local/Cellar/python@3.14/3.14.5/Frameworks/Python.framework/Versions/3.14/lib/python3.14/contextlib.py", line 162, in __exit__
    self.gen.throw(value)
    ~~~~~~~~~~~~~~^^^^^^^
  File "/Users/housinsectsoffperu/Neotropical Specimens Native/.venv-ingest/lib/python3.14/site-packages/httpcore/_exceptions.py", line 14, in map_exceptions
    raise to_exc(exc) from exc
httpcore.ConnectError: [Errno 8] nodename nor servname provided, or not known

The above exception was the direct cause of the following exception:

Traceback (most recent call last):
  File "/Users/housinsectsoffperu/Neotropical Specimens Native/scripts/ingest_csv.py", line 831, in process_row
    region_id   = resolve_region(sb, r.region)
  File "/Users/housinsectsoffperu/Neotropical Specimens Native/scripts/ingest_csv.py", line 616, in resolve_region
    rid = _upsert(sb, "global_regions", {"region_name": region_name}, "region_name")
  File "/Users/housinsectsoffperu/Neotropical Specimens Native/scripts/ingest_csv.py", line 604, in _upsert
    res = sb.table(table).upsert(row, on_conflict=on_conflict).select("id").execute()
  File "/Users/housinsectsoffperu/Neotropical Specimens Native/.venv-ingest/lib/python3.14/site-packages/postgrest/_sync/request_builder.py", line 90, in execute
    r = send_with_retry(self.request)
  File "/Users/housinsectsoffperu/Neotropical Specimens Native/.venv-ingest/lib/python3.14/site-packages/postgrest/_sync/request_builder.py", line 51, in send_with_retry
    resp = req.send(headers)
  File "/Users/housinsectsoffperu/Neotropical Specimens Native/.venv-ingest/lib/python3.14/site-packages/postgrest/base_request_builder.py", line 90, in send
    return self.session.request(
           ~~~~~~~~~~~~~~~~~~~~^
        self.http_method,
        ^^^^^^^^^^^^^^^^^
    ...<4 lines>...
        auth=self.auth,
        ^^^^^^^^^^^^^^^
    )
    ^
  File "/Users/housinsectsoffperu/Neotropical Specimens Native/.venv-ingest/lib/python3.14/site-packages/httpx/_client.py", line 825, in request
    return self.send(request, auth=auth, follow_redirects=follow_redirects)
           ~~~~~~~~~^^^^^^^^^^^^^^^^^^^^^^^^^^^^^^^^^^^^^^^^^^^^^^^^^^^^^^^
  File "/Users/housinsectsoffperu/Neotropical Specimens Native/.venv-ingest/lib/python3.14/site-packages/httpx/_client.py", line 914, in send
    response = self._send_handling_auth(
        request,
    ...<2 lines>...
        history=[],
    )
  File "/Users/housinsectsoffperu/Neotropical Specimens Native/.venv-ingest/lib/python3.14/site-packages/httpx/_client.py", line 942, in _send_handling_auth
    response = self._send_handling_redirects(
        request,
        follow_redirects=follow_redirects,
        history=history,
    )
  File "/Users/housinsectsoffperu/Neotropical Specimens Native/.venv-ingest/lib/python3.14/site-packages/httpx/_client.py", line 979, in _send_handling_redirects
    response = self._send_single_request(request)
  File "/Users/housinsectsoffperu/Neotropical Specimens Native/.venv-ingest/lib/python3.14/site-packages/httpx/_client.py", line 1014, in _send_single_request
    response = transport.handle_request(request)
  File "/Users/housinsectsoffperu/Neotropical Specimens Native/.venv-ingest/lib/python3.14/site-packages/httpx/_transports/default.py", line 249, in handle_request
    with map_httpcore_exceptions():
         ~~~~~~~~~~~~~~~~~~~~~~~^^
  File "/usr/local/Cellar/python@3.14/3.14.5/Frameworks/Python.framework/Versions/3.14/lib/python3.14/contextlib.py", line 162, in __exit__
    self.gen.throw(value)
    ~~~~~~~~~~~~~~^^^^^^^
  File "/Users/housinsectsoffperu/Neotropical Specimens Native/.venv-ingest/lib/python3.14/site-packages/httpx/_transports/default.py", line 118, in map_httpcore_exceptions
    raise mapped_exc(message) from exc
httpx.ConnectError: [Errno 8] nodename nor servname provided, or not known
2026-08-01 14:25:05  ERROR     Línea 15 [RI-014] (Ancyluris formisissima venerabilis) — ConnectError: [Errno 8] nodename nor servname provided, or not known
Traceback (most recent call last):
  File "/Users/housinsectsoffperu/Neotropical Specimens Native/.venv-ingest/lib/python3.14/site-packages/httpx/_transports/default.py", line 101, in map_httpcore_exceptions
    yield
  File "/Users/housinsectsoffperu/Neotropical Specimens Native/.venv-ingest/lib/python3.14/site-packages/httpx/_transports/default.py", line 250, in handle_request
    resp = self._pool.handle_request(req)
  File "/Users/housinsectsoffperu/Neotropical Specimens Native/.venv-ingest/lib/python3.14/site-packages/httpcore/_sync/connection_pool.py", line 256, in handle_request
    raise exc from None
  File "/Users/housinsectsoffperu/Neotropical Specimens Native/.venv-ingest/lib/python3.14/site-packages/httpcore/_sync/connection_pool.py", line 236, in handle_request
    response = connection.handle_request(
        pool_request.request
    )
  File "/Users/housinsectsoffperu/Neotropical Specimens Native/.venv-ingest/lib/python3.14/site-packages/httpcore/_sync/connection.py", line 101, in handle_request
    raise exc
  File "/Users/housinsectsoffperu/Neotropical Specimens Native/.venv-ingest/lib/python3.14/site-packages/httpcore/_sync/connection.py", line 78, in handle_request
    stream = self._connect(request)
  File "/Users/housinsectsoffperu/Neotropical Specimens Native/.venv-ingest/lib/python3.14/site-packages/httpcore/_sync/connection.py", line 124, in _connect
    stream = self._network_backend.connect_tcp(**kwargs)
  File "/Users/housinsectsoffperu/Neotropical Specimens Native/.venv-ingest/lib/python3.14/site-packages/httpcore/_backends/sync.py", line 207, in connect_tcp
    with map_exceptions(exc_map):
         ~~~~~~~~~~~~~~^^^^^^^^^
  File "/usr/local/Cellar/python@3.14/3.14.5/Frameworks/Python.framework/Versions/3.14/lib/python3.14/contextlib.py", line 162, in __exit__
    self.gen.throw(value)
    ~~~~~~~~~~~~~~^^^^^^^
  File "/Users/housinsectsoffperu/Neotropical Specimens Native/.venv-ingest/lib/python3.14/site-packages/httpcore/_exceptions.py", line 14, in map_exceptions
    raise to_exc(exc) from exc
httpcore.ConnectError: [Errno 8] nodename nor servname provided, or not known

The above exception was the direct cause of the following exception:

Traceback (most recent call last):
  File "/Users/housinsectsoffperu/Neotropical Specimens Native/scripts/ingest_csv.py", line 831, in process_row
    region_id   = resolve_region(sb, r.region)
  File "/Users/housinsectsoffperu/Neotropical Specimens Native/scripts/ingest_csv.py", line 616, in resolve_region
    rid = _upsert(sb, "global_regions", {"region_name": region_name}, "region_name")
  File "/Users/housinsectsoffperu/Neotropical Specimens Native/scripts/ingest_csv.py", line 604, in _upsert
    res = sb.table(table).upsert(row, on_conflict=on_conflict).select("id").execute()
  File "/Users/housinsectsoffperu/Neotropical Specimens Native/.venv-ingest/lib/python3.14/site-packages/postgrest/_sync/request_builder.py", line 90, in execute
    r = send_with_retry(self.request)
  File "/Users/housinsectsoffperu/Neotropical Specimens Native/.venv-ingest/lib/python3.14/site-packages/postgrest/_sync/request_builder.py", line 51, in send_with_retry
    resp = req.send(headers)
  File "/Users/housinsectsoffperu/Neotropical Specimens Native/.venv-ingest/lib/python3.14/site-packages/postgrest/base_request_builder.py", line 90, in send
    return self.session.request(
           ~~~~~~~~~~~~~~~~~~~~^
        self.http_method,
        ^^^^^^^^^^^^^^^^^
    ...<4 lines>...
        auth=self.auth,
        ^^^^^^^^^^^^^^^
    )
    ^
  File "/Users/housinsectsoffperu/Neotropical Specimens Native/.venv-ingest/lib/python3.14/site-packages/httpx/_client.py", line 825, in request
    return self.send(request, auth=auth, follow_redirects=follow_redirects)
           ~~~~~~~~~^^^^^^^^^^^^^^^^^^^^^^^^^^^^^^^^^^^^^^^^^^^^^^^^^^^^^^^
  File "/Users/housinsectsoffperu/Neotropical Specimens Native/.venv-ingest/lib/python3.14/site-packages/httpx/_client.py", line 914, in send
    response = self._send_handling_auth(
        request,
    ...<2 lines>...
        history=[],
    )
  File "/Users/housinsectsoffperu/Neotropical Specimens Native/.venv-ingest/lib/python3.14/site-packages/httpx/_client.py", line 942, in _send_handling_auth
    response = self._send_handling_redirects(
        request,
        follow_redirects=follow_redirects,
        history=history,
    )
  File "/Users/housinsectsoffperu/Neotropical Specimens Native/.venv-ingest/lib/python3.14/site-packages/httpx/_client.py", line 979, in _send_handling_redirects
    response = self._send_single_request(request)
  File "/Users/housinsectsoffperu/Neotropical Specimens Native/.venv-ingest/lib/python3.14/site-packages/httpx/_client.py", line 1014, in _send_single_request
    response = transport.handle_request(request)
  File "/Users/housinsectsoffperu/Neotropical Specimens Native/.venv-ingest/lib/python3.14/site-packages/httpx/_transports/default.py", line 249, in handle_request
    with map_httpcore_exceptions():
         ~~~~~~~~~~~~~~~~~~~~~~~^^
  File "/usr/local/Cellar/python@3.14/3.14.5/Frameworks/Python.framework/Versions/3.14/lib/python3.14/contextlib.py", line 162, in __exit__
    self.gen.throw(value)
    ~~~~~~~~~~~~~~^^^^^^^
  File "/Users/housinsectsoffperu/Neotropical Specimens Native/.venv-ingest/lib/python3.14/site-packages/httpx/_transports/default.py", line 118, in map_httpcore_exceptions
    raise mapped_exc(message) from exc
httpx.ConnectError: [Errno 8] nodename nor servname provided, or not known
2026-08-01 14:25:05  ERROR     Línea 16 [RI-015] (Ancyluris huscar) — ConnectError: [Errno 8] nodename nor servname provided, or not known
Traceback (most recent call last):
  File "/Users/housinsectsoffperu/Neotropical Specimens Native/.venv-ingest/lib/python3.14/site-packages/httpx/_transports/default.py", line 101, in map_httpcore_exceptions
    yield
  File "/Users/housinsectsoffperu/Neotropical Specimens Native/.venv-ingest/lib/python3.14/site-packages/httpx/_transports/default.py", line 250, in handle_request
    resp = self._pool.handle_request(req)
  File "/Users/housinsectsoffperu/Neotropical Specimens Native/.venv-ingest/lib/python3.14/site-packages/httpcore/_sync/connection_pool.py", line 256, in handle_request
    raise exc from None
  File "/Users/housinsectsoffperu/Neotropical Specimens Native/.venv-ingest/lib/python3.14/site-packages/httpcore/_sync/connection_pool.py", line 236, in handle_request
    response = connection.handle_request(
        pool_request.request
    )
  File "/Users/housinsectsoffperu/Neotropical Specimens Native/.venv-ingest/lib/python3.14/site-packages/httpcore/_sync/connection.py", line 101, in handle_request
    raise exc
  File "/Users/housinsectsoffperu/Neotropical Specimens Native/.venv-ingest/lib/python3.14/site-packages/httpcore/_sync/connection.py", line 78, in handle_request
    stream = self._connect(request)
  File "/Users/housinsectsoffperu/Neotropical Specimens Native/.venv-ingest/lib/python3.14/site-packages/httpcore/_sync/connection.py", line 124, in _connect
    stream = self._network_backend.connect_tcp(**kwargs)
  File "/Users/housinsectsoffperu/Neotropical Specimens Native/.venv-ingest/lib/python3.14/site-packages/httpcore/_backends/sync.py", line 207, in connect_tcp
    with map_exceptions(exc_map):
         ~~~~~~~~~~~~~~^^^^^^^^^
  File "/usr/local/Cellar/python@3.14/3.14.5/Frameworks/Python.framework/Versions/3.14/lib/python3.14/contextlib.py", line 162, in __exit__
    self.gen.throw(value)
    ~~~~~~~~~~~~~~^^^^^^^
  File "/Users/housinsectsoffperu/Neotropical Specimens Native/.venv-ingest/lib/python3.14/site-packages/httpcore/_exceptions.py", line 14, in map_exceptions
    raise to_exc(exc) from exc
httpcore.ConnectError: [Errno 8] nodename nor servname provided, or not known

The above exception was the direct cause of the following exception:

Traceback (most recent call last):
  File "/Users/housinsectsoffperu/Neotropical Specimens Native/scripts/ingest_csv.py", line 831, in process_row
    region_id   = resolve_region(sb, r.region)
  File "/Users/housinsectsoffperu/Neotropical Specimens Native/scripts/ingest_csv.py", line 616, in resolve_region
    rid = _upsert(sb, "global_regions", {"region_name": region_name}, "region_name")
  File "/Users/housinsectsoffperu/Neotropical Specimens Native/scripts/ingest_csv.py", line 604, in _upsert
    res = sb.table(table).upsert(row, on_conflict=on_conflict).select("id").execute()
  File "/Users/housinsectsoffperu/Neotropical Specimens Native/.venv-ingest/lib/python3.14/site-packages/postgrest/_sync/request_builder.py", line 90, in execute
    r = send_with_retry(self.request)
  File "/Users/housinsectsoffperu/Neotropical Specimens Native/.venv-ingest/lib/python3.14/site-packages/postgrest/_sync/request_builder.py", line 51, in send_with_retry
    resp = req.send(headers)
  File "/Users/housinsectsoffperu/Neotropical Specimens Native/.venv-ingest/lib/python3.14/site-packages/postgrest/base_request_builder.py", line 90, in send
    return self.session.request(
           ~~~~~~~~~~~~~~~~~~~~^
        self.http_method,
        ^^^^^^^^^^^^^^^^^
    ...<4 lines>...
        auth=self.auth,
        ^^^^^^^^^^^^^^^
    )
    ^
  File "/Users/housinsectsoffperu/Neotropical Specimens Native/.venv-ingest/lib/python3.14/site-packages/httpx/_client.py", line 825, in request
    return self.send(request, auth=auth, follow_redirects=follow_redirects)
           ~~~~~~~~~^^^^^^^^^^^^^^^^^^^^^^^^^^^^^^^^^^^^^^^^^^^^^^^^^^^^^^^
  File "/Users/housinsectsoffperu/Neotropical Specimens Native/.venv-ingest/lib/python3.14/site-packages/httpx/_client.py", line 914, in send
    response = self._send_handling_auth(
        request,
    ...<2 lines>...
        history=[],
    )
  File "/Users/housinsectsoffperu/Neotropical Specimens Native/.venv-ingest/lib/python3.14/site-packages/httpx/_client.py", line 942, in _send_handling_auth
    response = self._send_handling_redirects(
        request,
        follow_redirects=follow_redirects,
        history=history,
    )
  File "/Users/housinsectsoffperu/Neotropical Specimens Native/.venv-ingest/lib/python3.14/site-packages/httpx/_client.py", line 979, in _send_handling_redirects
    response = self._send_single_request(request)
  File "/Users/housinsectsoffperu/Neotropical Specimens Native/.venv-ingest/lib/python3.14/site-packages/httpx/_client.py", line 1014, in _send_single_request
    response = transport.handle_request(request)
  File "/Users/housinsectsoffperu/Neotropical Specimens Native/.venv-ingest/lib/python3.14/site-packages/httpx/_transports/default.py", line 249, in handle_request
    with map_httpcore_exceptions():
         ~~~~~~~~~~~~~~~~~~~~~~~^^
  File "/usr/local/Cellar/python@3.14/3.14.5/Frameworks/Python.framework/Versions/3.14/lib/python3.14/contextlib.py", line 162, in __exit__
    self.gen.throw(value)
    ~~~~~~~~~~~~~~^^^^^^^
  File "/Users/housinsectsoffperu/Neotropical Specimens Native/.venv-ingest/lib/python3.14/site-packages/httpx/_transports/default.py", line 118, in map_httpcore_exceptions
    raise mapped_exc(message) from exc
httpx.ConnectError: [Errno 8] nodename nor servname provided, or not known
2026-08-01 14:25:05  ERROR     Línea 17 [RI-016] (Ancyluris inca huscar) — ConnectError: [Errno 8] nodename nor servname provided, or not known
Traceback (most recent call last):
  File "/Users/housinsectsoffperu/Neotropical Specimens Native/.venv-ingest/lib/python3.14/site-packages/httpx/_transports/default.py", line 101, in map_httpcore_exceptions
    yield
  File "/Users/housinsectsoffperu/Neotropical Specimens Native/.venv-ingest/lib/python3.14/site-packages/httpx/_transports/default.py", line 250, in handle_request
    resp = self._pool.handle_request(req)
  File "/Users/housinsectsoffperu/Neotropical Specimens Native/.venv-ingest/lib/python3.14/site-packages/httpcore/_sync/connection_pool.py", line 256, in handle_request
    raise exc from None
  File "/Users/housinsectsoffperu/Neotropical Specimens Native/.venv-ingest/lib/python3.14/site-packages/httpcore/_sync/connection_pool.py", line 236, in handle_request
    response = connection.handle_request(
        pool_request.request
    )
  File "/Users/housinsectsoffperu/Neotropical Specimens Native/.venv-ingest/lib/python3.14/site-packages/httpcore/_sync/connection.py", line 101, in handle_request
    raise exc
  File "/Users/housinsectsoffperu/Neotropical Specimens Native/.venv-ingest/lib/python3.14/site-packages/httpcore/_sync/connection.py", line 78, in handle_request
    stream = self._connect(request)
  File "/Users/housinsectsoffperu/Neotropical Specimens Native/.venv-ingest/lib/python3.14/site-packages/httpcore/_sync/connection.py", line 124, in _connect
    stream = self._network_backend.connect_tcp(**kwargs)
  File "/Users/housinsectsoffperu/Neotropical Specimens Native/.venv-ingest/lib/python3.14/site-packages/httpcore/_backends/sync.py", line 207, in connect_tcp
    with map_exceptions(exc_map):
         ~~~~~~~~~~~~~~^^^^^^^^^
  File "/usr/local/Cellar/python@3.14/3.14.5/Frameworks/Python.framework/Versions/3.14/lib/python3.14/contextlib.py", line 162, in __exit__
    self.gen.throw(value)
    ~~~~~~~~~~~~~~^^^^^^^
  File "/Users/housinsectsoffperu/Neotropical Specimens Native/.venv-ingest/lib/python3.14/site-packages/httpcore/_exceptions.py", line 14, in map_exceptions
    raise to_exc(exc) from exc
httpcore.ConnectError: [Errno 8] nodename nor servname provided, or not known

The above exception was the direct cause of the following exception:

Traceback (most recent call last):
  File "/Users/housinsectsoffperu/Neotropical Specimens Native/scripts/ingest_csv.py", line 831, in process_row
    region_id   = resolve_region(sb, r.region)
  File "/Users/housinsectsoffperu/Neotropical Specimens Native/scripts/ingest_csv.py", line 616, in resolve_region
    rid = _upsert(sb, "global_regions", {"region_name": region_name}, "region_name")
  File "/Users/housinsectsoffperu/Neotropical Specimens Native/scripts/ingest_csv.py", line 604, in _upsert
    res = sb.table(table).upsert(row, on_conflict=on_conflict).select("id").execute()
  File "/Users/housinsectsoffperu/Neotropical Specimens Native/.venv-ingest/lib/python3.14/site-packages/postgrest/_sync/request_builder.py", line 90, in execute
    r = send_with_retry(self.request)
  File "/Users/housinsectsoffperu/Neotropical Specimens Native/.venv-ingest/lib/python3.14/site-packages/postgrest/_sync/request_builder.py", line 51, in send_with_retry
    resp = req.send(headers)
  File "/Users/housinsectsoffperu/Neotropical Specimens Native/.venv-ingest/lib/python3.14/site-packages/postgrest/base_request_builder.py", line 90, in send
    return self.session.request(
           ~~~~~~~~~~~~~~~~~~~~^
        self.http_method,
        ^^^^^^^^^^^^^^^^^
    ...<4 lines>...
        auth=self.auth,
        ^^^^^^^^^^^^^^^
    )
    ^
  File "/Users/housinsectsoffperu/Neotropical Specimens Native/.venv-ingest/lib/python3.14/site-packages/httpx/_client.py", line 825, in request
    return self.send(request, auth=auth, follow_redirects=follow_redirects)
           ~~~~~~~~~^^^^^^^^^^^^^^^^^^^^^^^^^^^^^^^^^^^^^^^^^^^^^^^^^^^^^^^
  File "/Users/housinsectsoffperu/Neotropical Specimens Native/.venv-ingest/lib/python3.14/site-packages/httpx/_client.py", line 914, in send
    response = self._send_handling_auth(
        request,
    ...<2 lines>...
        history=[],
    )
  File "/Users/housinsectsoffperu/Neotropical Specimens Native/.venv-ingest/lib/python3.14/site-packages/httpx/_client.py", line 942, in _send_handling_auth
    response = self._send_handling_redirects(
        request,
        follow_redirects=follow_redirects,
        history=history,
    )
  File "/Users/housinsectsoffperu/Neotropical Specimens Native/.venv-ingest/lib/python3.14/site-packages/httpx/_client.py", line 979, in _send_handling_redirects
    response = self._send_single_request(request)
  File "/Users/housinsectsoffperu/Neotropical Specimens Native/.venv-ingest/lib/python3.14/site-packages/httpx/_client.py", line 1014, in _send_single_request
    response = transport.handle_request(request)
  File "/Users/housinsectsoffperu/Neotropical Specimens Native/.venv-ingest/lib/python3.14/site-packages/httpx/_transports/default.py", line 249, in handle_request
    with map_httpcore_exceptions():
         ~~~~~~~~~~~~~~~~~~~~~~~^^
  File "/usr/local/Cellar/python@3.14/3.14.5/Frameworks/Python.framework/Versions/3.14/lib/python3.14/contextlib.py", line 162, in __exit__
    self.gen.throw(value)
    ~~~~~~~~~~~~~~^^^^^^^
  File "/Users/housinsectsoffperu/Neotropical Specimens Native/.venv-ingest/lib/python3.14/site-packages/httpx/_transports/default.py", line 118, in map_httpcore_exceptions
    raise mapped_exc(message) from exc
httpx.ConnectError: [Errno 8] nodename nor servname provided, or not known
2026-08-01 14:25:06  ERROR     Línea 18 [RI-017] (Ancyluris meliboeus eudaemon) — ConnectError: [Errno 8] nodename nor servname provided, or not known
Traceback (most recent call last):
  File "/Users/housinsectsoffperu/Neotropical Specimens Native/.venv-ingest/lib/python3.14/site-packages/httpx/_transports/default.py", line 101, in map_httpcore_exceptions
    yield
  File "/Users/housinsectsoffperu/Neotropical Specimens Native/.venv-ingest/lib/python3.14/site-packages/httpx/_transports/default.py", line 250, in handle_request
    resp = self._pool.handle_request(req)
  File "/Users/housinsectsoffperu/Neotropical Specimens Native/.venv-ingest/lib/python3.14/site-packages/httpcore/_sync/connection_pool.py", line 256, in handle_request
    raise exc from None
  File "/Users/housinsectsoffperu/Neotropical Specimens Native/.venv-ingest/lib/python3.14/site-packages/httpcore/_sync/connection_pool.py", line 236, in handle_request
    response = connection.handle_request(
        pool_request.request
    )
  File "/Users/housinsectsoffperu/Neotropical Specimens Native/.venv-ingest/lib/python3.14/site-packages/httpcore/_sync/connection.py", line 101, in handle_request
    raise exc
  File "/Users/housinsectsoffperu/Neotropical Specimens Native/.venv-ingest/lib/python3.14/site-packages/httpcore/_sync/connection.py", line 78, in handle_request
    stream = self._connect(request)
  File "/Users/housinsectsoffperu/Neotropical Specimens Native/.venv-ingest/lib/python3.14/site-packages/httpcore/_sync/connection.py", line 124, in _connect
    stream = self._network_backend.connect_tcp(**kwargs)
  File "/Users/housinsectsoffperu/Neotropical Specimens Native/.venv-ingest/lib/python3.14/site-packages/httpcore/_backends/sync.py", line 207, in connect_tcp
    with map_exceptions(exc_map):
         ~~~~~~~~~~~~~~^^^^^^^^^
  File "/usr/local/Cellar/python@3.14/3.14.5/Frameworks/Python.framework/Versions/3.14/lib/python3.14/contextlib.py", line 162, in __exit__
    self.gen.throw(value)
    ~~~~~~~~~~~~~~^^^^^^^
  File "/Users/housinsectsoffperu/Neotropical Specimens Native/.venv-ingest/lib/python3.14/site-packages/httpcore/_exceptions.py", line 14, in map_exceptions
    raise to_exc(exc) from exc
httpcore.ConnectError: [Errno 8] nodename nor servname provided, or not known

The above exception was the direct cause of the following exception:

Traceback (most recent call last):
  File "/Users/housinsectsoffperu/Neotropical Specimens Native/scripts/ingest_csv.py", line 831, in process_row
    region_id   = resolve_region(sb, r.region)
  File "/Users/housinsectsoffperu/Neotropical Specimens Native/scripts/ingest_csv.py", line 616, in resolve_region
    rid = _upsert(sb, "global_regions", {"region_name": region_name}, "region_name")
  File "/Users/housinsectsoffperu/Neotropical Specimens Native/scripts/ingest_csv.py", line 604, in _upsert
    res = sb.table(table).upsert(row, on_conflict=on_conflict).select("id").execute()
  File "/Users/housinsectsoffperu/Neotropical Specimens Native/.venv-ingest/lib/python3.14/site-packages/postgrest/_sync/request_builder.py", line 90, in execute
    r = send_with_retry(self.request)
  File "/Users/housinsectsoffperu/Neotropical Specimens Native/.venv-ingest/lib/python3.14/site-packages/postgrest/_sync/request_builder.py", line 51, in send_with_retry
    resp = req.send(headers)
  File "/Users/housinsectsoffperu/Neotropical Specimens Native/.venv-ingest/lib/python3.14/site-packages/postgrest/base_request_builder.py", line 90, in send
    return self.session.request(
           ~~~~~~~~~~~~~~~~~~~~^
        self.http_method,
        ^^^^^^^^^^^^^^^^^
    ...<4 lines>...
        auth=self.auth,
        ^^^^^^^^^^^^^^^
    )
    ^
  File "/Users/housinsectsoffperu/Neotropical Specimens Native/.venv-ingest/lib/python3.14/site-packages/httpx/_client.py", line 825, in request
    return self.send(request, auth=auth, follow_redirects=follow_redirects)
           ~~~~~~~~~^^^^^^^^^^^^^^^^^^^^^^^^^^^^^^^^^^^^^^^^^^^^^^^^^^^^^^^
  File "/Users/housinsectsoffperu/Neotropical Specimens Native/.venv-ingest/lib/python3.14/site-packages/httpx/_client.py", line 914, in send
    response = self._send_handling_auth(
        request,
    ...<2 lines>...
        history=[],
    )
  File "/Users/housinsectsoffperu/Neotropical Specimens Native/.venv-ingest/lib/python3.14/site-packages/httpx/_client.py", line 942, in _send_handling_auth
    response = self._send_handling_redirects(
        request,
        follow_redirects=follow_redirects,
        history=history,
    )
  File "/Users/housinsectsoffperu/Neotropical Specimens Native/.venv-ingest/lib/python3.14/site-packages/httpx/_client.py", line 979, in _send_handling_redirects
    response = self._send_single_request(request)
  File "/Users/housinsectsoffperu/Neotropical Specimens Native/.venv-ingest/lib/python3.14/site-packages/httpx/_client.py", line 1014, in _send_single_request
    response = transport.handle_request(request)
  File "/Users/housinsectsoffperu/Neotropical Specimens Native/.venv-ingest/lib/python3.14/site-packages/httpx/_transports/default.py", line 249, in handle_request
    with map_httpcore_exceptions():
         ~~~~~~~~~~~~~~~~~~~~~~~^^
  File "/usr/local/Cellar/python@3.14/3.14.5/Frameworks/Python.framework/Versions/3.14/lib/python3.14/contextlib.py", line 162, in __exit__
    self.gen.throw(value)
    ~~~~~~~~~~~~~~^^^^^^^
  File "/Users/housinsectsoffperu/Neotropical Specimens Native/.venv-ingest/lib/python3.14/site-packages/httpx/_transports/default.py", line 118, in map_httpcore_exceptions
    raise mapped_exc(message) from exc
httpx.ConnectError: [Errno 8] nodename nor servname provided, or not known
2026-08-01 14:25:06  ERROR     Línea 19 [RI-018] (Ancyluris meliboeus eudaemon) — ConnectError: [Errno 8] nodename nor servname provided, or not known
Traceback (most recent call last):
  File "/Users/housinsectsoffperu/Neotropical Specimens Native/.venv-ingest/lib/python3.14/site-packages/httpx/_transports/default.py", line 101, in map_httpcore_exceptions
    yield
  File "/Users/housinsectsoffperu/Neotropical Specimens Native/.venv-ingest/lib/python3.14/site-packages/httpx/_transports/default.py", line 250, in handle_request
    resp = self._pool.handle_request(req)
  File "/Users/housinsectsoffperu/Neotropical Specimens Native/.venv-ingest/lib/python3.14/site-packages/httpcore/_sync/connection_pool.py", line 256, in handle_request
    raise exc from None
  File "/Users/housinsectsoffperu/Neotropical Specimens Native/.venv-ingest/lib/python3.14/site-packages/httpcore/_sync/connection_pool.py", line 236, in handle_request
    response = connection.handle_request(
        pool_request.request
    )
  File "/Users/housinsectsoffperu/Neotropical Specimens Native/.venv-ingest/lib/python3.14/site-packages/httpcore/_sync/connection.py", line 101, in handle_request
    raise exc
  File "/Users/housinsectsoffperu/Neotropical Specimens Native/.venv-ingest/lib/python3.14/site-packages/httpcore/_sync/connection.py", line 78, in handle_request
    stream = self._connect(request)
  File "/Users/housinsectsoffperu/Neotropical Specimens Native/.venv-ingest/lib/python3.14/site-packages/httpcore/_sync/connection.py", line 124, in _connect
    stream = self._network_backend.connect_tcp(**kwargs)
  File "/Users/housinsectsoffperu/Neotropical Specimens Native/.venv-ingest/lib/python3.14/site-packages/httpcore/_backends/sync.py", line 207, in connect_tcp
    with map_exceptions(exc_map):
         ~~~~~~~~~~~~~~^^^^^^^^^
  File "/usr/local/Cellar/python@3.14/3.14.5/Frameworks/Python.framework/Versions/3.14/lib/python3.14/contextlib.py", line 162, in __exit__
    self.gen.throw(value)
    ~~~~~~~~~~~~~~^^^^^^^
  File "/Users/housinsectsoffperu/Neotropical Specimens Native/.venv-ingest/lib/python3.14/site-packages/httpcore/_exceptions.py", line 14, in map_exceptions
    raise to_exc(exc) from exc
httpcore.ConnectError: [Errno 8] nodename nor servname provided, or not known

The above exception was the direct cause of the following exception:

Traceback (most recent call last):
  File "/Users/housinsectsoffperu/Neotropical Specimens Native/scripts/ingest_csv.py", line 831, in process_row
    region_id   = resolve_region(sb, r.region)
  File "/Users/housinsectsoffperu/Neotropical Specimens Native/scripts/ingest_csv.py", line 616, in resolve_region
    rid = _upsert(sb, "global_regions", {"region_name": region_name}, "region_name")
  File "/Users/housinsectsoffperu/Neotropical Specimens Native/scripts/ingest_csv.py", line 604, in _upsert
    res = sb.table(table).upsert(row, on_conflict=on_conflict).select("id").execute()
  File "/Users/housinsectsoffperu/Neotropical Specimens Native/.venv-ingest/lib/python3.14/site-packages/postgrest/_sync/request_builder.py", line 90, in execute
    r = send_with_retry(self.request)
  File "/Users/housinsectsoffperu/Neotropical Specimens Native/.venv-ingest/lib/python3.14/site-packages/postgrest/_sync/request_builder.py", line 51, in send_with_retry
    resp = req.send(headers)
  File "/Users/housinsectsoffperu/Neotropical Specimens Native/.venv-ingest/lib/python3.14/site-packages/postgrest/base_request_builder.py", line 90, in send
    return self.session.request(
           ~~~~~~~~~~~~~~~~~~~~^
        self.http_method,
        ^^^^^^^^^^^^^^^^^
    ...<4 lines>...
        auth=self.auth,
        ^^^^^^^^^^^^^^^
    )
    ^
  File "/Users/housinsectsoffperu/Neotropical Specimens Native/.venv-ingest/lib/python3.14/site-packages/httpx/_client.py", line 825, in request
    return self.send(request, auth=auth, follow_redirects=follow_redirects)
           ~~~~~~~~~^^^^^^^^^^^^^^^^^^^^^^^^^^^^^^^^^^^^^^^^^^^^^^^^^^^^^^^
  File "/Users/housinsectsoffperu/Neotropical Specimens Native/.venv-ingest/lib/python3.14/site-packages/httpx/_client.py", line 914, in send
    response = self._send_handling_auth(
        request,
    ...<2 lines>...
        history=[],
    )
  File "/Users/housinsectsoffperu/Neotropical Specimens Native/.venv-ingest/lib/python3.14/site-packages/httpx/_client.py", line 942, in _send_handling_auth
    response = self._send_handling_redirects(
        request,
        follow_redirects=follow_redirects,
        history=history,
    )
  File "/Users/housinsectsoffperu/Neotropical Specimens Native/.venv-ingest/lib/python3.14/site-packages/httpx/_client.py", line 979, in _send_handling_redirects
    response = self._send_single_request(request)
  File "/Users/housinsectsoffperu/Neotropical Specimens Native/.venv-ingest/lib/python3.14/site-packages/httpx/_client.py", line 1014, in _send_single_request
    response = transport.handle_request(request)
  File "/Users/housinsectsoffperu/Neotropical Specimens Native/.venv-ingest/lib/python3.14/site-packages/httpx/_transports/default.py", line 249, in handle_request
    with map_httpcore_exceptions():
         ~~~~~~~~~~~~~~~~~~~~~~~^^
  File "/usr/local/Cellar/python@3.14/3.14.5/Frameworks/Python.framework/Versions/3.14/lib/python3.14/contextlib.py", line 162, in __exit__
    self.gen.throw(value)
    ~~~~~~~~~~~~~~^^^^^^^
  File "/Users/housinsectsoffperu/Neotropical Specimens Native/.venv-ingest/lib/python3.14/site-packages/httpx/_transports/default.py", line 118, in map_httpcore_exceptions
    raise mapped_exc(message) from exc
httpx.ConnectError: [Errno 8] nodename nor servname provided, or not known
2026-08-01 14:25:06  ERROR     Línea 20 [RI-019] (Ancyluris mira) — ConnectError: [Errno 8] nodename nor servname provided, or not known
Traceback (most recent call last):
  File "/Users/housinsectsoffperu/Neotropical Specimens Native/.venv-ingest/lib/python3.14/site-packages/httpx/_transports/default.py", line 101, in map_httpcore_exceptions
    yield
  File "/Users/housinsectsoffperu/Neotropical Specimens Native/.venv-ingest/lib/python3.14/site-packages/httpx/_transports/default.py", line 250, in handle_request
    resp = self._pool.handle_request(req)
  File "/Users/housinsectsoffperu/Neotropical Specimens Native/.venv-ingest/lib/python3.14/site-packages/httpcore/_sync/connection_pool.py", line 256, in handle_request
    raise exc from None
  File "/Users/housinsectsoffperu/Neotropical Specimens Native/.venv-ingest/lib/python3.14/site-packages/httpcore/_sync/connection_pool.py", line 236, in handle_request
    response = connection.handle_request(
        pool_request.request
    )
  File "/Users/housinsectsoffperu/Neotropical Specimens Native/.venv-ingest/lib/python3.14/site-packages/httpcore/_sync/connection.py", line 101, in handle_request
    raise exc
  File "/Users/housinsectsoffperu/Neotropical Specimens Native/.venv-ingest/lib/python3.14/site-packages/httpcore/_sync/connection.py", line 78, in handle_request
    stream = self._connect(request)
  File "/Users/housinsectsoffperu/Neotropical Specimens Native/.venv-ingest/lib/python3.14/site-packages/httpcore/_sync/connection.py", line 124, in _connect
    stream = self._network_backend.connect_tcp(**kwargs)
  File "/Users/housinsectsoffperu/Neotropical Specimens Native/.venv-ingest/lib/python3.14/site-packages/httpcore/_backends/sync.py", line 207, in connect_tcp
    with map_exceptions(exc_map):
         ~~~~~~~~~~~~~~^^^^^^^^^
  File "/usr/local/Cellar/python@3.14/3.14.5/Frameworks/Python.framework/Versions/3.14/lib/python3.14/contextlib.py", line 162, in __exit__
    self.gen.throw(value)
    ~~~~~~~~~~~~~~^^^^^^^
  File "/Users/housinsectsoffperu/Neotropical Specimens Native/.venv-ingest/lib/python3.14/site-packages/httpcore/_exceptions.py", line 14, in map_exceptions
    raise to_exc(exc) from exc
httpcore.ConnectError: [Errno 8] nodename nor servname provided, or not known

The above exception was the direct cause of the following exception:

Traceback (most recent call last):
  File "/Users/housinsectsoffperu/Neotropical Specimens Native/scripts/ingest_csv.py", line 831, in process_row
    region_id   = resolve_region(sb, r.region)
  File "/Users/housinsectsoffperu/Neotropical Specimens Native/scripts/ingest_csv.py", line 616, in resolve_region
    rid = _upsert(sb, "global_regions", {"region_name": region_name}, "region_name")
  File "/Users/housinsectsoffperu/Neotropical Specimens Native/scripts/ingest_csv.py", line 604, in _upsert
    res = sb.table(table).upsert(row, on_conflict=on_conflict).select("id").execute()
  File "/Users/housinsectsoffperu/Neotropical Specimens Native/.venv-ingest/lib/python3.14/site-packages/postgrest/_sync/request_builder.py", line 90, in execute
    r = send_with_retry(self.request)
  File "/Users/housinsectsoffperu/Neotropical Specimens Native/.venv-ingest/lib/python3.14/site-packages/postgrest/_sync/request_builder.py", line 51, in send_with_retry
    resp = req.send(headers)
  File "/Users/housinsectsoffperu/Neotropical Specimens Native/.venv-ingest/lib/python3.14/site-packages/postgrest/base_request_builder.py", line 90, in send
    return self.session.request(
           ~~~~~~~~~~~~~~~~~~~~^
        self.http_method,
        ^^^^^^^^^^^^^^^^^
    ...<4 lines>...
        auth=self.auth,
        ^^^^^^^^^^^^^^^
    )
    ^
  File "/Users/housinsectsoffperu/Neotropical Specimens Native/.venv-ingest/lib/python3.14/site-packages/httpx/_client.py", line 825, in request
    return self.send(request, auth=auth, follow_redirects=follow_redirects)
           ~~~~~~~~~^^^^^^^^^^^^^^^^^^^^^^^^^^^^^^^^^^^^^^^^^^^^^^^^^^^^^^^
  File "/Users/housinsectsoffperu/Neotropical Specimens Native/.venv-ingest/lib/python3.14/site-packages/httpx/_client.py", line 914, in send
    response = self._send_handling_auth(
        request,
    ...<2 lines>...
        history=[],
    )
  File "/Users/housinsectsoffperu/Neotropical Specimens Native/.venv-ingest/lib/python3.14/site-packages/httpx/_client.py", line 942, in _send_handling_auth
    response = self._send_handling_redirects(
        request,
        follow_redirects=follow_redirects,
        history=history,
    )
  File "/Users/housinsectsoffperu/Neotropical Specimens Native/.venv-ingest/lib/python3.14/site-packages/httpx/_client.py", line 979, in _send_handling_redirects
    response = self._send_single_request(request)
  File "/Users/housinsectsoffperu/Neotropical Specimens Native/.venv-ingest/lib/python3.14/site-packages/httpx/_client.py", line 1014, in _send_single_request
    response = transport.handle_request(request)
  File "/Users/housinsectsoffperu/Neotropical Specimens Native/.venv-ingest/lib/python3.14/site-packages/httpx/_transports/default.py", line 249, in handle_request
    with map_httpcore_exceptions():
         ~~~~~~~~~~~~~~~~~~~~~~~^^
  File "/usr/local/Cellar/python@3.14/3.14.5/Frameworks/Python.framework/Versions/3.14/lib/python3.14/contextlib.py", line 162, in __exit__
    self.gen.throw(value)
    ~~~~~~~~~~~~~~^^^^^^^
  File "/Users/housinsectsoffperu/Neotropical Specimens Native/.venv-ingest/lib/python3.14/site-packages/httpx/_transports/default.py", line 118, in map_httpcore_exceptions
    raise mapped_exc(message) from exc
httpx.ConnectError: [Errno 8] nodename nor servname provided, or not known
2026-08-01 14:25:06  ERROR     Línea 21 [RI-020] (Ancyluris mira) — ConnectError: [Errno 8] nodename nor servname provided, or not known
Traceback (most recent call last):
  File "/Users/housinsectsoffperu/Neotropical Specimens Native/.venv-ingest/lib/python3.14/site-packages/httpx/_transports/default.py", line 101, in map_httpcore_exceptions
    yield
  File "/Users/housinsectsoffperu/Neotropical Specimens Native/.venv-ingest/lib/python3.14/site-packages/httpx/_transports/default.py", line 250, in handle_request
    resp = self._pool.handle_request(req)
  File "/Users/housinsectsoffperu/Neotropical Specimens Native/.venv-ingest/lib/python3.14/site-packages/httpcore/_sync/connection_pool.py", line 256, in handle_request
    raise exc from None
  File "/Users/housinsectsoffperu/Neotropical Specimens Native/.venv-ingest/lib/python3.14/site-packages/httpcore/_sync/connection_pool.py", line 236, in handle_request
    response = connection.handle_request(
        pool_request.request
    )
  File "/Users/housinsectsoffperu/Neotropical Specimens Native/.venv-ingest/lib/python3.14/site-packages/httpcore/_sync/connection.py", line 101, in handle_request
    raise exc
  File "/Users/housinsectsoffperu/Neotropical Specimens Native/.venv-ingest/lib/python3.14/site-packages/httpcore/_sync/connection.py", line 78, in handle_request
    stream = self._connect(request)
  File "/Users/housinsectsoffperu/Neotropical Specimens Native/.venv-ingest/lib/python3.14/site-packages/httpcore/_sync/connection.py", line 124, in _connect
    stream = self._network_backend.connect_tcp(**kwargs)
  File "/Users/housinsectsoffperu/Neotropical Specimens Native/.venv-ingest/lib/python3.14/site-packages/httpcore/_backends/sync.py", line 207, in connect_tcp
    with map_exceptions(exc_map):
         ~~~~~~~~~~~~~~^^^^^^^^^
  File "/usr/local/Cellar/python@3.14/3.14.5/Frameworks/Python.framework/Versions/3.14/lib/python3.14/contextlib.py", line 162, in __exit__
    self.gen.throw(value)
    ~~~~~~~~~~~~~~^^^^^^^
  File "/Users/housinsectsoffperu/Neotropical Specimens Native/.venv-ingest/lib/python3.14/site-packages/httpcore/_exceptions.py", line 14, in map_exceptions
    raise to_exc(exc) from exc
httpcore.ConnectError: [Errno 8] nodename nor servname provided, or not known

The above exception was the direct cause of the following exception:

Traceback (most recent call last):
  File "/Users/housinsectsoffperu/Neotropical Specimens Native/scripts/ingest_csv.py", line 831, in process_row
    region_id   = resolve_region(sb, r.region)
  File "/Users/housinsectsoffperu/Neotropical Specimens Native/scripts/ingest_csv.py", line 616, in resolve_region
    rid = _upsert(sb, "global_regions", {"region_name": region_name}, "region_name")
  File "/Users/housinsectsoffperu/Neotropical Specimens Native/scripts/ingest_csv.py", line 604, in _upsert
    res = sb.table(table).upsert(row, on_conflict=on_conflict).select("id").execute()
  File "/Users/housinsectsoffperu/Neotropical Specimens Native/.venv-ingest/lib/python3.14/site-packages/postgrest/_sync/request_builder.py", line 90, in execute
    r = send_with_retry(self.request)
  File "/Users/housinsectsoffperu/Neotropical Specimens Native/.venv-ingest/lib/python3.14/site-packages/postgrest/_sync/request_builder.py", line 51, in send_with_retry
    resp = req.send(headers)
  File "/Users/housinsectsoffperu/Neotropical Specimens Native/.venv-ingest/lib/python3.14/site-packages/postgrest/base_request_builder.py", line 90, in send
    return self.session.request(
           ~~~~~~~~~~~~~~~~~~~~^
        self.http_method,
        ^^^^^^^^^^^^^^^^^
    ...<4 lines>...
        auth=self.auth,
        ^^^^^^^^^^^^^^^
    )
    ^
  File "/Users/housinsectsoffperu/Neotropical Specimens Native/.venv-ingest/lib/python3.14/site-packages/httpx/_client.py", line 825, in request
    return self.send(request, auth=auth, follow_redirects=follow_redirects)
           ~~~~~~~~~^^^^^^^^^^^^^^^^^^^^^^^^^^^^^^^^^^^^^^^^^^^^^^^^^^^^^^^
  File "/Users/housinsectsoffperu/Neotropical Specimens Native/.venv-ingest/lib/python3.14/site-packages/httpx/_client.py", line 914, in send
    response = self._send_handling_auth(
        request,
    ...<2 lines>...
        history=[],
    )
  File "/Users/housinsectsoffperu/Neotropical Specimens Native/.venv-ingest/lib/python3.14/site-packages/httpx/_client.py", line 942, in _send_handling_auth
    response = self._send_handling_redirects(
        request,
        follow_redirects=follow_redirects,
        history=history,
    )
  File "/Users/housinsectsoffperu/Neotropical Specimens Native/.venv-ingest/lib/python3.14/site-packages/httpx/_client.py", line 979, in _send_handling_redirects
    response = self._send_single_request(request)
  File "/Users/housinsectsoffperu/Neotropical Specimens Native/.venv-ingest/lib/python3.14/site-packages/httpx/_client.py", line 1014, in _send_single_request
    response = transport.handle_request(request)
  File "/Users/housinsectsoffperu/Neotropical Specimens Native/.venv-ingest/lib/python3.14/site-packages/httpx/_transports/default.py", line 249, in handle_request
    with map_httpcore_exceptions():
         ~~~~~~~~~~~~~~~~~~~~~~~^^
  File "/usr/local/Cellar/python@3.14/3.14.5/Frameworks/Python.framework/Versions/3.14/lib/python3.14/contextlib.py", line 162, in __exit__
    self.gen.throw(value)
    ~~~~~~~~~~~~~~^^^^^^^
  File "/Users/housinsectsoffperu/Neotropical Specimens Native/.venv-ingest/lib/python3.14/site-packages/httpx/_transports/default.py", line 118, in map_httpcore_exceptions
    raise mapped_exc(message) from exc
httpx.ConnectError: [Errno 8] nodename nor servname provided, or not known
2026-08-01 14:25:06  ERROR     Línea 22 [RI-021] (Ancyluris mira) — ConnectError: [Errno 8] nodename nor servname provided, or not known
Traceback (most recent call last):
  File "/Users/housinsectsoffperu/Neotropical Specimens Native/.venv-ingest/lib/python3.14/site-packages/httpx/_transports/default.py", line 101, in map_httpcore_exceptions
    yield
  File "/Users/housinsectsoffperu/Neotropical Specimens Native/.venv-ingest/lib/python3.14/site-packages/httpx/_transports/default.py", line 250, in handle_request
    resp = self._pool.handle_request(req)
  File "/Users/housinsectsoffperu/Neotropical Specimens Native/.venv-ingest/lib/python3.14/site-packages/httpcore/_sync/connection_pool.py", line 256, in handle_request
    raise exc from None
  File "/Users/housinsectsoffperu/Neotropical Specimens Native/.venv-ingest/lib/python3.14/site-packages/httpcore/_sync/connection_pool.py", line 236, in handle_request
    response = connection.handle_request(
        pool_request.request
    )
  File "/Users/housinsectsoffperu/Neotropical Specimens Native/.venv-ingest/lib/python3.14/site-packages/httpcore/_sync/connection.py", line 101, in handle_request
    raise exc
  File "/Users/housinsectsoffperu/Neotropical Specimens Native/.venv-ingest/lib/python3.14/site-packages/httpcore/_sync/connection.py", line 78, in handle_request
    stream = self._connect(request)
  File "/Users/housinsectsoffperu/Neotropical Specimens Native/.venv-ingest/lib/python3.14/site-packages/httpcore/_sync/connection.py", line 124, in _connect
    stream = self._network_backend.connect_tcp(**kwargs)
  File "/Users/housinsectsoffperu/Neotropical Specimens Native/.venv-ingest/lib/python3.14/site-packages/httpcore/_backends/sync.py", line 207, in connect_tcp
    with map_exceptions(exc_map):
         ~~~~~~~~~~~~~~^^^^^^^^^
  File "/usr/local/Cellar/python@3.14/3.14.5/Frameworks/Python.framework/Versions/3.14/lib/python3.14/contextlib.py", line 162, in __exit__
    self.gen.throw(value)
    ~~~~~~~~~~~~~~^^^^^^^
  File "/Users/housinsectsoffperu/Neotropical Specimens Native/.venv-ingest/lib/python3.14/site-packages/httpcore/_exceptions.py", line 14, in map_exceptions
    raise to_exc(exc) from exc
httpcore.ConnectError: [Errno 8] nodename nor servname provided, or not known

The above exception was the direct cause of the following exception:

Traceback (most recent call last):
  File "/Users/housinsectsoffperu/Neotropical Specimens Native/scripts/ingest_csv.py", line 831, in process_row
    region_id   = resolve_region(sb, r.region)
  File "/Users/housinsectsoffperu/Neotropical Specimens Native/scripts/ingest_csv.py", line 616, in resolve_region
    rid = _upsert(sb, "global_regions", {"region_name": region_name}, "region_name")
  File "/Users/housinsectsoffperu/Neotropical Specimens Native/scripts/ingest_csv.py", line 604, in _upsert
    res = sb.table(table).upsert(row, on_conflict=on_conflict).select("id").execute()
  File "/Users/housinsectsoffperu/Neotropical Specimens Native/.venv-ingest/lib/python3.14/site-packages/postgrest/_sync/request_builder.py", line 90, in execute
    r = send_with_retry(self.request)
  File "/Users/housinsectsoffperu/Neotropical Specimens Native/.venv-ingest/lib/python3.14/site-packages/postgrest/_sync/request_builder.py", line 51, in send_with_retry
    resp = req.send(headers)
  File "/Users/housinsectsoffperu/Neotropical Specimens Native/.venv-ingest/lib/python3.14/site-packages/postgrest/base_request_builder.py", line 90, in send
    return self.session.request(
           ~~~~~~~~~~~~~~~~~~~~^
        self.http_method,
        ^^^^^^^^^^^^^^^^^
    ...<4 lines>...
        auth=self.auth,
        ^^^^^^^^^^^^^^^
    )
    ^
  File "/Users/housinsectsoffperu/Neotropical Specimens Native/.venv-ingest/lib/python3.14/site-packages/httpx/_client.py", line 825, in request
    return self.send(request, auth=auth, follow_redirects=follow_redirects)
           ~~~~~~~~~^^^^^^^^^^^^^^^^^^^^^^^^^^^^^^^^^^^^^^^^^^^^^^^^^^^^^^^
  File "/Users/housinsectsoffperu/Neotropical Specimens Native/.venv-ingest/lib/python3.14/site-packages/httpx/_client.py", line 914, in send
    response = self._send_handling_auth(
        request,
    ...<2 lines>...
        history=[],
    )
  File "/Users/housinsectsoffperu/Neotropical Specimens Native/.venv-ingest/lib/python3.14/site-packages/httpx/_client.py", line 942, in _send_handling_auth
    response = self._send_handling_redirects(
        request,
        follow_redirects=follow_redirects,
        history=history,
    )
  File "/Users/housinsectsoffperu/Neotropical Specimens Native/.venv-ingest/lib/python3.14/site-packages/httpx/_client.py", line 979, in _send_handling_redirects
    response = self._send_single_request(request)
  File "/Users/housinsectsoffperu/Neotropical Specimens Native/.venv-ingest/lib/python3.14/site-packages/httpx/_client.py", line 1014, in _send_single_request
    response = transport.handle_request(request)
  File "/Users/housinsectsoffperu/Neotropical Specimens Native/.venv-ingest/lib/python3.14/site-packages/httpx/_transports/default.py", line 249, in handle_request
    with map_httpcore_exceptions():
         ~~~~~~~~~~~~~~~~~~~~~~~^^
  File "/usr/local/Cellar/python@3.14/3.14.5/Frameworks/Python.framework/Versions/3.14/lib/python3.14/contextlib.py", line 162, in __exit__
    self.gen.throw(value)
    ~~~~~~~~~~~~~~^^^^^^^
  File "/Users/housinsectsoffperu/Neotropical Specimens Native/.venv-ingest/lib/python3.14/site-packages/httpx/_transports/default.py", line 118, in map_httpcore_exceptions
    raise mapped_exc(message) from exc
httpx.ConnectError: [Errno 8] nodename nor servname provided, or not known
2026-08-01 14:25:06  ERROR     Línea 23 [RI-022] (Ancyluris pulchra) — ConnectError: [Errno 8] nodename nor servname provided, or not known
Traceback (most recent call last):
  File "/Users/housinsectsoffperu/Neotropical Specimens Native/.venv-ingest/lib/python3.14/site-packages/httpx/_transports/default.py", line 101, in map_httpcore_exceptions
    yield
  File "/Users/housinsectsoffperu/Neotropical Specimens Native/.venv-ingest/lib/python3.14/site-packages/httpx/_transports/default.py", line 250, in handle_request
    resp = self._pool.handle_request(req)
  File "/Users/housinsectsoffperu/Neotropical Specimens Native/.venv-ingest/lib/python3.14/site-packages/httpcore/_sync/connection_pool.py", line 256, in handle_request
    raise exc from None
  File "/Users/housinsectsoffperu/Neotropical Specimens Native/.venv-ingest/lib/python3.14/site-packages/httpcore/_sync/connection_pool.py", line 236, in handle_request
    response = connection.handle_request(
        pool_request.request
    )
  File "/Users/housinsectsoffperu/Neotropical Specimens Native/.venv-ingest/lib/python3.14/site-packages/httpcore/_sync/connection.py", line 101, in handle_request
    raise exc
  File "/Users/housinsectsoffperu/Neotropical Specimens Native/.venv-ingest/lib/python3.14/site-packages/httpcore/_sync/connection.py", line 78, in handle_request
    stream = self._connect(request)
  File "/Users/housinsectsoffperu/Neotropical Specimens Native/.venv-ingest/lib/python3.14/site-packages/httpcore/_sync/connection.py", line 124, in _connect
    stream = self._network_backend.connect_tcp(**kwargs)
  File "/Users/housinsectsoffperu/Neotropical Specimens Native/.venv-ingest/lib/python3.14/site-packages/httpcore/_backends/sync.py", line 207, in connect_tcp
    with map_exceptions(exc_map):
         ~~~~~~~~~~~~~~^^^^^^^^^
  File "/usr/local/Cellar/python@3.14/3.14.5/Frameworks/Python.framework/Versions/3.14/lib/python3.14/contextlib.py", line 162, in __exit__
    self.gen.throw(value)
    ~~~~~~~~~~~~~~^^^^^^^
  File "/Users/housinsectsoffperu/Neotropical Specimens Native/.venv-ingest/lib/python3.14/site-packages/httpcore/_exceptions.py", line 14, in map_exceptions
    raise to_exc(exc) from exc
httpcore.ConnectError: [Errno 8] nodename nor servname provided, or not known

The above exception was the direct cause of the following exception:

Traceback (most recent call last):
  File "/Users/housinsectsoffperu/Neotropical Specimens Native/scripts/ingest_csv.py", line 831, in process_row
    region_id   = resolve_region(sb, r.region)
  File "/Users/housinsectsoffperu/Neotropical Specimens Native/scripts/ingest_csv.py", line 616, in resolve_region
    rid = _upsert(sb, "global_regions", {"region_name": region_name}, "region_name")
  File "/Users/housinsectsoffperu/Neotropical Specimens Native/scripts/ingest_csv.py", line 604, in _upsert
    res = sb.table(table).upsert(row, on_conflict=on_conflict).select("id").execute()
  File "/Users/housinsectsoffperu/Neotropical Specimens Native/.venv-ingest/lib/python3.14/site-packages/postgrest/_sync/request_builder.py", line 90, in execute
    r = send_with_retry(self.request)
  File "/Users/housinsectsoffperu/Neotropical Specimens Native/.venv-ingest/lib/python3.14/site-packages/postgrest/_sync/request_builder.py", line 51, in send_with_retry
    resp = req.send(headers)
  File "/Users/housinsectsoffperu/Neotropical Specimens Native/.venv-ingest/lib/python3.14/site-packages/postgrest/base_request_builder.py", line 90, in send
    return self.session.request(
           ~~~~~~~~~~~~~~~~~~~~^
        self.http_method,
        ^^^^^^^^^^^^^^^^^
    ...<4 lines>...
        auth=self.auth,
        ^^^^^^^^^^^^^^^
    )
    ^
  File "/Users/housinsectsoffperu/Neotropical Specimens Native/.venv-ingest/lib/python3.14/site-packages/httpx/_client.py", line 825, in request
    return self.send(request, auth=auth, follow_redirects=follow_redirects)
           ~~~~~~~~~^^^^^^^^^^^^^^^^^^^^^^^^^^^^^^^^^^^^^^^^^^^^^^^^^^^^^^^
  File "/Users/housinsectsoffperu/Neotropical Specimens Native/.venv-ingest/lib/python3.14/site-packages/httpx/_client.py", line 914, in send
    response = self._send_handling_auth(
        request,
    ...<2 lines>...
        history=[],
    )
  File "/Users/housinsectsoffperu/Neotropical Specimens Native/.venv-ingest/lib/python3.14/site-packages/httpx/_client.py", line 942, in _send_handling_auth
    response = self._send_handling_redirects(
        request,
        follow_redirects=follow_redirects,
        history=history,
    )
  File "/Users/housinsectsoffperu/Neotropical Specimens Native/.venv-ingest/lib/python3.14/site-packages/httpx/_client.py", line 979, in _send_handling_redirects
    response = self._send_single_request(request)
  File "/Users/housinsectsoffperu/Neotropical Specimens Native/.venv-ingest/lib/python3.14/site-packages/httpx/_client.py", line 1014, in _send_single_request
    response = transport.handle_request(request)
  File "/Users/housinsectsoffperu/Neotropical Specimens Native/.venv-ingest/lib/python3.14/site-packages/httpx/_transports/default.py", line 249, in handle_request
    with map_httpcore_exceptions():
         ~~~~~~~~~~~~~~~~~~~~~~~^^
  File "/usr/local/Cellar/python@3.14/3.14.5/Frameworks/Python.framework/Versions/3.14/lib/python3.14/contextlib.py", line 162, in __exit__
    self.gen.throw(value)
    ~~~~~~~~~~~~~~^^^^^^^
  File "/Users/housinsectsoffperu/Neotropical Specimens Native/.venv-ingest/lib/python3.14/site-packages/httpx/_transports/default.py", line 118, in map_httpcore_exceptions
    raise mapped_exc(message) from exc
httpx.ConnectError: [Errno 8] nodename nor servname provided, or not known
2026-08-01 14:25:06  ERROR     Línea 24 [RI-023] (Ancyluris pulchra) — ConnectError: [Errno 8] nodename nor servname provided, or not known
Traceback (most recent call last):
  File "/Users/housinsectsoffperu/Neotropical Specimens Native/.venv-ingest/lib/python3.14/site-packages/httpx/_transports/default.py", line 101, in map_httpcore_exceptions
    yield
  File "/Users/housinsectsoffperu/Neotropical Specimens Native/.venv-ingest/lib/python3.14/site-packages/httpx/_transports/default.py", line 250, in handle_request
    resp = self._pool.handle_request(req)
  File "/Users/housinsectsoffperu/Neotropical Specimens Native/.venv-ingest/lib/python3.14/site-packages/httpcore/_sync/connection_pool.py", line 256, in handle_request
    raise exc from None
  File "/Users/housinsectsoffperu/Neotropical Specimens Native/.venv-ingest/lib/python3.14/site-packages/httpcore/_sync/connection_pool.py", line 236, in handle_request
    response = connection.handle_request(
        pool_request.request
    )
  File "/Users/housinsectsoffperu/Neotropical Specimens Native/.venv-ingest/lib/python3.14/site-packages/httpcore/_sync/connection.py", line 101, in handle_request
    raise exc
  File "/Users/housinsectsoffperu/Neotropical Specimens Native/.venv-ingest/lib/python3.14/site-packages/httpcore/_sync/connection.py", line 78, in handle_request
    stream = self._connect(request)
  File "/Users/housinsectsoffperu/Neotropical Specimens Native/.venv-ingest/lib/python3.14/site-packages/httpcore/_sync/connection.py", line 124, in _connect
    stream = self._network_backend.connect_tcp(**kwargs)
  File "/Users/housinsectsoffperu/Neotropical Specimens Native/.venv-ingest/lib/python3.14/site-packages/httpcore/_backends/sync.py", line 207, in connect_tcp
    with map_exceptions(exc_map):
         ~~~~~~~~~~~~~~^^^^^^^^^
  File "/usr/local/Cellar/python@3.14/3.14.5/Frameworks/Python.framework/Versions/3.14/lib/python3.14/contextlib.py", line 162, in __exit__
    self.gen.throw(value)
    ~~~~~~~~~~~~~~^^^^^^^
  File "/Users/housinsectsoffperu/Neotropical Specimens Native/.venv-ingest/lib/python3.14/site-packages/httpcore/_exceptions.py", line 14, in map_exceptions
    raise to_exc(exc) from exc
httpcore.ConnectError: [Errno 8] nodename nor servname provided, or not known

The above exception was the direct cause of the following exception:

Traceback (most recent call last):
  File "/Users/housinsectsoffperu/Neotropical Specimens Native/scripts/ingest_csv.py", line 831, in process_row
    region_id   = resolve_region(sb, r.region)
  File "/Users/housinsectsoffperu/Neotropical Specimens Native/scripts/ingest_csv.py", line 616, in resolve_region
    rid = _upsert(sb, "global_regions", {"region_name": region_name}, "region_name")
  File "/Users/housinsectsoffperu/Neotropical Specimens Native/scripts/ingest_csv.py", line 604, in _upsert
    res = sb.table(table).upsert(row, on_conflict=on_conflict).select("id").execute()
  File "/Users/housinsectsoffperu/Neotropical Specimens Native/.venv-ingest/lib/python3.14/site-packages/postgrest/_sync/request_builder.py", line 90, in execute
    r = send_with_retry(self.request)
  File "/Users/housinsectsoffperu/Neotropical Specimens Native/.venv-ingest/lib/python3.14/site-packages/postgrest/_sync/request_builder.py", line 51, in send_with_retry
    resp = req.send(headers)
  File "/Users/housinsectsoffperu/Neotropical Specimens Native/.venv-ingest/lib/python3.14/site-packages/postgrest/base_request_builder.py", line 90, in send
    return self.session.request(
           ~~~~~~~~~~~~~~~~~~~~^
        self.http_method,
        ^^^^^^^^^^^^^^^^^
    ...<4 lines>...
        auth=self.auth,
        ^^^^^^^^^^^^^^^
    )
    ^
  File "/Users/housinsectsoffperu/Neotropical Specimens Native/.venv-ingest/lib/python3.14/site-packages/httpx/_client.py", line 825, in request
    return self.send(request, auth=auth, follow_redirects=follow_redirects)
           ~~~~~~~~~^^^^^^^^^^^^^^^^^^^^^^^^^^^^^^^^^^^^^^^^^^^^^^^^^^^^^^^
  File "/Users/housinsectsoffperu/Neotropical Specimens Native/.venv-ingest/lib/python3.14/site-packages/httpx/_client.py", line 914, in send
    response = self._send_handling_auth(
        request,
    ...<2 lines>...
        history=[],
    )
  File "/Users/housinsectsoffperu/Neotropical Specimens Native/.venv-ingest/lib/python3.14/site-packages/httpx/_client.py", line 942, in _send_handling_auth
    response = self._send_handling_redirects(
        request,
        follow_redirects=follow_redirects,
        history=history,
    )
  File "/Users/housinsectsoffperu/Neotropical Specimens Native/.venv-ingest/lib/python3.14/site-packages/httpx/_client.py", line 979, in _send_handling_redirects
    response = self._send_single_request(request)
  File "/Users/housinsectsoffperu/Neotropical Specimens Native/.venv-ingest/lib/python3.14/site-packages/httpx/_client.py", line 1014, in _send_single_request
    response = transport.handle_request(request)
  File "/Users/housinsectsoffperu/Neotropical Specimens Native/.venv-ingest/lib/python3.14/site-packages/httpx/_transports/default.py", line 249, in handle_request
    with map_httpcore_exceptions():
         ~~~~~~~~~~~~~~~~~~~~~~~^^
  File "/usr/local/Cellar/python@3.14/3.14.5/Frameworks/Python.framework/Versions/3.14/lib/python3.14/contextlib.py", line 162, in __exit__
    self.gen.throw(value)
    ~~~~~~~~~~~~~~^^^^^^^
  File "/Users/housinsectsoffperu/Neotropical Specimens Native/.venv-ingest/lib/python3.14/site-packages/httpx/_transports/default.py", line 118, in map_httpcore_exceptions
    raise mapped_exc(message) from exc
httpx.ConnectError: [Errno 8] nodename nor servname provided, or not known
2026-08-01 14:25:06  ERROR     Línea 25 [RI-024] (Cartea vitula) — ConnectError: [Errno 8] nodename nor servname provided, or not known
Traceback (most recent call last):
  File "/Users/housinsectsoffperu/Neotropical Specimens Native/.venv-ingest/lib/python3.14/site-packages/httpx/_transports/default.py", line 101, in map_httpcore_exceptions
    yield
  File "/Users/housinsectsoffperu/Neotropical Specimens Native/.venv-ingest/lib/python3.14/site-packages/httpx/_transports/default.py", line 250, in handle_request
    resp = self._pool.handle_request(req)
  File "/Users/housinsectsoffperu/Neotropical Specimens Native/.venv-ingest/lib/python3.14/site-packages/httpcore/_sync/connection_pool.py", line 256, in handle_request
    raise exc from None
  File "/Users/housinsectsoffperu/Neotropical Specimens Native/.venv-ingest/lib/python3.14/site-packages/httpcore/_sync/connection_pool.py", line 236, in handle_request
    response = connection.handle_request(
        pool_request.request
    )
  File "/Users/housinsectsoffperu/Neotropical Specimens Native/.venv-ingest/lib/python3.14/site-packages/httpcore/_sync/connection.py", line 101, in handle_request
    raise exc
  File "/Users/housinsectsoffperu/Neotropical Specimens Native/.venv-ingest/lib/python3.14/site-packages/httpcore/_sync/connection.py", line 78, in handle_request
    stream = self._connect(request)
  File "/Users/housinsectsoffperu/Neotropical Specimens Native/.venv-ingest/lib/python3.14/site-packages/httpcore/_sync/connection.py", line 124, in _connect
    stream = self._network_backend.connect_tcp(**kwargs)
  File "/Users/housinsectsoffperu/Neotropical Specimens Native/.venv-ingest/lib/python3.14/site-packages/httpcore/_backends/sync.py", line 207, in connect_tcp
    with map_exceptions(exc_map):
         ~~~~~~~~~~~~~~^^^^^^^^^
  File "/usr/local/Cellar/python@3.14/3.14.5/Frameworks/Python.framework/Versions/3.14/lib/python3.14/contextlib.py", line 162, in __exit__
    self.gen.throw(value)
    ~~~~~~~~~~~~~~^^^^^^^
  File "/Users/housinsectsoffperu/Neotropical Specimens Native/.venv-ingest/lib/python3.14/site-packages/httpcore/_exceptions.py", line 14, in map_exceptions
    raise to_exc(exc) from exc
httpcore.ConnectError: [Errno 8] nodename nor servname provided, or not known

The above exception was the direct cause of the following exception:

Traceback (most recent call last):
  File "/Users/housinsectsoffperu/Neotropical Specimens Native/scripts/ingest_csv.py", line 831, in process_row
    region_id   = resolve_region(sb, r.region)
  File "/Users/housinsectsoffperu/Neotropical Specimens Native/scripts/ingest_csv.py", line 616, in resolve_region
    rid = _upsert(sb, "global_regions", {"region_name": region_name}, "region_name")
  File "/Users/housinsectsoffperu/Neotropical Specimens Native/scripts/ingest_csv.py", line 604, in _upsert
    res = sb.table(table).upsert(row, on_conflict=on_conflict).select("id").execute()
  File "/Users/housinsectsoffperu/Neotropical Specimens Native/.venv-ingest/lib/python3.14/site-packages/postgrest/_sync/request_builder.py", line 90, in execute
    r = send_with_retry(self.request)
  File "/Users/housinsectsoffperu/Neotropical Specimens Native/.venv-ingest/lib/python3.14/site-packages/postgrest/_sync/request_builder.py", line 51, in send_with_retry
    resp = req.send(headers)
  File "/Users/housinsectsoffperu/Neotropical Specimens Native/.venv-ingest/lib/python3.14/site-packages/postgrest/base_request_builder.py", line 90, in send
    return self.session.request(
           ~~~~~~~~~~~~~~~~~~~~^
        self.http_method,
        ^^^^^^^^^^^^^^^^^
    ...<4 lines>...
        auth=self.auth,
        ^^^^^^^^^^^^^^^
    )
    ^
  File "/Users/housinsectsoffperu/Neotropical Specimens Native/.venv-ingest/lib/python3.14/site-packages/httpx/_client.py", line 825, in request
    return self.send(request, auth=auth, follow_redirects=follow_redirects)
           ~~~~~~~~~^^^^^^^^^^^^^^^^^^^^^^^^^^^^^^^^^^^^^^^^^^^^^^^^^^^^^^^
  File "/Users/housinsectsoffperu/Neotropical Specimens Native/.venv-ingest/lib/python3.14/site-packages/httpx/_client.py", line 914, in send
    response = self._send_handling_auth(
        request,
    ...<2 lines>...
        history=[],
    )
  File "/Users/housinsectsoffperu/Neotropical Specimens Native/.venv-ingest/lib/python3.14/site-packages/httpx/_client.py", line 942, in _send_handling_auth
    response = self._send_handling_redirects(
        request,
        follow_redirects=follow_redirects,
        history=history,
    )
  File "/Users/housinsectsoffperu/Neotropical Specimens Native/.venv-ingest/lib/python3.14/site-packages/httpx/_client.py", line 979, in _send_handling_redirects
    response = self._send_single_request(request)
  File "/Users/housinsectsoffperu/Neotropical Specimens Native/.venv-ingest/lib/python3.14/site-packages/httpx/_client.py", line 1014, in _send_single_request
    response = transport.handle_request(request)
  File "/Users/housinsectsoffperu/Neotropical Specimens Native/.venv-ingest/lib/python3.14/site-packages/httpx/_transports/default.py", line 249, in handle_request
    with map_httpcore_exceptions():
         ~~~~~~~~~~~~~~~~~~~~~~~^^
  File "/usr/local/Cellar/python@3.14/3.14.5/Frameworks/Python.framework/Versions/3.14/lib/python3.14/contextlib.py", line 162, in __exit__
    self.gen.throw(value)
    ~~~~~~~~~~~~~~^^^^^^^
  File "/Users/housinsectsoffperu/Neotropical Specimens Native/.venv-ingest/lib/python3.14/site-packages/httpx/_transports/default.py", line 118, in map_httpcore_exceptions
    raise mapped_exc(message) from exc
httpx.ConnectError: [Errno 8] nodename nor servname provided, or not known
2026-08-01 14:25:07  ERROR     Línea 26 [RI-025] (Cartea vitula) — ConnectError: [Errno 8] nodename nor servname provided, or not known
Traceback (most recent call last):
  File "/Users/housinsectsoffperu/Neotropical Specimens Native/.venv-ingest/lib/python3.14/site-packages/httpx/_transports/default.py", line 101, in map_httpcore_exceptions
    yield
  File "/Users/housinsectsoffperu/Neotropical Specimens Native/.venv-ingest/lib/python3.14/site-packages/httpx/_transports/default.py", line 250, in handle_request
    resp = self._pool.handle_request(req)
  File "/Users/housinsectsoffperu/Neotropical Specimens Native/.venv-ingest/lib/python3.14/site-packages/httpcore/_sync/connection_pool.py", line 256, in handle_request
    raise exc from None
  File "/Users/housinsectsoffperu/Neotropical Specimens Native/.venv-ingest/lib/python3.14/site-packages/httpcore/_sync/connection_pool.py", line 236, in handle_request
    response = connection.handle_request(
        pool_request.request
    )
  File "/Users/housinsectsoffperu/Neotropical Specimens Native/.venv-ingest/lib/python3.14/site-packages/httpcore/_sync/connection.py", line 101, in handle_request
    raise exc
  File "/Users/housinsectsoffperu/Neotropical Specimens Native/.venv-ingest/lib/python3.14/site-packages/httpcore/_sync/connection.py", line 78, in handle_request
    stream = self._connect(request)
  File "/Users/housinsectsoffperu/Neotropical Specimens Native/.venv-ingest/lib/python3.14/site-packages/httpcore/_sync/connection.py", line 124, in _connect
    stream = self._network_backend.connect_tcp(**kwargs)
  File "/Users/housinsectsoffperu/Neotropical Specimens Native/.venv-ingest/lib/python3.14/site-packages/httpcore/_backends/sync.py", line 207, in connect_tcp
    with map_exceptions(exc_map):
         ~~~~~~~~~~~~~~^^^^^^^^^
  File "/usr/local/Cellar/python@3.14/3.14.5/Frameworks/Python.framework/Versions/3.14/lib/python3.14/contextlib.py", line 162, in __exit__
    self.gen.throw(value)
    ~~~~~~~~~~~~~~^^^^^^^
  File "/Users/housinsectsoffperu/Neotropical Specimens Native/.venv-ingest/lib/python3.14/site-packages/httpcore/_exceptions.py", line 14, in map_exceptions
    raise to_exc(exc) from exc
httpcore.ConnectError: [Errno 8] nodename nor servname provided, or not known

The above exception was the direct cause of the following exception:

Traceback (most recent call last):
  File "/Users/housinsectsoffperu/Neotropical Specimens Native/scripts/ingest_csv.py", line 831, in process_row
    region_id   = resolve_region(sb, r.region)
  File "/Users/housinsectsoffperu/Neotropical Specimens Native/scripts/ingest_csv.py", line 616, in resolve_region
    rid = _upsert(sb, "global_regions", {"region_name": region_name}, "region_name")
  File "/Users/housinsectsoffperu/Neotropical Specimens Native/scripts/ingest_csv.py", line 604, in _upsert
    res = sb.table(table).upsert(row, on_conflict=on_conflict).select("id").execute()
  File "/Users/housinsectsoffperu/Neotropical Specimens Native/.venv-ingest/lib/python3.14/site-packages/postgrest/_sync/request_builder.py", line 90, in execute
    r = send_with_retry(self.request)
  File "/Users/housinsectsoffperu/Neotropical Specimens Native/.venv-ingest/lib/python3.14/site-packages/postgrest/_sync/request_builder.py", line 51, in send_with_retry
    resp = req.send(headers)
  File "/Users/housinsectsoffperu/Neotropical Specimens Native/.venv-ingest/lib/python3.14/site-packages/postgrest/base_request_builder.py", line 90, in send
    return self.session.request(
           ~~~~~~~~~~~~~~~~~~~~^
        self.http_method,
        ^^^^^^^^^^^^^^^^^
    ...<4 lines>...
        auth=self.auth,
        ^^^^^^^^^^^^^^^
    )
    ^
  File "/Users/housinsectsoffperu/Neotropical Specimens Native/.venv-ingest/lib/python3.14/site-packages/httpx/_client.py", line 825, in request
    return self.send(request, auth=auth, follow_redirects=follow_redirects)
           ~~~~~~~~~^^^^^^^^^^^^^^^^^^^^^^^^^^^^^^^^^^^^^^^^^^^^^^^^^^^^^^^
  File "/Users/housinsectsoffperu/Neotropical Specimens Native/.venv-ingest/lib/python3.14/site-packages/httpx/_client.py", line 914, in send
    response = self._send_handling_auth(
        request,
    ...<2 lines>...
        history=[],
    )
  File "/Users/housinsectsoffperu/Neotropical Specimens Native/.venv-ingest/lib/python3.14/site-packages/httpx/_client.py", line 942, in _send_handling_auth
    response = self._send_handling_redirects(
        request,
        follow_redirects=follow_redirects,
        history=history,
    )
  File "/Users/housinsectsoffperu/Neotropical Specimens Native/.venv-ingest/lib/python3.14/site-packages/httpx/_client.py", line 979, in _send_handling_redirects
    response = self._send_single_request(request)
  File "/Users/housinsectsoffperu/Neotropical Specimens Native/.venv-ingest/lib/python3.14/site-packages/httpx/_client.py", line 1014, in _send_single_request
    response = transport.handle_request(request)
  File "/Users/housinsectsoffperu/Neotropical Specimens Native/.venv-ingest/lib/python3.14/site-packages/httpx/_transports/default.py", line 249, in handle_request
    with map_httpcore_exceptions():
         ~~~~~~~~~~~~~~~~~~~~~~~^^
  File "/usr/local/Cellar/python@3.14/3.14.5/Frameworks/Python.framework/Versions/3.14/lib/python3.14/contextlib.py", line 162, in __exit__
    self.gen.throw(value)
    ~~~~~~~~~~~~~~^^^^^^^
  File "/Users/housinsectsoffperu/Neotropical Specimens Native/.venv-ingest/lib/python3.14/site-packages/httpx/_transports/default.py", line 118, in map_httpcore_exceptions
    raise mapped_exc(message) from exc
httpx.ConnectError: [Errno 8] nodename nor servname provided, or not known
2026-08-01 14:25:07  ERROR     Línea 27 [RI-026] (Chorinea amazon) — ConnectError: [Errno 8] nodename nor servname provided, or not known
Traceback (most recent call last):
  File "/Users/housinsectsoffperu/Neotropical Specimens Native/.venv-ingest/lib/python3.14/site-packages/httpx/_transports/default.py", line 101, in map_httpcore_exceptions
    yield
  File "/Users/housinsectsoffperu/Neotropical Specimens Native/.venv-ingest/lib/python3.14/site-packages/httpx/_transports/default.py", line 250, in handle_request
    resp = self._pool.handle_request(req)
  File "/Users/housinsectsoffperu/Neotropical Specimens Native/.venv-ingest/lib/python3.14/site-packages/httpcore/_sync/connection_pool.py", line 256, in handle_request
    raise exc from None
  File "/Users/housinsectsoffperu/Neotropical Specimens Native/.venv-ingest/lib/python3.14/site-packages/httpcore/_sync/connection_pool.py", line 236, in handle_request
    response = connection.handle_request(
        pool_request.request
    )
  File "/Users/housinsectsoffperu/Neotropical Specimens Native/.venv-ingest/lib/python3.14/site-packages/httpcore/_sync/connection.py", line 101, in handle_request
    raise exc
  File "/Users/housinsectsoffperu/Neotropical Specimens Native/.venv-ingest/lib/python3.14/site-packages/httpcore/_sync/connection.py", line 78, in handle_request
    stream = self._connect(request)
  File "/Users/housinsectsoffperu/Neotropical Specimens Native/.venv-ingest/lib/python3.14/site-packages/httpcore/_sync/connection.py", line 124, in _connect
    stream = self._network_backend.connect_tcp(**kwargs)
  File "/Users/housinsectsoffperu/Neotropical Specimens Native/.venv-ingest/lib/python3.14/site-packages/httpcore/_backends/sync.py", line 207, in connect_tcp
    with map_exceptions(exc_map):
         ~~~~~~~~~~~~~~^^^^^^^^^
  File "/usr/local/Cellar/python@3.14/3.14.5/Frameworks/Python.framework/Versions/3.14/lib/python3.14/contextlib.py", line 162, in __exit__
    self.gen.throw(value)
    ~~~~~~~~~~~~~~^^^^^^^
  File "/Users/housinsectsoffperu/Neotropical Specimens Native/.venv-ingest/lib/python3.14/site-packages/httpcore/_exceptions.py", line 14, in map_exceptions
    raise to_exc(exc) from exc
httpcore.ConnectError: [Errno 8] nodename nor servname provided, or not known

The above exception was the direct cause of the following exception:

Traceback (most recent call last):
  File "/Users/housinsectsoffperu/Neotropical Specimens Native/scripts/ingest_csv.py", line 831, in process_row
    region_id   = resolve_region(sb, r.region)
  File "/Users/housinsectsoffperu/Neotropical Specimens Native/scripts/ingest_csv.py", line 616, in resolve_region
    rid = _upsert(sb, "global_regions", {"region_name": region_name}, "region_name")
  File "/Users/housinsectsoffperu/Neotropical Specimens Native/scripts/ingest_csv.py", line 604, in _upsert
    res = sb.table(table).upsert(row, on_conflict=on_conflict).select("id").execute()
  File "/Users/housinsectsoffperu/Neotropical Specimens Native/.venv-ingest/lib/python3.14/site-packages/postgrest/_sync/request_builder.py", line 90, in execute
    r = send_with_retry(self.request)
  File "/Users/housinsectsoffperu/Neotropical Specimens Native/.venv-ingest/lib/python3.14/site-packages/postgrest/_sync/request_builder.py", line 51, in send_with_retry
    resp = req.send(headers)
  File "/Users/housinsectsoffperu/Neotropical Specimens Native/.venv-ingest/lib/python3.14/site-packages/postgrest/base_request_builder.py", line 90, in send
    return self.session.request(
           ~~~~~~~~~~~~~~~~~~~~^
        self.http_method,
        ^^^^^^^^^^^^^^^^^
    ...<4 lines>...
        auth=self.auth,
        ^^^^^^^^^^^^^^^
    )
    ^
  File "/Users/housinsectsoffperu/Neotropical Specimens Native/.venv-ingest/lib/python3.14/site-packages/httpx/_client.py", line 825, in request
    return self.send(request, auth=auth, follow_redirects=follow_redirects)
           ~~~~~~~~~^^^^^^^^^^^^^^^^^^^^^^^^^^^^^^^^^^^^^^^^^^^^^^^^^^^^^^^
  File "/Users/housinsectsoffperu/Neotropical Specimens Native/.venv-ingest/lib/python3.14/site-packages/httpx/_client.py", line 914, in send
    response = self._send_handling_auth(
        request,
    ...<2 lines>...
        history=[],
    )
  File "/Users/housinsectsoffperu/Neotropical Specimens Native/.venv-ingest/lib/python3.14/site-packages/httpx/_client.py", line 942, in _send_handling_auth
    response = self._send_handling_redirects(
        request,
        follow_redirects=follow_redirects,
        history=history,
    )
  File "/Users/housinsectsoffperu/Neotropical Specimens Native/.venv-ingest/lib/python3.14/site-packages/httpx/_client.py", line 979, in _send_handling_redirects
    response = self._send_single_request(request)
  File "/Users/housinsectsoffperu/Neotropical Specimens Native/.venv-ingest/lib/python3.14/site-packages/httpx/_client.py", line 1014, in _send_single_request
    response = transport.handle_request(request)
  File "/Users/housinsectsoffperu/Neotropical Specimens Native/.venv-ingest/lib/python3.14/site-packages/httpx/_transports/default.py", line 249, in handle_request
    with map_httpcore_exceptions():
         ~~~~~~~~~~~~~~~~~~~~~~~^^
  File "/usr/local/Cellar/python@3.14/3.14.5/Frameworks/Python.framework/Versions/3.14/lib/python3.14/contextlib.py", line 162, in __exit__
    self.gen.throw(value)
    ~~~~~~~~~~~~~~^^^^^^^
  File "/Users/housinsectsoffperu/Neotropical Specimens Native/.venv-ingest/lib/python3.14/site-packages/httpx/_transports/default.py", line 118, in map_httpcore_exceptions
    raise mapped_exc(message) from exc
httpx.ConnectError: [Errno 8] nodename nor servname provided, or not known
2026-08-01 14:25:07  ERROR     Línea 28 [RI-027] (Chorinea amazon) — ConnectError: [Errno 8] nodename nor servname provided, or not known
Traceback (most recent call last):
  File "/Users/housinsectsoffperu/Neotropical Specimens Native/.venv-ingest/lib/python3.14/site-packages/httpx/_transports/default.py", line 101, in map_httpcore_exceptions
    yield
  File "/Users/housinsectsoffperu/Neotropical Specimens Native/.venv-ingest/lib/python3.14/site-packages/httpx/_transports/default.py", line 250, in handle_request
    resp = self._pool.handle_request(req)
  File "/Users/housinsectsoffperu/Neotropical Specimens Native/.venv-ingest/lib/python3.14/site-packages/httpcore/_sync/connection_pool.py", line 256, in handle_request
    raise exc from None
  File "/Users/housinsectsoffperu/Neotropical Specimens Native/.venv-ingest/lib/python3.14/site-packages/httpcore/_sync/connection_pool.py", line 236, in handle_request
    response = connection.handle_request(
        pool_request.request
    )
  File "/Users/housinsectsoffperu/Neotropical Specimens Native/.venv-ingest/lib/python3.14/site-packages/httpcore/_sync/connection.py", line 101, in handle_request
    raise exc
  File "/Users/housinsectsoffperu/Neotropical Specimens Native/.venv-ingest/lib/python3.14/site-packages/httpcore/_sync/connection.py", line 78, in handle_request
    stream = self._connect(request)
  File "/Users/housinsectsoffperu/Neotropical Specimens Native/.venv-ingest/lib/python3.14/site-packages/httpcore/_sync/connection.py", line 124, in _connect
    stream = self._network_backend.connect_tcp(**kwargs)
  File "/Users/housinsectsoffperu/Neotropical Specimens Native/.venv-ingest/lib/python3.14/site-packages/httpcore/_backends/sync.py", line 207, in connect_tcp
    with map_exceptions(exc_map):
         ~~~~~~~~~~~~~~^^^^^^^^^
  File "/usr/local/Cellar/python@3.14/3.14.5/Frameworks/Python.framework/Versions/3.14/lib/python3.14/contextlib.py", line 162, in __exit__
    self.gen.throw(value)
    ~~~~~~~~~~~~~~^^^^^^^
  File "/Users/housinsectsoffperu/Neotropical Specimens Native/.venv-ingest/lib/python3.14/site-packages/httpcore/_exceptions.py", line 14, in map_exceptions
    raise to_exc(exc) from exc
httpcore.ConnectError: [Errno 8] nodename nor servname provided, or not known

The above exception was the direct cause of the following exception:

Traceback (most recent call last):
  File "/Users/housinsectsoffperu/Neotropical Specimens Native/scripts/ingest_csv.py", line 831, in process_row
    region_id   = resolve_region(sb, r.region)
  File "/Users/housinsectsoffperu/Neotropical Specimens Native/scripts/ingest_csv.py", line 616, in resolve_region
    rid = _upsert(sb, "global_regions", {"region_name": region_name}, "region_name")
  File "/Users/housinsectsoffperu/Neotropical Specimens Native/scripts/ingest_csv.py", line 604, in _upsert
    res = sb.table(table).upsert(row, on_conflict=on_conflict).select("id").execute()
  File "/Users/housinsectsoffperu/Neotropical Specimens Native/.venv-ingest/lib/python3.14/site-packages/postgrest/_sync/request_builder.py", line 90, in execute
    r = send_with_retry(self.request)
  File "/Users/housinsectsoffperu/Neotropical Specimens Native/.venv-ingest/lib/python3.14/site-packages/postgrest/_sync/request_builder.py", line 51, in send_with_retry
    resp = req.send(headers)
  File "/Users/housinsectsoffperu/Neotropical Specimens Native/.venv-ingest/lib/python3.14/site-packages/postgrest/base_request_builder.py", line 90, in send
    return self.session.request(
           ~~~~~~~~~~~~~~~~~~~~^
        self.http_method,
        ^^^^^^^^^^^^^^^^^
    ...<4 lines>...
        auth=self.auth,
        ^^^^^^^^^^^^^^^
    )
    ^
  File "/Users/housinsectsoffperu/Neotropical Specimens Native/.venv-ingest/lib/python3.14/site-packages/httpx/_client.py", line 825, in request
    return self.send(request, auth=auth, follow_redirects=follow_redirects)
           ~~~~~~~~~^^^^^^^^^^^^^^^^^^^^^^^^^^^^^^^^^^^^^^^^^^^^^^^^^^^^^^^
  File "/Users/housinsectsoffperu/Neotropical Specimens Native/.venv-ingest/lib/python3.14/site-packages/httpx/_client.py", line 914, in send
    response = self._send_handling_auth(
        request,
    ...<2 lines>...
        history=[],
    )
  File "/Users/housinsectsoffperu/Neotropical Specimens Native/.venv-ingest/lib/python3.14/site-packages/httpx/_client.py", line 942, in _send_handling_auth
    response = self._send_handling_redirects(
        request,
        follow_redirects=follow_redirects,
        history=history,
    )
  File "/Users/housinsectsoffperu/Neotropical Specimens Native/.venv-ingest/lib/python3.14/site-packages/httpx/_client.py", line 979, in _send_handling_redirects
    response = self._send_single_request(request)
  File "/Users/housinsectsoffperu/Neotropical Specimens Native/.venv-ingest/lib/python3.14/site-packages/httpx/_client.py", line 1014, in _send_single_request
    response = transport.handle_request(request)
  File "/Users/housinsectsoffperu/Neotropical Specimens Native/.venv-ingest/lib/python3.14/site-packages/httpx/_transports/default.py", line 249, in handle_request
    with map_httpcore_exceptions():
         ~~~~~~~~~~~~~~~~~~~~~~~^^
  File "/usr/local/Cellar/python@3.14/3.14.5/Frameworks/Python.framework/Versions/3.14/lib/python3.14/contextlib.py", line 162, in __exit__
    self.gen.throw(value)
    ~~~~~~~~~~~~~~^^^^^^^
  File "/Users/housinsectsoffperu/Neotropical Specimens Native/.venv-ingest/lib/python3.14/site-packages/httpx/_transports/default.py", line 118, in map_httpcore_exceptions
    raise mapped_exc(message) from exc
httpx.ConnectError: [Errno 8] nodename nor servname provided, or not known
2026-08-01 14:25:07  ERROR     Línea 29 [RI-028] (Chorinea batesii) — ConnectError: [Errno 8] nodename nor servname provided, or not known
Traceback (most recent call last):
  File "/Users/housinsectsoffperu/Neotropical Specimens Native/.venv-ingest/lib/python3.14/site-packages/httpx/_transports/default.py", line 101, in map_httpcore_exceptions
    yield
  File "/Users/housinsectsoffperu/Neotropical Specimens Native/.venv-ingest/lib/python3.14/site-packages/httpx/_transports/default.py", line 250, in handle_request
    resp = self._pool.handle_request(req)
  File "/Users/housinsectsoffperu/Neotropical Specimens Native/.venv-ingest/lib/python3.14/site-packages/httpcore/_sync/connection_pool.py", line 256, in handle_request
    raise exc from None
  File "/Users/housinsectsoffperu/Neotropical Specimens Native/.venv-ingest/lib/python3.14/site-packages/httpcore/_sync/connection_pool.py", line 236, in handle_request
    response = connection.handle_request(
        pool_request.request
    )
  File "/Users/housinsectsoffperu/Neotropical Specimens Native/.venv-ingest/lib/python3.14/site-packages/httpcore/_sync/connection.py", line 101, in handle_request
    raise exc
  File "/Users/housinsectsoffperu/Neotropical Specimens Native/.venv-ingest/lib/python3.14/site-packages/httpcore/_sync/connection.py", line 78, in handle_request
    stream = self._connect(request)
  File "/Users/housinsectsoffperu/Neotropical Specimens Native/.venv-ingest/lib/python3.14/site-packages/httpcore/_sync/connection.py", line 124, in _connect
    stream = self._network_backend.connect_tcp(**kwargs)
  File "/Users/housinsectsoffperu/Neotropical Specimens Native/.venv-ingest/lib/python3.14/site-packages/httpcore/_backends/sync.py", line 207, in connect_tcp
    with map_exceptions(exc_map):
         ~~~~~~~~~~~~~~^^^^^^^^^
  File "/usr/local/Cellar/python@3.14/3.14.5/Frameworks/Python.framework/Versions/3.14/lib/python3.14/contextlib.py", line 162, in __exit__
    self.gen.throw(value)
    ~~~~~~~~~~~~~~^^^^^^^
  File "/Users/housinsectsoffperu/Neotropical Specimens Native/.venv-ingest/lib/python3.14/site-packages/httpcore/_exceptions.py", line 14, in map_exceptions
    raise to_exc(exc) from exc
httpcore.ConnectError: [Errno 8] nodename nor servname provided, or not known

The above exception was the direct cause of the following exception:

Traceback (most recent call last):
  File "/Users/housinsectsoffperu/Neotropical Specimens Native/scripts/ingest_csv.py", line 831, in process_row
    region_id   = resolve_region(sb, r.region)
  File "/Users/housinsectsoffperu/Neotropical Specimens Native/scripts/ingest_csv.py", line 616, in resolve_region
    rid = _upsert(sb, "global_regions", {"region_name": region_name}, "region_name")
  File "/Users/housinsectsoffperu/Neotropical Specimens Native/scripts/ingest_csv.py", line 604, in _upsert
    res = sb.table(table).upsert(row, on_conflict=on_conflict).select("id").execute()
  File "/Users/housinsectsoffperu/Neotropical Specimens Native/.venv-ingest/lib/python3.14/site-packages/postgrest/_sync/request_builder.py", line 90, in execute
    r = send_with_retry(self.request)
  File "/Users/housinsectsoffperu/Neotropical Specimens Native/.venv-ingest/lib/python3.14/site-packages/postgrest/_sync/request_builder.py", line 51, in send_with_retry
    resp = req.send(headers)
  File "/Users/housinsectsoffperu/Neotropical Specimens Native/.venv-ingest/lib/python3.14/site-packages/postgrest/base_request_builder.py", line 90, in send
    return self.session.request(
           ~~~~~~~~~~~~~~~~~~~~^
        self.http_method,
        ^^^^^^^^^^^^^^^^^
    ...<4 lines>...
        auth=self.auth,
        ^^^^^^^^^^^^^^^
    )
    ^
  File "/Users/housinsectsoffperu/Neotropical Specimens Native/.venv-ingest/lib/python3.14/site-packages/httpx/_client.py", line 825, in request
    return self.send(request, auth=auth, follow_redirects=follow_redirects)
           ~~~~~~~~~^^^^^^^^^^^^^^^^^^^^^^^^^^^^^^^^^^^^^^^^^^^^^^^^^^^^^^^
  File "/Users/housinsectsoffperu/Neotropical Specimens Native/.venv-ingest/lib/python3.14/site-packages/httpx/_client.py", line 914, in send
    response = self._send_handling_auth(
        request,
    ...<2 lines>...
        history=[],
    )
  File "/Users/housinsectsoffperu/Neotropical Specimens Native/.venv-ingest/lib/python3.14/site-packages/httpx/_client.py", line 942, in _send_handling_auth
    response = self._send_handling_redirects(
        request,
        follow_redirects=follow_redirects,
        history=history,
    )
  File "/Users/housinsectsoffperu/Neotropical Specimens Native/.venv-ingest/lib/python3.14/site-packages/httpx/_client.py", line 979, in _send_handling_redirects
    response = self._send_single_request(request)
  File "/Users/housinsectsoffperu/Neotropical Specimens Native/.venv-ingest/lib/python3.14/site-packages/httpx/_client.py", line 1014, in _send_single_request
    response = transport.handle_request(request)
  File "/Users/housinsectsoffperu/Neotropical Specimens Native/.venv-ingest/lib/python3.14/site-packages/httpx/_transports/default.py", line 249, in handle_request
    with map_httpcore_exceptions():
         ~~~~~~~~~~~~~~~~~~~~~~~^^
  File "/usr/local/Cellar/python@3.14/3.14.5/Frameworks/Python.framework/Versions/3.14/lib/python3.14/contextlib.py", line 162, in __exit__
    self.gen.throw(value)
    ~~~~~~~~~~~~~~^^^^^^^
  File "/Users/housinsectsoffperu/Neotropical Specimens Native/.venv-ingest/lib/python3.14/site-packages/httpx/_transports/default.py", line 118, in map_httpcore_exceptions
    raise mapped_exc(message) from exc
httpx.ConnectError: [Errno 8] nodename nor servname provided, or not known
2026-08-01 14:25:07  ERROR     Línea 30 [RI-029] (Chorinea sylphina) — ConnectError: [Errno 8] nodename nor servname provided, or not known
Traceback (most recent call last):
  File "/Users/housinsectsoffperu/Neotropical Specimens Native/.venv-ingest/lib/python3.14/site-packages/httpx/_transports/default.py", line 101, in map_httpcore_exceptions
    yield
  File "/Users/housinsectsoffperu/Neotropical Specimens Native/.venv-ingest/lib/python3.14/site-packages/httpx/_transports/default.py", line 250, in handle_request
    resp = self._pool.handle_request(req)
  File "/Users/housinsectsoffperu/Neotropical Specimens Native/.venv-ingest/lib/python3.14/site-packages/httpcore/_sync/connection_pool.py", line 256, in handle_request
    raise exc from None
  File "/Users/housinsectsoffperu/Neotropical Specimens Native/.venv-ingest/lib/python3.14/site-packages/httpcore/_sync/connection_pool.py", line 236, in handle_request
    response = connection.handle_request(
        pool_request.request
    )
  File "/Users/housinsectsoffperu/Neotropical Specimens Native/.venv-ingest/lib/python3.14/site-packages/httpcore/_sync/connection.py", line 101, in handle_request
    raise exc
  File "/Users/housinsectsoffperu/Neotropical Specimens Native/.venv-ingest/lib/python3.14/site-packages/httpcore/_sync/connection.py", line 78, in handle_request
    stream = self._connect(request)
  File "/Users/housinsectsoffperu/Neotropical Specimens Native/.venv-ingest/lib/python3.14/site-packages/httpcore/_sync/connection.py", line 124, in _connect
    stream = self._network_backend.connect_tcp(**kwargs)
  File "/Users/housinsectsoffperu/Neotropical Specimens Native/.venv-ingest/lib/python3.14/site-packages/httpcore/_backends/sync.py", line 207, in connect_tcp
    with map_exceptions(exc_map):
         ~~~~~~~~~~~~~~^^^^^^^^^
  File "/usr/local/Cellar/python@3.14/3.14.5/Frameworks/Python.framework/Versions/3.14/lib/python3.14/contextlib.py", line 162, in __exit__
    self.gen.throw(value)
    ~~~~~~~~~~~~~~^^^^^^^
  File "/Users/housinsectsoffperu/Neotropical Specimens Native/.venv-ingest/lib/python3.14/site-packages/httpcore/_exceptions.py", line 14, in map_exceptions
    raise to_exc(exc) from exc
httpcore.ConnectError: [Errno 8] nodename nor servname provided, or not known

The above exception was the direct cause of the following exception:

Traceback (most recent call last):
  File "/Users/housinsectsoffperu/Neotropical Specimens Native/scripts/ingest_csv.py", line 831, in process_row
    region_id   = resolve_region(sb, r.region)
  File "/Users/housinsectsoffperu/Neotropical Specimens Native/scripts/ingest_csv.py", line 616, in resolve_region
    rid = _upsert(sb, "global_regions", {"region_name": region_name}, "region_name")
  File "/Users/housinsectsoffperu/Neotropical Specimens Native/scripts/ingest_csv.py", line 604, in _upsert
    res = sb.table(table).upsert(row, on_conflict=on_conflict).select("id").execute()
  File "/Users/housinsectsoffperu/Neotropical Specimens Native/.venv-ingest/lib/python3.14/site-packages/postgrest/_sync/request_builder.py", line 90, in execute
    r = send_with_retry(self.request)
  File "/Users/housinsectsoffperu/Neotropical Specimens Native/.venv-ingest/lib/python3.14/site-packages/postgrest/_sync/request_builder.py", line 51, in send_with_retry
    resp = req.send(headers)
  File "/Users/housinsectsoffperu/Neotropical Specimens Native/.venv-ingest/lib/python3.14/site-packages/postgrest/base_request_builder.py", line 90, in send
    return self.session.request(
           ~~~~~~~~~~~~~~~~~~~~^
        self.http_method,
        ^^^^^^^^^^^^^^^^^
    ...<4 lines>...
        auth=self.auth,
        ^^^^^^^^^^^^^^^
    )
    ^
  File "/Users/housinsectsoffperu/Neotropical Specimens Native/.venv-ingest/lib/python3.14/site-packages/httpx/_client.py", line 825, in request
    return self.send(request, auth=auth, follow_redirects=follow_redirects)
           ~~~~~~~~~^^^^^^^^^^^^^^^^^^^^^^^^^^^^^^^^^^^^^^^^^^^^^^^^^^^^^^^
  File "/Users/housinsectsoffperu/Neotropical Specimens Native/.venv-ingest/lib/python3.14/site-packages/httpx/_client.py", line 914, in send
    response = self._send_handling_auth(
        request,
    ...<2 lines>...
        history=[],
    )
  File "/Users/housinsectsoffperu/Neotropical Specimens Native/.venv-ingest/lib/python3.14/site-packages/httpx/_client.py", line 942, in _send_handling_auth
    response = self._send_handling_redirects(
        request,
        follow_redirects=follow_redirects,
        history=history,
    )
  File "/Users/housinsectsoffperu/Neotropical Specimens Native/.venv-ingest/lib/python3.14/site-packages/httpx/_client.py", line 979, in _send_handling_redirects
    response = self._send_single_request(request)
  File "/Users/housinsectsoffperu/Neotropical Specimens Native/.venv-ingest/lib/python3.14/site-packages/httpx/_client.py", line 1014, in _send_single_request
    response = transport.handle_request(request)
  File "/Users/housinsectsoffperu/Neotropical Specimens Native/.venv-ingest/lib/python3.14/site-packages/httpx/_transports/default.py", line 249, in handle_request
    with map_httpcore_exceptions():
         ~~~~~~~~~~~~~~~~~~~~~~~^^
  File "/usr/local/Cellar/python@3.14/3.14.5/Frameworks/Python.framework/Versions/3.14/lib/python3.14/contextlib.py", line 162, in __exit__
    self.gen.throw(value)
    ~~~~~~~~~~~~~~^^^^^^^
  File "/Users/housinsectsoffperu/Neotropical Specimens Native/.venv-ingest/lib/python3.14/site-packages/httpx/_transports/default.py", line 118, in map_httpcore_exceptions
    raise mapped_exc(message) from exc
httpx.ConnectError: [Errno 8] nodename nor servname provided, or not known
2026-08-01 14:25:07  ERROR     Línea 31 [RI-030] (Chorinea sylphina) — ConnectError: [Errno 8] nodename nor servname provided, or not known
Traceback (most recent call last):
  File "/Users/housinsectsoffperu/Neotropical Specimens Native/.venv-ingest/lib/python3.14/site-packages/httpx/_transports/default.py", line 101, in map_httpcore_exceptions
    yield
  File "/Users/housinsectsoffperu/Neotropical Specimens Native/.venv-ingest/lib/python3.14/site-packages/httpx/_transports/default.py", line 250, in handle_request
    resp = self._pool.handle_request(req)
  File "/Users/housinsectsoffperu/Neotropical Specimens Native/.venv-ingest/lib/python3.14/site-packages/httpcore/_sync/connection_pool.py", line 256, in handle_request
    raise exc from None
  File "/Users/housinsectsoffperu/Neotropical Specimens Native/.venv-ingest/lib/python3.14/site-packages/httpcore/_sync/connection_pool.py", line 236, in handle_request
    response = connection.handle_request(
        pool_request.request
    )
  File "/Users/housinsectsoffperu/Neotropical Specimens Native/.venv-ingest/lib/python3.14/site-packages/httpcore/_sync/connection.py", line 101, in handle_request
    raise exc
  File "/Users/housinsectsoffperu/Neotropical Specimens Native/.venv-ingest/lib/python3.14/site-packages/httpcore/_sync/connection.py", line 78, in handle_request
    stream = self._connect(request)
  File "/Users/housinsectsoffperu/Neotropical Specimens Native/.venv-ingest/lib/python3.14/site-packages/httpcore/_sync/connection.py", line 124, in _connect
    stream = self._network_backend.connect_tcp(**kwargs)
  File "/Users/housinsectsoffperu/Neotropical Specimens Native/.venv-ingest/lib/python3.14/site-packages/httpcore/_backends/sync.py", line 207, in connect_tcp
    with map_exceptions(exc_map):
         ~~~~~~~~~~~~~~^^^^^^^^^
  File "/usr/local/Cellar/python@3.14/3.14.5/Frameworks/Python.framework/Versions/3.14/lib/python3.14/contextlib.py", line 162, in __exit__
    self.gen.throw(value)
    ~~~~~~~~~~~~~~^^^^^^^
  File "/Users/housinsectsoffperu/Neotropical Specimens Native/.venv-ingest/lib/python3.14/site-packages/httpcore/_exceptions.py", line 14, in map_exceptions
    raise to_exc(exc) from exc
httpcore.ConnectError: [Errno 8] nodename nor servname provided, or not known

The above exception was the direct cause of the following exception:

Traceback (most recent call last):
  File "/Users/housinsectsoffperu/Neotropical Specimens Native/scripts/ingest_csv.py", line 831, in process_row
    region_id   = resolve_region(sb, r.region)
  File "/Users/housinsectsoffperu/Neotropical Specimens Native/scripts/ingest_csv.py", line 616, in resolve_region
    rid = _upsert(sb, "global_regions", {"region_name": region_name}, "region_name")
  File "/Users/housinsectsoffperu/Neotropical Specimens Native/scripts/ingest_csv.py", line 604, in _upsert
    res = sb.table(table).upsert(row, on_conflict=on_conflict).select("id").execute()
  File "/Users/housinsectsoffperu/Neotropical Specimens Native/.venv-ingest/lib/python3.14/site-packages/postgrest/_sync/request_builder.py", line 90, in execute
    r = send_with_retry(self.request)
  File "/Users/housinsectsoffperu/Neotropical Specimens Native/.venv-ingest/lib/python3.14/site-packages/postgrest/_sync/request_builder.py", line 51, in send_with_retry
    resp = req.send(headers)
  File "/Users/housinsectsoffperu/Neotropical Specimens Native/.venv-ingest/lib/python3.14/site-packages/postgrest/base_request_builder.py", line 90, in send
    return self.session.request(
           ~~~~~~~~~~~~~~~~~~~~^
        self.http_method,
        ^^^^^^^^^^^^^^^^^
    ...<4 lines>...
        auth=self.auth,
        ^^^^^^^^^^^^^^^
    )
    ^
  File "/Users/housinsectsoffperu/Neotropical Specimens Native/.venv-ingest/lib/python3.14/site-packages/httpx/_client.py", line 825, in request
    return self.send(request, auth=auth, follow_redirects=follow_redirects)
           ~~~~~~~~~^^^^^^^^^^^^^^^^^^^^^^^^^^^^^^^^^^^^^^^^^^^^^^^^^^^^^^^
  File "/Users/housinsectsoffperu/Neotropical Specimens Native/.venv-ingest/lib/python3.14/site-packages/httpx/_client.py", line 914, in send
    response = self._send_handling_auth(
        request,
    ...<2 lines>...
        history=[],
    )
  File "/Users/housinsectsoffperu/Neotropical Specimens Native/.venv-ingest/lib/python3.14/site-packages/httpx/_client.py", line 942, in _send_handling_auth
    response = self._send_handling_redirects(
        request,
        follow_redirects=follow_redirects,
        history=history,
    )
  File "/Users/housinsectsoffperu/Neotropical Specimens Native/.venv-ingest/lib/python3.14/site-packages/httpx/_client.py", line 979, in _send_handling_redirects
    response = self._send_single_request(request)
  File "/Users/housinsectsoffperu/Neotropical Specimens Native/.venv-ingest/lib/python3.14/site-packages/httpx/_client.py", line 1014, in _send_single_request
    response = transport.handle_request(request)
  File "/Users/housinsectsoffperu/Neotropical Specimens Native/.venv-ingest/lib/python3.14/site-packages/httpx/_transports/default.py", line 249, in handle_request
    with map_httpcore_exceptions():
         ~~~~~~~~~~~~~~~~~~~~~~~^^
  File "/usr/local/Cellar/python@3.14/3.14.5/Frameworks/Python.framework/Versions/3.14/lib/python3.14/contextlib.py", line 162, in __exit__
    self.gen.throw(value)
    ~~~~~~~~~~~~~~^^^^^^^
  File "/Users/housinsectsoffperu/Neotropical Specimens Native/.venv-ingest/lib/python3.14/site-packages/httpx/_transports/default.py", line 118, in map_httpcore_exceptions
    raise mapped_exc(message) from exc
httpx.ConnectError: [Errno 8] nodename nor servname provided, or not known
2026-08-01 14:25:07  ERROR     Línea 32 [RI-031] (Cremna acoris) — ConnectError: [Errno 8] nodename nor servname provided, or not known
Traceback (most recent call last):
  File "/Users/housinsectsoffperu/Neotropical Specimens Native/.venv-ingest/lib/python3.14/site-packages/httpx/_transports/default.py", line 101, in map_httpcore_exceptions
    yield
  File "/Users/housinsectsoffperu/Neotropical Specimens Native/.venv-ingest/lib/python3.14/site-packages/httpx/_transports/default.py", line 250, in handle_request
    resp = self._pool.handle_request(req)
  File "/Users/housinsectsoffperu/Neotropical Specimens Native/.venv-ingest/lib/python3.14/site-packages/httpcore/_sync/connection_pool.py", line 256, in handle_request
    raise exc from None
  File "/Users/housinsectsoffperu/Neotropical Specimens Native/.venv-ingest/lib/python3.14/site-packages/httpcore/_sync/connection_pool.py", line 236, in handle_request
    response = connection.handle_request(
        pool_request.request
    )
  File "/Users/housinsectsoffperu/Neotropical Specimens Native/.venv-ingest/lib/python3.14/site-packages/httpcore/_sync/connection.py", line 101, in handle_request
    raise exc
  File "/Users/housinsectsoffperu/Neotropical Specimens Native/.venv-ingest/lib/python3.14/site-packages/httpcore/_sync/connection.py", line 78, in handle_request
    stream = self._connect(request)
  File "/Users/housinsectsoffperu/Neotropical Specimens Native/.venv-ingest/lib/python3.14/site-packages/httpcore/_sync/connection.py", line 124, in _connect
    stream = self._network_backend.connect_tcp(**kwargs)
  File "/Users/housinsectsoffperu/Neotropical Specimens Native/.venv-ingest/lib/python3.14/site-packages/httpcore/_backends/sync.py", line 207, in connect_tcp
    with map_exceptions(exc_map):
         ~~~~~~~~~~~~~~^^^^^^^^^
  File "/usr/local/Cellar/python@3.14/3.14.5/Frameworks/Python.framework/Versions/3.14/lib/python3.14/contextlib.py", line 162, in __exit__
    self.gen.throw(value)
    ~~~~~~~~~~~~~~^^^^^^^
  File "/Users/housinsectsoffperu/Neotropical Specimens Native/.venv-ingest/lib/python3.14/site-packages/httpcore/_exceptions.py", line 14, in map_exceptions
    raise to_exc(exc) from exc
httpcore.ConnectError: [Errno 8] nodename nor servname provided, or not known

The above exception was the direct cause of the following exception:

Traceback (most recent call last):
  File "/Users/housinsectsoffperu/Neotropical Specimens Native/scripts/ingest_csv.py", line 831, in process_row
    region_id   = resolve_region(sb, r.region)
  File "/Users/housinsectsoffperu/Neotropical Specimens Native/scripts/ingest_csv.py", line 616, in resolve_region
    rid = _upsert(sb, "global_regions", {"region_name": region_name}, "region_name")
  File "/Users/housinsectsoffperu/Neotropical Specimens Native/scripts/ingest_csv.py", line 604, in _upsert
    res = sb.table(table).upsert(row, on_conflict=on_conflict).select("id").execute()
  File "/Users/housinsectsoffperu/Neotropical Specimens Native/.venv-ingest/lib/python3.14/site-packages/postgrest/_sync/request_builder.py", line 90, in execute
    r = send_with_retry(self.request)
  File "/Users/housinsectsoffperu/Neotropical Specimens Native/.venv-ingest/lib/python3.14/site-packages/postgrest/_sync/request_builder.py", line 51, in send_with_retry
    resp = req.send(headers)
  File "/Users/housinsectsoffperu/Neotropical Specimens Native/.venv-ingest/lib/python3.14/site-packages/postgrest/base_request_builder.py", line 90, in send
    return self.session.request(
           ~~~~~~~~~~~~~~~~~~~~^
        self.http_method,
        ^^^^^^^^^^^^^^^^^
    ...<4 lines>...
        auth=self.auth,
        ^^^^^^^^^^^^^^^
    )
    ^
  File "/Users/housinsectsoffperu/Neotropical Specimens Native/.venv-ingest/lib/python3.14/site-packages/httpx/_client.py", line 825, in request
    return self.send(request, auth=auth, follow_redirects=follow_redirects)
           ~~~~~~~~~^^^^^^^^^^^^^^^^^^^^^^^^^^^^^^^^^^^^^^^^^^^^^^^^^^^^^^^
  File "/Users/housinsectsoffperu/Neotropical Specimens Native/.venv-ingest/lib/python3.14/site-packages/httpx/_client.py", line 914, in send
    response = self._send_handling_auth(
        request,
    ...<2 lines>...
        history=[],
    )
  File "/Users/housinsectsoffperu/Neotropical Specimens Native/.venv-ingest/lib/python3.14/site-packages/httpx/_client.py", line 942, in _send_handling_auth
    response = self._send_handling_redirects(
        request,
        follow_redirects=follow_redirects,
        history=history,
    )
  File "/Users/housinsectsoffperu/Neotropical Specimens Native/.venv-ingest/lib/python3.14/site-packages/httpx/_client.py", line 979, in _send_handling_redirects
    response = self._send_single_request(request)
  File "/Users/housinsectsoffperu/Neotropical Specimens Native/.venv-ingest/lib/python3.14/site-packages/httpx/_client.py", line 1014, in _send_single_request
    response = transport.handle_request(request)
  File "/Users/housinsectsoffperu/Neotropical Specimens Native/.venv-ingest/lib/python3.14/site-packages/httpx/_transports/default.py", line 249, in handle_request
    with map_httpcore_exceptions():
         ~~~~~~~~~~~~~~~~~~~~~~~^^
  File "/usr/local/Cellar/python@3.14/3.14.5/Frameworks/Python.framework/Versions/3.14/lib/python3.14/contextlib.py", line 162, in __exit__
    self.gen.throw(value)
    ~~~~~~~~~~~~~~^^^^^^^
  File "/Users/housinsectsoffperu/Neotropical Specimens Native/.venv-ingest/lib/python3.14/site-packages/httpx/_transports/default.py", line 118, in map_httpcore_exceptions
    raise mapped_exc(message) from exc
httpx.ConnectError: [Errno 8] nodename nor servname provided, or not known
2026-08-01 14:25:07  ERROR     Línea 33 [RI-032] (Eurybia halimede) — ConnectError: [Errno 8] nodename nor servname provided, or not known
Traceback (most recent call last):
  File "/Users/housinsectsoffperu/Neotropical Specimens Native/.venv-ingest/lib/python3.14/site-packages/httpx/_transports/default.py", line 101, in map_httpcore_exceptions
    yield
  File "/Users/housinsectsoffperu/Neotropical Specimens Native/.venv-ingest/lib/python3.14/site-packages/httpx/_transports/default.py", line 250, in handle_request
    resp = self._pool.handle_request(req)
  File "/Users/housinsectsoffperu/Neotropical Specimens Native/.venv-ingest/lib/python3.14/site-packages/httpcore/_sync/connection_pool.py", line 256, in handle_request
    raise exc from None
  File "/Users/housinsectsoffperu/Neotropical Specimens Native/.venv-ingest/lib/python3.14/site-packages/httpcore/_sync/connection_pool.py", line 236, in handle_request
    response = connection.handle_request(
        pool_request.request
    )
  File "/Users/housinsectsoffperu/Neotropical Specimens Native/.venv-ingest/lib/python3.14/site-packages/httpcore/_sync/connection.py", line 101, in handle_request
    raise exc
  File "/Users/housinsectsoffperu/Neotropical Specimens Native/.venv-ingest/lib/python3.14/site-packages/httpcore/_sync/connection.py", line 78, in handle_request
    stream = self._connect(request)
  File "/Users/housinsectsoffperu/Neotropical Specimens Native/.venv-ingest/lib/python3.14/site-packages/httpcore/_sync/connection.py", line 124, in _connect
    stream = self._network_backend.connect_tcp(**kwargs)
  File "/Users/housinsectsoffperu/Neotropical Specimens Native/.venv-ingest/lib/python3.14/site-packages/httpcore/_backends/sync.py", line 207, in connect_tcp
    with map_exceptions(exc_map):
         ~~~~~~~~~~~~~~^^^^^^^^^
  File "/usr/local/Cellar/python@3.14/3.14.5/Frameworks/Python.framework/Versions/3.14/lib/python3.14/contextlib.py", line 162, in __exit__
    self.gen.throw(value)
    ~~~~~~~~~~~~~~^^^^^^^
  File "/Users/housinsectsoffperu/Neotropical Specimens Native/.venv-ingest/lib/python3.14/site-packages/httpcore/_exceptions.py", line 14, in map_exceptions
    raise to_exc(exc) from exc
httpcore.ConnectError: [Errno 8] nodename nor servname provided, or not known

The above exception was the direct cause of the following exception:

Traceback (most recent call last):
  File "/Users/housinsectsoffperu/Neotropical Specimens Native/scripts/ingest_csv.py", line 831, in process_row
    region_id   = resolve_region(sb, r.region)
  File "/Users/housinsectsoffperu/Neotropical Specimens Native/scripts/ingest_csv.py", line 616, in resolve_region
    rid = _upsert(sb, "global_regions", {"region_name": region_name}, "region_name")
  File "/Users/housinsectsoffperu/Neotropical Specimens Native/scripts/ingest_csv.py", line 604, in _upsert
    res = sb.table(table).upsert(row, on_conflict=on_conflict).select("id").execute()
  File "/Users/housinsectsoffperu/Neotropical Specimens Native/.venv-ingest/lib/python3.14/site-packages/postgrest/_sync/request_builder.py", line 90, in execute
    r = send_with_retry(self.request)
  File "/Users/housinsectsoffperu/Neotropical Specimens Native/.venv-ingest/lib/python3.14/site-packages/postgrest/_sync/request_builder.py", line 51, in send_with_retry
    resp = req.send(headers)
  File "/Users/housinsectsoffperu/Neotropical Specimens Native/.venv-ingest/lib/python3.14/site-packages/postgrest/base_request_builder.py", line 90, in send
    return self.session.request(
           ~~~~~~~~~~~~~~~~~~~~^
        self.http_method,
        ^^^^^^^^^^^^^^^^^
    ...<4 lines>...
        auth=self.auth,
        ^^^^^^^^^^^^^^^
    )
    ^
  File "/Users/housinsectsoffperu/Neotropical Specimens Native/.venv-ingest/lib/python3.14/site-packages/httpx/_client.py", line 825, in request
    return self.send(request, auth=auth, follow_redirects=follow_redirects)
           ~~~~~~~~~^^^^^^^^^^^^^^^^^^^^^^^^^^^^^^^^^^^^^^^^^^^^^^^^^^^^^^^
  File "/Users/housinsectsoffperu/Neotropical Specimens Native/.venv-ingest/lib/python3.14/site-packages/httpx/_client.py", line 914, in send
    response = self._send_handling_auth(
        request,
    ...<2 lines>...
        history=[],
    )
  File "/Users/housinsectsoffperu/Neotropical Specimens Native/.venv-ingest/lib/python3.14/site-packages/httpx/_client.py", line 942, in _send_handling_auth
    response = self._send_handling_redirects(
        request,
        follow_redirects=follow_redirects,
        history=history,
    )
  File "/Users/housinsectsoffperu/Neotropical Specimens Native/.venv-ingest/lib/python3.14/site-packages/httpx/_client.py", line 979, in _send_handling_redirects
    response = self._send_single_request(request)
  File "/Users/housinsectsoffperu/Neotropical Specimens Native/.venv-ingest/lib/python3.14/site-packages/httpx/_client.py", line 1014, in _send_single_request
    response = transport.handle_request(request)
  File "/Users/housinsectsoffperu/Neotropical Specimens Native/.venv-ingest/lib/python3.14/site-packages/httpx/_transports/default.py", line 249, in handle_request
    with map_httpcore_exceptions():
         ~~~~~~~~~~~~~~~~~~~~~~~^^
  File "/usr/local/Cellar/python@3.14/3.14.5/Frameworks/Python.framework/Versions/3.14/lib/python3.14/contextlib.py", line 162, in __exit__
    self.gen.throw(value)
    ~~~~~~~~~~~~~~^^^^^^^
  File "/Users/housinsectsoffperu/Neotropical Specimens Native/.venv-ingest/lib/python3.14/site-packages/httpx/_transports/default.py", line 118, in map_httpcore_exceptions
    raise mapped_exc(message) from exc
httpx.ConnectError: [Errno 8] nodename nor servname provided, or not known
2026-08-01 14:25:08  ERROR     Línea 34 [RI-033] (Lyropteryx appollonia) — ConnectError: [Errno 8] nodename nor servname provided, or not known
Traceback (most recent call last):
  File "/Users/housinsectsoffperu/Neotropical Specimens Native/.venv-ingest/lib/python3.14/site-packages/httpx/_transports/default.py", line 101, in map_httpcore_exceptions
    yield
  File "/Users/housinsectsoffperu/Neotropical Specimens Native/.venv-ingest/lib/python3.14/site-packages/httpx/_transports/default.py", line 250, in handle_request
    resp = self._pool.handle_request(req)
  File "/Users/housinsectsoffperu/Neotropical Specimens Native/.venv-ingest/lib/python3.14/site-packages/httpcore/_sync/connection_pool.py", line 256, in handle_request
    raise exc from None
  File "/Users/housinsectsoffperu/Neotropical Specimens Native/.venv-ingest/lib/python3.14/site-packages/httpcore/_sync/connection_pool.py", line 236, in handle_request
    response = connection.handle_request(
        pool_request.request
    )
  File "/Users/housinsectsoffperu/Neotropical Specimens Native/.venv-ingest/lib/python3.14/site-packages/httpcore/_sync/connection.py", line 101, in handle_request
    raise exc
  File "/Users/housinsectsoffperu/Neotropical Specimens Native/.venv-ingest/lib/python3.14/site-packages/httpcore/_sync/connection.py", line 78, in handle_request
    stream = self._connect(request)
  File "/Users/housinsectsoffperu/Neotropical Specimens Native/.venv-ingest/lib/python3.14/site-packages/httpcore/_sync/connection.py", line 124, in _connect
    stream = self._network_backend.connect_tcp(**kwargs)
  File "/Users/housinsectsoffperu/Neotropical Specimens Native/.venv-ingest/lib/python3.14/site-packages/httpcore/_backends/sync.py", line 207, in connect_tcp
    with map_exceptions(exc_map):
         ~~~~~~~~~~~~~~^^^^^^^^^
  File "/usr/local/Cellar/python@3.14/3.14.5/Frameworks/Python.framework/Versions/3.14/lib/python3.14/contextlib.py", line 162, in __exit__
    self.gen.throw(value)
    ~~~~~~~~~~~~~~^^^^^^^
  File "/Users/housinsectsoffperu/Neotropical Specimens Native/.venv-ingest/lib/python3.14/site-packages/httpcore/_exceptions.py", line 14, in map_exceptions
    raise to_exc(exc) from exc
httpcore.ConnectError: [Errno 8] nodename nor servname provided, or not known

The above exception was the direct cause of the following exception:

Traceback (most recent call last):
  File "/Users/housinsectsoffperu/Neotropical Specimens Native/scripts/ingest_csv.py", line 831, in process_row
    region_id   = resolve_region(sb, r.region)
  File "/Users/housinsectsoffperu/Neotropical Specimens Native/scripts/ingest_csv.py", line 616, in resolve_region
    rid = _upsert(sb, "global_regions", {"region_name": region_name}, "region_name")
  File "/Users/housinsectsoffperu/Neotropical Specimens Native/scripts/ingest_csv.py", line 604, in _upsert
    res = sb.table(table).upsert(row, on_conflict=on_conflict).select("id").execute()
  File "/Users/housinsectsoffperu/Neotropical Specimens Native/.venv-ingest/lib/python3.14/site-packages/postgrest/_sync/request_builder.py", line 90, in execute
    r = send_with_retry(self.request)
  File "/Users/housinsectsoffperu/Neotropical Specimens Native/.venv-ingest/lib/python3.14/site-packages/postgrest/_sync/request_builder.py", line 51, in send_with_retry
    resp = req.send(headers)
  File "/Users/housinsectsoffperu/Neotropical Specimens Native/.venv-ingest/lib/python3.14/site-packages/postgrest/base_request_builder.py", line 90, in send
    return self.session.request(
           ~~~~~~~~~~~~~~~~~~~~^
        self.http_method,
        ^^^^^^^^^^^^^^^^^
    ...<4 lines>...
        auth=self.auth,
        ^^^^^^^^^^^^^^^
    )
    ^
  File "/Users/housinsectsoffperu/Neotropical Specimens Native/.venv-ingest/lib/python3.14/site-packages/httpx/_client.py", line 825, in request
    return self.send(request, auth=auth, follow_redirects=follow_redirects)
           ~~~~~~~~~^^^^^^^^^^^^^^^^^^^^^^^^^^^^^^^^^^^^^^^^^^^^^^^^^^^^^^^
  File "/Users/housinsectsoffperu/Neotropical Specimens Native/.venv-ingest/lib/python3.14/site-packages/httpx/_client.py", line 914, in send
    response = self._send_handling_auth(
        request,
    ...<2 lines>...
        history=[],
    )
  File "/Users/housinsectsoffperu/Neotropical Specimens Native/.venv-ingest/lib/python3.14/site-packages/httpx/_client.py", line 942, in _send_handling_auth
    response = self._send_handling_redirects(
        request,
        follow_redirects=follow_redirects,
        history=history,
    )
  File "/Users/housinsectsoffperu/Neotropical Specimens Native/.venv-ingest/lib/python3.14/site-packages/httpx/_client.py", line 979, in _send_handling_redirects
    response = self._send_single_request(request)
  File "/Users/housinsectsoffperu/Neotropical Specimens Native/.venv-ingest/lib/python3.14/site-packages/httpx/_client.py", line 1014, in _send_single_request
    response = transport.handle_request(request)
  File "/Users/housinsectsoffperu/Neotropical Specimens Native/.venv-ingest/lib/python3.14/site-packages/httpx/_transports/default.py", line 249, in handle_request
    with map_httpcore_exceptions():
         ~~~~~~~~~~~~~~~~~~~~~~~^^
  File "/usr/local/Cellar/python@3.14/3.14.5/Frameworks/Python.framework/Versions/3.14/lib/python3.14/contextlib.py", line 162, in __exit__
    self.gen.throw(value)
    ~~~~~~~~~~~~~~^^^^^^^
  File "/Users/housinsectsoffperu/Neotropical Specimens Native/.venv-ingest/lib/python3.14/site-packages/httpx/_transports/default.py", line 118, in map_httpcore_exceptions
    raise mapped_exc(message) from exc
httpx.ConnectError: [Errno 8] nodename nor servname provided, or not known
2026-08-01 14:25:08  ERROR     Línea 35 [RI-034] (Lyropteryx appollonia) — ConnectError: [Errno 8] nodename nor servname provided, or not known
Traceback (most recent call last):
  File "/Users/housinsectsoffperu/Neotropical Specimens Native/.venv-ingest/lib/python3.14/site-packages/httpx/_transports/default.py", line 101, in map_httpcore_exceptions
    yield
  File "/Users/housinsectsoffperu/Neotropical Specimens Native/.venv-ingest/lib/python3.14/site-packages/httpx/_transports/default.py", line 250, in handle_request
    resp = self._pool.handle_request(req)
  File "/Users/housinsectsoffperu/Neotropical Specimens Native/.venv-ingest/lib/python3.14/site-packages/httpcore/_sync/connection_pool.py", line 256, in handle_request
    raise exc from None
  File "/Users/housinsectsoffperu/Neotropical Specimens Native/.venv-ingest/lib/python3.14/site-packages/httpcore/_sync/connection_pool.py", line 236, in handle_request
    response = connection.handle_request(
        pool_request.request
    )
  File "/Users/housinsectsoffperu/Neotropical Specimens Native/.venv-ingest/lib/python3.14/site-packages/httpcore/_sync/connection.py", line 101, in handle_request
    raise exc
  File "/Users/housinsectsoffperu/Neotropical Specimens Native/.venv-ingest/lib/python3.14/site-packages/httpcore/_sync/connection.py", line 78, in handle_request
    stream = self._connect(request)
  File "/Users/housinsectsoffperu/Neotropical Specimens Native/.venv-ingest/lib/python3.14/site-packages/httpcore/_sync/connection.py", line 124, in _connect
    stream = self._network_backend.connect_tcp(**kwargs)
  File "/Users/housinsectsoffperu/Neotropical Specimens Native/.venv-ingest/lib/python3.14/site-packages/httpcore/_backends/sync.py", line 207, in connect_tcp
    with map_exceptions(exc_map):
         ~~~~~~~~~~~~~~^^^^^^^^^
  File "/usr/local/Cellar/python@3.14/3.14.5/Frameworks/Python.framework/Versions/3.14/lib/python3.14/contextlib.py", line 162, in __exit__
    self.gen.throw(value)
    ~~~~~~~~~~~~~~^^^^^^^
  File "/Users/housinsectsoffperu/Neotropical Specimens Native/.venv-ingest/lib/python3.14/site-packages/httpcore/_exceptions.py", line 14, in map_exceptions
    raise to_exc(exc) from exc
httpcore.ConnectError: [Errno 8] nodename nor servname provided, or not known

The above exception was the direct cause of the following exception:

Traceback (most recent call last):
  File "/Users/housinsectsoffperu/Neotropical Specimens Native/scripts/ingest_csv.py", line 831, in process_row
    region_id   = resolve_region(sb, r.region)
  File "/Users/housinsectsoffperu/Neotropical Specimens Native/scripts/ingest_csv.py", line 616, in resolve_region
    rid = _upsert(sb, "global_regions", {"region_name": region_name}, "region_name")
  File "/Users/housinsectsoffperu/Neotropical Specimens Native/scripts/ingest_csv.py", line 604, in _upsert
    res = sb.table(table).upsert(row, on_conflict=on_conflict).select("id").execute()
  File "/Users/housinsectsoffperu/Neotropical Specimens Native/.venv-ingest/lib/python3.14/site-packages/postgrest/_sync/request_builder.py", line 90, in execute
    r = send_with_retry(self.request)
  File "/Users/housinsectsoffperu/Neotropical Specimens Native/.venv-ingest/lib/python3.14/site-packages/postgrest/_sync/request_builder.py", line 51, in send_with_retry
    resp = req.send(headers)
  File "/Users/housinsectsoffperu/Neotropical Specimens Native/.venv-ingest/lib/python3.14/site-packages/postgrest/base_request_builder.py", line 90, in send
    return self.session.request(
           ~~~~~~~~~~~~~~~~~~~~^
        self.http_method,
        ^^^^^^^^^^^^^^^^^
    ...<4 lines>...
        auth=self.auth,
        ^^^^^^^^^^^^^^^
    )
    ^
  File "/Users/housinsectsoffperu/Neotropical Specimens Native/.venv-ingest/lib/python3.14/site-packages/httpx/_client.py", line 825, in request
    return self.send(request, auth=auth, follow_redirects=follow_redirects)
           ~~~~~~~~~^^^^^^^^^^^^^^^^^^^^^^^^^^^^^^^^^^^^^^^^^^^^^^^^^^^^^^^
  File "/Users/housinsectsoffperu/Neotropical Specimens Native/.venv-ingest/lib/python3.14/site-packages/httpx/_client.py", line 914, in send
    response = self._send_handling_auth(
        request,
    ...<2 lines>...
        history=[],
    )
  File "/Users/housinsectsoffperu/Neotropical Specimens Native/.venv-ingest/lib/python3.14/site-packages/httpx/_client.py", line 942, in _send_handling_auth
    response = self._send_handling_redirects(
        request,
        follow_redirects=follow_redirects,
        history=history,
    )
  File "/Users/housinsectsoffperu/Neotropical Specimens Native/.venv-ingest/lib/python3.14/site-packages/httpx/_client.py", line 979, in _send_handling_redirects
    response = self._send_single_request(request)
  File "/Users/housinsectsoffperu/Neotropical Specimens Native/.venv-ingest/lib/python3.14/site-packages/httpx/_client.py", line 1014, in _send_single_request
    response = transport.handle_request(request)
  File "/Users/housinsectsoffperu/Neotropical Specimens Native/.venv-ingest/lib/python3.14/site-packages/httpx/_transports/default.py", line 249, in handle_request
    with map_httpcore_exceptions():
         ~~~~~~~~~~~~~~~~~~~~~~~^^
  File "/usr/local/Cellar/python@3.14/3.14.5/Frameworks/Python.framework/Versions/3.14/lib/python3.14/contextlib.py", line 162, in __exit__
    self.gen.throw(value)
    ~~~~~~~~~~~~~~^^^^^^^
  File "/Users/housinsectsoffperu/Neotropical Specimens Native/.venv-ingest/lib/python3.14/site-packages/httpx/_transports/default.py", line 118, in map_httpcore_exceptions
    raise mapped_exc(message) from exc
httpx.ConnectError: [Errno 8] nodename nor servname provided, or not known
2026-08-01 14:25:08  ERROR     Línea 36 [RI-035] (Mesosemia loruhama) — ConnectError: [Errno 8] nodename nor servname provided, or not known
Traceback (most recent call last):
  File "/Users/housinsectsoffperu/Neotropical Specimens Native/.venv-ingest/lib/python3.14/site-packages/httpx/_transports/default.py", line 101, in map_httpcore_exceptions
    yield
  File "/Users/housinsectsoffperu/Neotropical Specimens Native/.venv-ingest/lib/python3.14/site-packages/httpx/_transports/default.py", line 250, in handle_request
    resp = self._pool.handle_request(req)
  File "/Users/housinsectsoffperu/Neotropical Specimens Native/.venv-ingest/lib/python3.14/site-packages/httpcore/_sync/connection_pool.py", line 256, in handle_request
    raise exc from None
  File "/Users/housinsectsoffperu/Neotropical Specimens Native/.venv-ingest/lib/python3.14/site-packages/httpcore/_sync/connection_pool.py", line 236, in handle_request
    response = connection.handle_request(
        pool_request.request
    )
  File "/Users/housinsectsoffperu/Neotropical Specimens Native/.venv-ingest/lib/python3.14/site-packages/httpcore/_sync/connection.py", line 101, in handle_request
    raise exc
  File "/Users/housinsectsoffperu/Neotropical Specimens Native/.venv-ingest/lib/python3.14/site-packages/httpcore/_sync/connection.py", line 78, in handle_request
    stream = self._connect(request)
  File "/Users/housinsectsoffperu/Neotropical Specimens Native/.venv-ingest/lib/python3.14/site-packages/httpcore/_sync/connection.py", line 124, in _connect
    stream = self._network_backend.connect_tcp(**kwargs)
  File "/Users/housinsectsoffperu/Neotropical Specimens Native/.venv-ingest/lib/python3.14/site-packages/httpcore/_backends/sync.py", line 207, in connect_tcp
    with map_exceptions(exc_map):
         ~~~~~~~~~~~~~~^^^^^^^^^
  File "/usr/local/Cellar/python@3.14/3.14.5/Frameworks/Python.framework/Versions/3.14/lib/python3.14/contextlib.py", line 162, in __exit__
    self.gen.throw(value)
    ~~~~~~~~~~~~~~^^^^^^^
  File "/Users/housinsectsoffperu/Neotropical Specimens Native/.venv-ingest/lib/python3.14/site-packages/httpcore/_exceptions.py", line 14, in map_exceptions
    raise to_exc(exc) from exc
httpcore.ConnectError: [Errno 8] nodename nor servname provided, or not known

The above exception was the direct cause of the following exception:

Traceback (most recent call last):
  File "/Users/housinsectsoffperu/Neotropical Specimens Native/scripts/ingest_csv.py", line 831, in process_row
    region_id   = resolve_region(sb, r.region)
  File "/Users/housinsectsoffperu/Neotropical Specimens Native/scripts/ingest_csv.py", line 616, in resolve_region
    rid = _upsert(sb, "global_regions", {"region_name": region_name}, "region_name")
  File "/Users/housinsectsoffperu/Neotropical Specimens Native/scripts/ingest_csv.py", line 604, in _upsert
    res = sb.table(table).upsert(row, on_conflict=on_conflict).select("id").execute()
  File "/Users/housinsectsoffperu/Neotropical Specimens Native/.venv-ingest/lib/python3.14/site-packages/postgrest/_sync/request_builder.py", line 90, in execute
    r = send_with_retry(self.request)
  File "/Users/housinsectsoffperu/Neotropical Specimens Native/.venv-ingest/lib/python3.14/site-packages/postgrest/_sync/request_builder.py", line 51, in send_with_retry
    resp = req.send(headers)
  File "/Users/housinsectsoffperu/Neotropical Specimens Native/.venv-ingest/lib/python3.14/site-packages/postgrest/base_request_builder.py", line 90, in send
    return self.session.request(
           ~~~~~~~~~~~~~~~~~~~~^
        self.http_method,
        ^^^^^^^^^^^^^^^^^
    ...<4 lines>...
        auth=self.auth,
        ^^^^^^^^^^^^^^^
    )
    ^
  File "/Users/housinsectsoffperu/Neotropical Specimens Native/.venv-ingest/lib/python3.14/site-packages/httpx/_client.py", line 825, in request
    return self.send(request, auth=auth, follow_redirects=follow_redirects)
           ~~~~~~~~~^^^^^^^^^^^^^^^^^^^^^^^^^^^^^^^^^^^^^^^^^^^^^^^^^^^^^^^
  File "/Users/housinsectsoffperu/Neotropical Specimens Native/.venv-ingest/lib/python3.14/site-packages/httpx/_client.py", line 914, in send
    response = self._send_handling_auth(
        request,
    ...<2 lines>...
        history=[],
    )
  File "/Users/housinsectsoffperu/Neotropical Specimens Native/.venv-ingest/lib/python3.14/site-packages/httpx/_client.py", line 942, in _send_handling_auth
    response = self._send_handling_redirects(
        request,
        follow_redirects=follow_redirects,
        history=history,
    )
  File "/Users/housinsectsoffperu/Neotropical Specimens Native/.venv-ingest/lib/python3.14/site-packages/httpx/_client.py", line 979, in _send_handling_redirects
    response = self._send_single_request(request)
  File "/Users/housinsectsoffperu/Neotropical Specimens Native/.venv-ingest/lib/python3.14/site-packages/httpx/_client.py", line 1014, in _send_single_request
    response = transport.handle_request(request)
  File "/Users/housinsectsoffperu/Neotropical Specimens Native/.venv-ingest/lib/python3.14/site-packages/httpx/_transports/default.py", line 249, in handle_request
    with map_httpcore_exceptions():
         ~~~~~~~~~~~~~~~~~~~~~~~^^
  File "/usr/local/Cellar/python@3.14/3.14.5/Frameworks/Python.framework/Versions/3.14/lib/python3.14/contextlib.py", line 162, in __exit__
    self.gen.throw(value)
    ~~~~~~~~~~~~~~^^^^^^^
  File "/Users/housinsectsoffperu/Neotropical Specimens Native/.venv-ingest/lib/python3.14/site-packages/httpx/_transports/default.py", line 118, in map_httpcore_exceptions
    raise mapped_exc(message) from exc
httpx.ConnectError: [Errno 8] nodename nor servname provided, or not known
2026-08-01 14:25:08  ERROR     Línea 37 [RI-036] (Necyria bellona juturna) — ConnectError: [Errno 8] nodename nor servname provided, or not known
Traceback (most recent call last):
  File "/Users/housinsectsoffperu/Neotropical Specimens Native/.venv-ingest/lib/python3.14/site-packages/httpx/_transports/default.py", line 101, in map_httpcore_exceptions
    yield
  File "/Users/housinsectsoffperu/Neotropical Specimens Native/.venv-ingest/lib/python3.14/site-packages/httpx/_transports/default.py", line 250, in handle_request
    resp = self._pool.handle_request(req)
  File "/Users/housinsectsoffperu/Neotropical Specimens Native/.venv-ingest/lib/python3.14/site-packages/httpcore/_sync/connection_pool.py", line 256, in handle_request
    raise exc from None
  File "/Users/housinsectsoffperu/Neotropical Specimens Native/.venv-ingest/lib/python3.14/site-packages/httpcore/_sync/connection_pool.py", line 236, in handle_request
    response = connection.handle_request(
        pool_request.request
    )
  File "/Users/housinsectsoffperu/Neotropical Specimens Native/.venv-ingest/lib/python3.14/site-packages/httpcore/_sync/connection.py", line 101, in handle_request
    raise exc
  File "/Users/housinsectsoffperu/Neotropical Specimens Native/.venv-ingest/lib/python3.14/site-packages/httpcore/_sync/connection.py", line 78, in handle_request
    stream = self._connect(request)
  File "/Users/housinsectsoffperu/Neotropical Specimens Native/.venv-ingest/lib/python3.14/site-packages/httpcore/_sync/connection.py", line 124, in _connect
    stream = self._network_backend.connect_tcp(**kwargs)
  File "/Users/housinsectsoffperu/Neotropical Specimens Native/.venv-ingest/lib/python3.14/site-packages/httpcore/_backends/sync.py", line 207, in connect_tcp
    with map_exceptions(exc_map):
         ~~~~~~~~~~~~~~^^^^^^^^^
  File "/usr/local/Cellar/python@3.14/3.14.5/Frameworks/Python.framework/Versions/3.14/lib/python3.14/contextlib.py", line 162, in __exit__
    self.gen.throw(value)
    ~~~~~~~~~~~~~~^^^^^^^
  File "/Users/housinsectsoffperu/Neotropical Specimens Native/.venv-ingest/lib/python3.14/site-packages/httpcore/_exceptions.py", line 14, in map_exceptions
    raise to_exc(exc) from exc
httpcore.ConnectError: [Errno 8] nodename nor servname provided, or not known

The above exception was the direct cause of the following exception:

Traceback (most recent call last):
  File "/Users/housinsectsoffperu/Neotropical Specimens Native/scripts/ingest_csv.py", line 831, in process_row
    region_id   = resolve_region(sb, r.region)
  File "/Users/housinsectsoffperu/Neotropical Specimens Native/scripts/ingest_csv.py", line 616, in resolve_region
    rid = _upsert(sb, "global_regions", {"region_name": region_name}, "region_name")
  File "/Users/housinsectsoffperu/Neotropical Specimens Native/scripts/ingest_csv.py", line 604, in _upsert
    res = sb.table(table).upsert(row, on_conflict=on_conflict).select("id").execute()
  File "/Users/housinsectsoffperu/Neotropical Specimens Native/.venv-ingest/lib/python3.14/site-packages/postgrest/_sync/request_builder.py", line 90, in execute
    r = send_with_retry(self.request)
  File "/Users/housinsectsoffperu/Neotropical Specimens Native/.venv-ingest/lib/python3.14/site-packages/postgrest/_sync/request_builder.py", line 51, in send_with_retry
    resp = req.send(headers)
  File "/Users/housinsectsoffperu/Neotropical Specimens Native/.venv-ingest/lib/python3.14/site-packages/postgrest/base_request_builder.py", line 90, in send
    return self.session.request(
           ~~~~~~~~~~~~~~~~~~~~^
        self.http_method,
        ^^^^^^^^^^^^^^^^^
    ...<4 lines>...
        auth=self.auth,
        ^^^^^^^^^^^^^^^
    )
    ^
  File "/Users/housinsectsoffperu/Neotropical Specimens Native/.venv-ingest/lib/python3.14/site-packages/httpx/_client.py", line 825, in request
    return self.send(request, auth=auth, follow_redirects=follow_redirects)
           ~~~~~~~~~^^^^^^^^^^^^^^^^^^^^^^^^^^^^^^^^^^^^^^^^^^^^^^^^^^^^^^^
  File "/Users/housinsectsoffperu/Neotropical Specimens Native/.venv-ingest/lib/python3.14/site-packages/httpx/_client.py", line 914, in send
    response = self._send_handling_auth(
        request,
    ...<2 lines>...
        history=[],
    )
  File "/Users/housinsectsoffperu/Neotropical Specimens Native/.venv-ingest/lib/python3.14/site-packages/httpx/_client.py", line 942, in _send_handling_auth
    response = self._send_handling_redirects(
        request,
        follow_redirects=follow_redirects,
        history=history,
    )
  File "/Users/housinsectsoffperu/Neotropical Specimens Native/.venv-ingest/lib/python3.14/site-packages/httpx/_client.py", line 979, in _send_handling_redirects
    response = self._send_single_request(request)
  File "/Users/housinsectsoffperu/Neotropical Specimens Native/.venv-ingest/lib/python3.14/site-packages/httpx/_client.py", line 1014, in _send_single_request
    response = transport.handle_request(request)
  File "/Users/housinsectsoffperu/Neotropical Specimens Native/.venv-ingest/lib/python3.14/site-packages/httpx/_transports/default.py", line 249, in handle_request
    with map_httpcore_exceptions():
         ~~~~~~~~~~~~~~~~~~~~~~~^^
  File "/usr/local/Cellar/python@3.14/3.14.5/Frameworks/Python.framework/Versions/3.14/lib/python3.14/contextlib.py", line 162, in __exit__
    self.gen.throw(value)
    ~~~~~~~~~~~~~~^^^^^^^
  File "/Users/housinsectsoffperu/Neotropical Specimens Native/.venv-ingest/lib/python3.14/site-packages/httpx/_transports/default.py", line 118, in map_httpcore_exceptions
    raise mapped_exc(message) from exc
httpx.ConnectError: [Errno 8] nodename nor servname provided, or not known
2026-08-01 14:25:08  ERROR     Línea 38 [RI-037] (Necyria bellona westwoodi) — ConnectError: [Errno 8] nodename nor servname provided, or not known
Traceback (most recent call last):
  File "/Users/housinsectsoffperu/Neotropical Specimens Native/.venv-ingest/lib/python3.14/site-packages/httpx/_transports/default.py", line 101, in map_httpcore_exceptions
    yield
  File "/Users/housinsectsoffperu/Neotropical Specimens Native/.venv-ingest/lib/python3.14/site-packages/httpx/_transports/default.py", line 250, in handle_request
    resp = self._pool.handle_request(req)
  File "/Users/housinsectsoffperu/Neotropical Specimens Native/.venv-ingest/lib/python3.14/site-packages/httpcore/_sync/connection_pool.py", line 256, in handle_request
    raise exc from None
  File "/Users/housinsectsoffperu/Neotropical Specimens Native/.venv-ingest/lib/python3.14/site-packages/httpcore/_sync/connection_pool.py", line 236, in handle_request
    response = connection.handle_request(
        pool_request.request
    )
  File "/Users/housinsectsoffperu/Neotropical Specimens Native/.venv-ingest/lib/python3.14/site-packages/httpcore/_sync/connection.py", line 101, in handle_request
    raise exc
  File "/Users/housinsectsoffperu/Neotropical Specimens Native/.venv-ingest/lib/python3.14/site-packages/httpcore/_sync/connection.py", line 78, in handle_request
    stream = self._connect(request)
  File "/Users/housinsectsoffperu/Neotropical Specimens Native/.venv-ingest/lib/python3.14/site-packages/httpcore/_sync/connection.py", line 124, in _connect
    stream = self._network_backend.connect_tcp(**kwargs)
  File "/Users/housinsectsoffperu/Neotropical Specimens Native/.venv-ingest/lib/python3.14/site-packages/httpcore/_backends/sync.py", line 207, in connect_tcp
    with map_exceptions(exc_map):
         ~~~~~~~~~~~~~~^^^^^^^^^
  File "/usr/local/Cellar/python@3.14/3.14.5/Frameworks/Python.framework/Versions/3.14/lib/python3.14/contextlib.py", line 162, in __exit__
    self.gen.throw(value)
    ~~~~~~~~~~~~~~^^^^^^^
  File "/Users/housinsectsoffperu/Neotropical Specimens Native/.venv-ingest/lib/python3.14/site-packages/httpcore/_exceptions.py", line 14, in map_exceptions
    raise to_exc(exc) from exc
httpcore.ConnectError: [Errno 8] nodename nor servname provided, or not known

The above exception was the direct cause of the following exception:

Traceback (most recent call last):
  File "/Users/housinsectsoffperu/Neotropical Specimens Native/scripts/ingest_csv.py", line 831, in process_row
    region_id   = resolve_region(sb, r.region)
  File "/Users/housinsectsoffperu/Neotropical Specimens Native/scripts/ingest_csv.py", line 616, in resolve_region
    rid = _upsert(sb, "global_regions", {"region_name": region_name}, "region_name")
  File "/Users/housinsectsoffperu/Neotropical Specimens Native/scripts/ingest_csv.py", line 604, in _upsert
    res = sb.table(table).upsert(row, on_conflict=on_conflict).select("id").execute()
  File "/Users/housinsectsoffperu/Neotropical Specimens Native/.venv-ingest/lib/python3.14/site-packages/postgrest/_sync/request_builder.py", line 90, in execute
    r = send_with_retry(self.request)
  File "/Users/housinsectsoffperu/Neotropical Specimens Native/.venv-ingest/lib/python3.14/site-packages/postgrest/_sync/request_builder.py", line 51, in send_with_retry
    resp = req.send(headers)
  File "/Users/housinsectsoffperu/Neotropical Specimens Native/.venv-ingest/lib/python3.14/site-packages/postgrest/base_request_builder.py", line 90, in send
    return self.session.request(
           ~~~~~~~~~~~~~~~~~~~~^
        self.http_method,
        ^^^^^^^^^^^^^^^^^
    ...<4 lines>...
        auth=self.auth,
        ^^^^^^^^^^^^^^^
    )
    ^
  File "/Users/housinsectsoffperu/Neotropical Specimens Native/.venv-ingest/lib/python3.14/site-packages/httpx/_client.py", line 825, in request
    return self.send(request, auth=auth, follow_redirects=follow_redirects)
           ~~~~~~~~~^^^^^^^^^^^^^^^^^^^^^^^^^^^^^^^^^^^^^^^^^^^^^^^^^^^^^^^
  File "/Users/housinsectsoffperu/Neotropical Specimens Native/.venv-ingest/lib/python3.14/site-packages/httpx/_client.py", line 914, in send
    response = self._send_handling_auth(
        request,
    ...<2 lines>...
        history=[],
    )
  File "/Users/housinsectsoffperu/Neotropical Specimens Native/.venv-ingest/lib/python3.14/site-packages/httpx/_client.py", line 942, in _send_handling_auth
    response = self._send_handling_redirects(
        request,
        follow_redirects=follow_redirects,
        history=history,
    )
  File "/Users/housinsectsoffperu/Neotropical Specimens Native/.venv-ingest/lib/python3.14/site-packages/httpx/_client.py", line 979, in _send_handling_redirects
    response = self._send_single_request(request)
  File "/Users/housinsectsoffperu/Neotropical Specimens Native/.venv-ingest/lib/python3.14/site-packages/httpx/_client.py", line 1014, in _send_single_request
    response = transport.handle_request(request)
  File "/Users/housinsectsoffperu/Neotropical Specimens Native/.venv-ingest/lib/python3.14/site-packages/httpx/_transports/default.py", line 249, in handle_request
    with map_httpcore_exceptions():
         ~~~~~~~~~~~~~~~~~~~~~~~^^
  File "/usr/local/Cellar/python@3.14/3.14.5/Frameworks/Python.framework/Versions/3.14/lib/python3.14/contextlib.py", line 162, in __exit__
    self.gen.throw(value)
    ~~~~~~~~~~~~~~^^^^^^^
  File "/Users/housinsectsoffperu/Neotropical Specimens Native/.venv-ingest/lib/python3.14/site-packages/httpx/_transports/default.py", line 118, in map_httpcore_exceptions
    raise mapped_exc(message) from exc
httpx.ConnectError: [Errno 8] nodename nor servname provided, or not known
2026-08-01 14:25:08  ERROR     Línea 39 [RI-038] (Necyria bellona westwoodi) — ConnectError: [Errno 8] nodename nor servname provided, or not known
Traceback (most recent call last):
  File "/Users/housinsectsoffperu/Neotropical Specimens Native/.venv-ingest/lib/python3.14/site-packages/httpx/_transports/default.py", line 101, in map_httpcore_exceptions
    yield
  File "/Users/housinsectsoffperu/Neotropical Specimens Native/.venv-ingest/lib/python3.14/site-packages/httpx/_transports/default.py", line 250, in handle_request
    resp = self._pool.handle_request(req)
  File "/Users/housinsectsoffperu/Neotropical Specimens Native/.venv-ingest/lib/python3.14/site-packages/httpcore/_sync/connection_pool.py", line 256, in handle_request
    raise exc from None
  File "/Users/housinsectsoffperu/Neotropical Specimens Native/.venv-ingest/lib/python3.14/site-packages/httpcore/_sync/connection_pool.py", line 236, in handle_request
    response = connection.handle_request(
        pool_request.request
    )
  File "/Users/housinsectsoffperu/Neotropical Specimens Native/.venv-ingest/lib/python3.14/site-packages/httpcore/_sync/connection.py", line 101, in handle_request
    raise exc
  File "/Users/housinsectsoffperu/Neotropical Specimens Native/.venv-ingest/lib/python3.14/site-packages/httpcore/_sync/connection.py", line 78, in handle_request
    stream = self._connect(request)
  File "/Users/housinsectsoffperu/Neotropical Specimens Native/.venv-ingest/lib/python3.14/site-packages/httpcore/_sync/connection.py", line 124, in _connect
    stream = self._network_backend.connect_tcp(**kwargs)
  File "/Users/housinsectsoffperu/Neotropical Specimens Native/.venv-ingest/lib/python3.14/site-packages/httpcore/_backends/sync.py", line 207, in connect_tcp
    with map_exceptions(exc_map):
         ~~~~~~~~~~~~~~^^^^^^^^^
  File "/usr/local/Cellar/python@3.14/3.14.5/Frameworks/Python.framework/Versions/3.14/lib/python3.14/contextlib.py", line 162, in __exit__
    self.gen.throw(value)
    ~~~~~~~~~~~~~~^^^^^^^
  File "/Users/housinsectsoffperu/Neotropical Specimens Native/.venv-ingest/lib/python3.14/site-packages/httpcore/_exceptions.py", line 14, in map_exceptions
    raise to_exc(exc) from exc
httpcore.ConnectError: [Errno 8] nodename nor servname provided, or not known

The above exception was the direct cause of the following exception:

Traceback (most recent call last):
  File "/Users/housinsectsoffperu/Neotropical Specimens Native/scripts/ingest_csv.py", line 831, in process_row
    region_id   = resolve_region(sb, r.region)
  File "/Users/housinsectsoffperu/Neotropical Specimens Native/scripts/ingest_csv.py", line 616, in resolve_region
    rid = _upsert(sb, "global_regions", {"region_name": region_name}, "region_name")
  File "/Users/housinsectsoffperu/Neotropical Specimens Native/scripts/ingest_csv.py", line 604, in _upsert
    res = sb.table(table).upsert(row, on_conflict=on_conflict).select("id").execute()
  File "/Users/housinsectsoffperu/Neotropical Specimens Native/.venv-ingest/lib/python3.14/site-packages/postgrest/_sync/request_builder.py", line 90, in execute
    r = send_with_retry(self.request)
  File "/Users/housinsectsoffperu/Neotropical Specimens Native/.venv-ingest/lib/python3.14/site-packages/postgrest/_sync/request_builder.py", line 51, in send_with_retry
    resp = req.send(headers)
  File "/Users/housinsectsoffperu/Neotropical Specimens Native/.venv-ingest/lib/python3.14/site-packages/postgrest/base_request_builder.py", line 90, in send
    return self.session.request(
           ~~~~~~~~~~~~~~~~~~~~^
        self.http_method,
        ^^^^^^^^^^^^^^^^^
    ...<4 lines>...
        auth=self.auth,
        ^^^^^^^^^^^^^^^
    )
    ^
  File "/Users/housinsectsoffperu/Neotropical Specimens Native/.venv-ingest/lib/python3.14/site-packages/httpx/_client.py", line 825, in request
    return self.send(request, auth=auth, follow_redirects=follow_redirects)
           ~~~~~~~~~^^^^^^^^^^^^^^^^^^^^^^^^^^^^^^^^^^^^^^^^^^^^^^^^^^^^^^^
  File "/Users/housinsectsoffperu/Neotropical Specimens Native/.venv-ingest/lib/python3.14/site-packages/httpx/_client.py", line 914, in send
    response = self._send_handling_auth(
        request,
    ...<2 lines>...
        history=[],
    )
  File "/Users/housinsectsoffperu/Neotropical Specimens Native/.venv-ingest/lib/python3.14/site-packages/httpx/_client.py", line 942, in _send_handling_auth
    response = self._send_handling_redirects(
        request,
        follow_redirects=follow_redirects,
        history=history,
    )
  File "/Users/housinsectsoffperu/Neotropical Specimens Native/.venv-ingest/lib/python3.14/site-packages/httpx/_client.py", line 979, in _send_handling_redirects
    response = self._send_single_request(request)
  File "/Users/housinsectsoffperu/Neotropical Specimens Native/.venv-ingest/lib/python3.14/site-packages/httpx/_client.py", line 1014, in _send_single_request
    response = transport.handle_request(request)
  File "/Users/housinsectsoffperu/Neotropical Specimens Native/.venv-ingest/lib/python3.14/site-packages/httpx/_transports/default.py", line 249, in handle_request
    with map_httpcore_exceptions():
         ~~~~~~~~~~~~~~~~~~~~~~~^^
  File "/usr/local/Cellar/python@3.14/3.14.5/Frameworks/Python.framework/Versions/3.14/lib/python3.14/contextlib.py", line 162, in __exit__
    self.gen.throw(value)
    ~~~~~~~~~~~~~~^^^^^^^
  File "/Users/housinsectsoffperu/Neotropical Specimens Native/.venv-ingest/lib/python3.14/site-packages/httpx/_transports/default.py", line 118, in map_httpcore_exceptions
    raise mapped_exc(message) from exc
httpx.ConnectError: [Errno 8] nodename nor servname provided, or not known
2026-08-01 14:25:08  ERROR     Línea 40 [RI-039] (Nymphidium cachrus) — ConnectError: [Errno 8] nodename nor servname provided, or not known
Traceback (most recent call last):
  File "/Users/housinsectsoffperu/Neotropical Specimens Native/.venv-ingest/lib/python3.14/site-packages/httpx/_transports/default.py", line 101, in map_httpcore_exceptions
    yield
  File "/Users/housinsectsoffperu/Neotropical Specimens Native/.venv-ingest/lib/python3.14/site-packages/httpx/_transports/default.py", line 250, in handle_request
    resp = self._pool.handle_request(req)
  File "/Users/housinsectsoffperu/Neotropical Specimens Native/.venv-ingest/lib/python3.14/site-packages/httpcore/_sync/connection_pool.py", line 256, in handle_request
    raise exc from None
  File "/Users/housinsectsoffperu/Neotropical Specimens Native/.venv-ingest/lib/python3.14/site-packages/httpcore/_sync/connection_pool.py", line 236, in handle_request
    response = connection.handle_request(
        pool_request.request
    )
  File "/Users/housinsectsoffperu/Neotropical Specimens Native/.venv-ingest/lib/python3.14/site-packages/httpcore/_sync/connection.py", line 101, in handle_request
    raise exc
  File "/Users/housinsectsoffperu/Neotropical Specimens Native/.venv-ingest/lib/python3.14/site-packages/httpcore/_sync/connection.py", line 78, in handle_request
    stream = self._connect(request)
  File "/Users/housinsectsoffperu/Neotropical Specimens Native/.venv-ingest/lib/python3.14/site-packages/httpcore/_sync/connection.py", line 124, in _connect
    stream = self._network_backend.connect_tcp(**kwargs)
  File "/Users/housinsectsoffperu/Neotropical Specimens Native/.venv-ingest/lib/python3.14/site-packages/httpcore/_backends/sync.py", line 207, in connect_tcp
    with map_exceptions(exc_map):
         ~~~~~~~~~~~~~~^^^^^^^^^
  File "/usr/local/Cellar/python@3.14/3.14.5/Frameworks/Python.framework/Versions/3.14/lib/python3.14/contextlib.py", line 162, in __exit__
    self.gen.throw(value)
    ~~~~~~~~~~~~~~^^^^^^^
  File "/Users/housinsectsoffperu/Neotropical Specimens Native/.venv-ingest/lib/python3.14/site-packages/httpcore/_exceptions.py", line 14, in map_exceptions
    raise to_exc(exc) from exc
httpcore.ConnectError: [Errno 8] nodename nor servname provided, or not known

The above exception was the direct cause of the following exception:

Traceback (most recent call last):
  File "/Users/housinsectsoffperu/Neotropical Specimens Native/scripts/ingest_csv.py", line 831, in process_row
    region_id   = resolve_region(sb, r.region)
  File "/Users/housinsectsoffperu/Neotropical Specimens Native/scripts/ingest_csv.py", line 616, in resolve_region
    rid = _upsert(sb, "global_regions", {"region_name": region_name}, "region_name")
  File "/Users/housinsectsoffperu/Neotropical Specimens Native/scripts/ingest_csv.py", line 604, in _upsert
    res = sb.table(table).upsert(row, on_conflict=on_conflict).select("id").execute()
  File "/Users/housinsectsoffperu/Neotropical Specimens Native/.venv-ingest/lib/python3.14/site-packages/postgrest/_sync/request_builder.py", line 90, in execute
    r = send_with_retry(self.request)
  File "/Users/housinsectsoffperu/Neotropical Specimens Native/.venv-ingest/lib/python3.14/site-packages/postgrest/_sync/request_builder.py", line 51, in send_with_retry
    resp = req.send(headers)
  File "/Users/housinsectsoffperu/Neotropical Specimens Native/.venv-ingest/lib/python3.14/site-packages/postgrest/base_request_builder.py", line 90, in send
    return self.session.request(
           ~~~~~~~~~~~~~~~~~~~~^
        self.http_method,
        ^^^^^^^^^^^^^^^^^
    ...<4 lines>...
        auth=self.auth,
        ^^^^^^^^^^^^^^^
    )
    ^
  File "/Users/housinsectsoffperu/Neotropical Specimens Native/.venv-ingest/lib/python3.14/site-packages/httpx/_client.py", line 825, in request
    return self.send(request, auth=auth, follow_redirects=follow_redirects)
           ~~~~~~~~~^^^^^^^^^^^^^^^^^^^^^^^^^^^^^^^^^^^^^^^^^^^^^^^^^^^^^^^
  File "/Users/housinsectsoffperu/Neotropical Specimens Native/.venv-ingest/lib/python3.14/site-packages/httpx/_client.py", line 914, in send
    response = self._send_handling_auth(
        request,
    ...<2 lines>...
        history=[],
    )
  File "/Users/housinsectsoffperu/Neotropical Specimens Native/.venv-ingest/lib/python3.14/site-packages/httpx/_client.py", line 942, in _send_handling_auth
    response = self._send_handling_redirects(
        request,
        follow_redirects=follow_redirects,
        history=history,
    )
  File "/Users/housinsectsoffperu/Neotropical Specimens Native/.venv-ingest/lib/python3.14/site-packages/httpx/_client.py", line 979, in _send_handling_redirects
    response = self._send_single_request(request)
  File "/Users/housinsectsoffperu/Neotropical Specimens Native/.venv-ingest/lib/python3.14/site-packages/httpx/_client.py", line 1014, in _send_single_request
    response = transport.handle_request(request)
  File "/Users/housinsectsoffperu/Neotropical Specimens Native/.venv-ingest/lib/python3.14/site-packages/httpx/_transports/default.py", line 249, in handle_request
    with map_httpcore_exceptions():
         ~~~~~~~~~~~~~~~~~~~~~~~^^
  File "/usr/local/Cellar/python@3.14/3.14.5/Frameworks/Python.framework/Versions/3.14/lib/python3.14/contextlib.py", line 162, in __exit__
    self.gen.throw(value)
    ~~~~~~~~~~~~~~^^^^^^^
  File "/Users/housinsectsoffperu/Neotropical Specimens Native/.venv-ingest/lib/python3.14/site-packages/httpx/_transports/default.py", line 118, in map_httpcore_exceptions
    raise mapped_exc(message) from exc
httpx.ConnectError: [Errno 8] nodename nor servname provided, or not known
2026-08-01 14:25:09  ERROR     Línea 41 [RI-040] (Rhetus arcius) — ConnectError: [Errno 8] nodename nor servname provided, or not known
Traceback (most recent call last):
  File "/Users/housinsectsoffperu/Neotropical Specimens Native/.venv-ingest/lib/python3.14/site-packages/httpx/_transports/default.py", line 101, in map_httpcore_exceptions
    yield
  File "/Users/housinsectsoffperu/Neotropical Specimens Native/.venv-ingest/lib/python3.14/site-packages/httpx/_transports/default.py", line 250, in handle_request
    resp = self._pool.handle_request(req)
  File "/Users/housinsectsoffperu/Neotropical Specimens Native/.venv-ingest/lib/python3.14/site-packages/httpcore/_sync/connection_pool.py", line 256, in handle_request
    raise exc from None
  File "/Users/housinsectsoffperu/Neotropical Specimens Native/.venv-ingest/lib/python3.14/site-packages/httpcore/_sync/connection_pool.py", line 236, in handle_request
    response = connection.handle_request(
        pool_request.request
    )
  File "/Users/housinsectsoffperu/Neotropical Specimens Native/.venv-ingest/lib/python3.14/site-packages/httpcore/_sync/connection.py", line 101, in handle_request
    raise exc
  File "/Users/housinsectsoffperu/Neotropical Specimens Native/.venv-ingest/lib/python3.14/site-packages/httpcore/_sync/connection.py", line 78, in handle_request
    stream = self._connect(request)
  File "/Users/housinsectsoffperu/Neotropical Specimens Native/.venv-ingest/lib/python3.14/site-packages/httpcore/_sync/connection.py", line 124, in _connect
    stream = self._network_backend.connect_tcp(**kwargs)
  File "/Users/housinsectsoffperu/Neotropical Specimens Native/.venv-ingest/lib/python3.14/site-packages/httpcore/_backends/sync.py", line 207, in connect_tcp
    with map_exceptions(exc_map):
         ~~~~~~~~~~~~~~^^^^^^^^^
  File "/usr/local/Cellar/python@3.14/3.14.5/Frameworks/Python.framework/Versions/3.14/lib/python3.14/contextlib.py", line 162, in __exit__
    self.gen.throw(value)
    ~~~~~~~~~~~~~~^^^^^^^
  File "/Users/housinsectsoffperu/Neotropical Specimens Native/.venv-ingest/lib/python3.14/site-packages/httpcore/_exceptions.py", line 14, in map_exceptions
    raise to_exc(exc) from exc
httpcore.ConnectError: [Errno 8] nodename nor servname provided, or not known

The above exception was the direct cause of the following exception:

Traceback (most recent call last):
  File "/Users/housinsectsoffperu/Neotropical Specimens Native/scripts/ingest_csv.py", line 831, in process_row
    region_id   = resolve_region(sb, r.region)
  File "/Users/housinsectsoffperu/Neotropical Specimens Native/scripts/ingest_csv.py", line 616, in resolve_region
    rid = _upsert(sb, "global_regions", {"region_name": region_name}, "region_name")
  File "/Users/housinsectsoffperu/Neotropical Specimens Native/scripts/ingest_csv.py", line 604, in _upsert
    res = sb.table(table).upsert(row, on_conflict=on_conflict).select("id").execute()
  File "/Users/housinsectsoffperu/Neotropical Specimens Native/.venv-ingest/lib/python3.14/site-packages/postgrest/_sync/request_builder.py", line 90, in execute
    r = send_with_retry(self.request)
  File "/Users/housinsectsoffperu/Neotropical Specimens Native/.venv-ingest/lib/python3.14/site-packages/postgrest/_sync/request_builder.py", line 51, in send_with_retry
    resp = req.send(headers)
  File "/Users/housinsectsoffperu/Neotropical Specimens Native/.venv-ingest/lib/python3.14/site-packages/postgrest/base_request_builder.py", line 90, in send
    return self.session.request(
           ~~~~~~~~~~~~~~~~~~~~^
        self.http_method,
        ^^^^^^^^^^^^^^^^^
    ...<4 lines>...
        auth=self.auth,
        ^^^^^^^^^^^^^^^
    )
    ^
  File "/Users/housinsectsoffperu/Neotropical Specimens Native/.venv-ingest/lib/python3.14/site-packages/httpx/_client.py", line 825, in request
    return self.send(request, auth=auth, follow_redirects=follow_redirects)
           ~~~~~~~~~^^^^^^^^^^^^^^^^^^^^^^^^^^^^^^^^^^^^^^^^^^^^^^^^^^^^^^^
  File "/Users/housinsectsoffperu/Neotropical Specimens Native/.venv-ingest/lib/python3.14/site-packages/httpx/_client.py", line 914, in send
    response = self._send_handling_auth(
        request,
    ...<2 lines>...
        history=[],
    )
  File "/Users/housinsectsoffperu/Neotropical Specimens Native/.venv-ingest/lib/python3.14/site-packages/httpx/_client.py", line 942, in _send_handling_auth
    response = self._send_handling_redirects(
        request,
        follow_redirects=follow_redirects,
        history=history,
    )
  File "/Users/housinsectsoffperu/Neotropical Specimens Native/.venv-ingest/lib/python3.14/site-packages/httpx/_client.py", line 979, in _send_handling_redirects
    response = self._send_single_request(request)
  File "/Users/housinsectsoffperu/Neotropical Specimens Native/.venv-ingest/lib/python3.14/site-packages/httpx/_client.py", line 1014, in _send_single_request
    response = transport.handle_request(request)
  File "/Users/housinsectsoffperu/Neotropical Specimens Native/.venv-ingest/lib/python3.14/site-packages/httpx/_transports/default.py", line 249, in handle_request
    with map_httpcore_exceptions():
         ~~~~~~~~~~~~~~~~~~~~~~~^^
  File "/usr/local/Cellar/python@3.14/3.14.5/Frameworks/Python.framework/Versions/3.14/lib/python3.14/contextlib.py", line 162, in __exit__
    self.gen.throw(value)
    ~~~~~~~~~~~~~~^^^^^^^
  File "/Users/housinsectsoffperu/Neotropical Specimens Native/.venv-ingest/lib/python3.14/site-packages/httpx/_transports/default.py", line 118, in map_httpcore_exceptions
    raise mapped_exc(message) from exc
httpx.ConnectError: [Errno 8] nodename nor servname provided, or not known
2026-08-01 14:25:09  ERROR     Línea 42 [RI-041] (Rhetus arcius beutelspacheri) — ConnectError: [Errno 8] nodename nor servname provided, or not known
Traceback (most recent call last):
  File "/Users/housinsectsoffperu/Neotropical Specimens Native/.venv-ingest/lib/python3.14/site-packages/httpx/_transports/default.py", line 101, in map_httpcore_exceptions
    yield
  File "/Users/housinsectsoffperu/Neotropical Specimens Native/.venv-ingest/lib/python3.14/site-packages/httpx/_transports/default.py", line 250, in handle_request
    resp = self._pool.handle_request(req)
  File "/Users/housinsectsoffperu/Neotropical Specimens Native/.venv-ingest/lib/python3.14/site-packages/httpcore/_sync/connection_pool.py", line 256, in handle_request
    raise exc from None
  File "/Users/housinsectsoffperu/Neotropical Specimens Native/.venv-ingest/lib/python3.14/site-packages/httpcore/_sync/connection_pool.py", line 236, in handle_request
    response = connection.handle_request(
        pool_request.request
    )
  File "/Users/housinsectsoffperu/Neotropical Specimens Native/.venv-ingest/lib/python3.14/site-packages/httpcore/_sync/connection.py", line 101, in handle_request
    raise exc
  File "/Users/housinsectsoffperu/Neotropical Specimens Native/.venv-ingest/lib/python3.14/site-packages/httpcore/_sync/connection.py", line 78, in handle_request
    stream = self._connect(request)
  File "/Users/housinsectsoffperu/Neotropical Specimens Native/.venv-ingest/lib/python3.14/site-packages/httpcore/_sync/connection.py", line 124, in _connect
    stream = self._network_backend.connect_tcp(**kwargs)
  File "/Users/housinsectsoffperu/Neotropical Specimens Native/.venv-ingest/lib/python3.14/site-packages/httpcore/_backends/sync.py", line 207, in connect_tcp
    with map_exceptions(exc_map):
         ~~~~~~~~~~~~~~^^^^^^^^^
  File "/usr/local/Cellar/python@3.14/3.14.5/Frameworks/Python.framework/Versions/3.14/lib/python3.14/contextlib.py", line 162, in __exit__
    self.gen.throw(value)
    ~~~~~~~~~~~~~~^^^^^^^
  File "/Users/housinsectsoffperu/Neotropical Specimens Native/.venv-ingest/lib/python3.14/site-packages/httpcore/_exceptions.py", line 14, in map_exceptions
    raise to_exc(exc) from exc
httpcore.ConnectError: [Errno 8] nodename nor servname provided, or not known

The above exception was the direct cause of the following exception:

Traceback (most recent call last):
  File "/Users/housinsectsoffperu/Neotropical Specimens Native/scripts/ingest_csv.py", line 831, in process_row
    region_id   = resolve_region(sb, r.region)
  File "/Users/housinsectsoffperu/Neotropical Specimens Native/scripts/ingest_csv.py", line 616, in resolve_region
    rid = _upsert(sb, "global_regions", {"region_name": region_name}, "region_name")
  File "/Users/housinsectsoffperu/Neotropical Specimens Native/scripts/ingest_csv.py", line 604, in _upsert
    res = sb.table(table).upsert(row, on_conflict=on_conflict).select("id").execute()
  File "/Users/housinsectsoffperu/Neotropical Specimens Native/.venv-ingest/lib/python3.14/site-packages/postgrest/_sync/request_builder.py", line 90, in execute
    r = send_with_retry(self.request)
  File "/Users/housinsectsoffperu/Neotropical Specimens Native/.venv-ingest/lib/python3.14/site-packages/postgrest/_sync/request_builder.py", line 51, in send_with_retry
    resp = req.send(headers)
  File "/Users/housinsectsoffperu/Neotropical Specimens Native/.venv-ingest/lib/python3.14/site-packages/postgrest/base_request_builder.py", line 90, in send
    return self.session.request(
           ~~~~~~~~~~~~~~~~~~~~^
        self.http_method,
        ^^^^^^^^^^^^^^^^^
    ...<4 lines>...
        auth=self.auth,
        ^^^^^^^^^^^^^^^
    )
    ^
  File "/Users/housinsectsoffperu/Neotropical Specimens Native/.venv-ingest/lib/python3.14/site-packages/httpx/_client.py", line 825, in request
    return self.send(request, auth=auth, follow_redirects=follow_redirects)
           ~~~~~~~~~^^^^^^^^^^^^^^^^^^^^^^^^^^^^^^^^^^^^^^^^^^^^^^^^^^^^^^^
  File "/Users/housinsectsoffperu/Neotropical Specimens Native/.venv-ingest/lib/python3.14/site-packages/httpx/_client.py", line 914, in send
    response = self._send_handling_auth(
        request,
    ...<2 lines>...
        history=[],
    )
  File "/Users/housinsectsoffperu/Neotropical Specimens Native/.venv-ingest/lib/python3.14/site-packages/httpx/_client.py", line 942, in _send_handling_auth
    response = self._send_handling_redirects(
        request,
        follow_redirects=follow_redirects,
        history=history,
    )
  File "/Users/housinsectsoffperu/Neotropical Specimens Native/.venv-ingest/lib/python3.14/site-packages/httpx/_client.py", line 979, in _send_handling_redirects
    response = self._send_single_request(request)
  File "/Users/housinsectsoffperu/Neotropical Specimens Native/.venv-ingest/lib/python3.14/site-packages/httpx/_client.py", line 1014, in _send_single_request
    response = transport.handle_request(request)
  File "/Users/housinsectsoffperu/Neotropical Specimens Native/.venv-ingest/lib/python3.14/site-packages/httpx/_transports/default.py", line 249, in handle_request
    with map_httpcore_exceptions():
         ~~~~~~~~~~~~~~~~~~~~~~~^^
  File "/usr/local/Cellar/python@3.14/3.14.5/Frameworks/Python.framework/Versions/3.14/lib/python3.14/contextlib.py", line 162, in __exit__
    self.gen.throw(value)
    ~~~~~~~~~~~~~~^^^^^^^
  File "/Users/housinsectsoffperu/Neotropical Specimens Native/.venv-ingest/lib/python3.14/site-packages/httpx/_transports/default.py", line 118, in map_httpcore_exceptions
    raise mapped_exc(message) from exc
httpx.ConnectError: [Errno 8] nodename nor servname provided, or not known
2026-08-01 14:25:09  ERROR     Línea 43 [RI-042] (Rhetus dysoni) — ConnectError: [Errno 8] nodename nor servname provided, or not known
Traceback (most recent call last):
  File "/Users/housinsectsoffperu/Neotropical Specimens Native/.venv-ingest/lib/python3.14/site-packages/httpx/_transports/default.py", line 101, in map_httpcore_exceptions
    yield
  File "/Users/housinsectsoffperu/Neotropical Specimens Native/.venv-ingest/lib/python3.14/site-packages/httpx/_transports/default.py", line 250, in handle_request
    resp = self._pool.handle_request(req)
  File "/Users/housinsectsoffperu/Neotropical Specimens Native/.venv-ingest/lib/python3.14/site-packages/httpcore/_sync/connection_pool.py", line 256, in handle_request
    raise exc from None
  File "/Users/housinsectsoffperu/Neotropical Specimens Native/.venv-ingest/lib/python3.14/site-packages/httpcore/_sync/connection_pool.py", line 236, in handle_request
    response = connection.handle_request(
        pool_request.request
    )
  File "/Users/housinsectsoffperu/Neotropical Specimens Native/.venv-ingest/lib/python3.14/site-packages/httpcore/_sync/connection.py", line 101, in handle_request
    raise exc
  File "/Users/housinsectsoffperu/Neotropical Specimens Native/.venv-ingest/lib/python3.14/site-packages/httpcore/_sync/connection.py", line 78, in handle_request
    stream = self._connect(request)
  File "/Users/housinsectsoffperu/Neotropical Specimens Native/.venv-ingest/lib/python3.14/site-packages/httpcore/_sync/connection.py", line 124, in _connect
    stream = self._network_backend.connect_tcp(**kwargs)
  File "/Users/housinsectsoffperu/Neotropical Specimens Native/.venv-ingest/lib/python3.14/site-packages/httpcore/_backends/sync.py", line 207, in connect_tcp
    with map_exceptions(exc_map):
         ~~~~~~~~~~~~~~^^^^^^^^^
  File "/usr/local/Cellar/python@3.14/3.14.5/Frameworks/Python.framework/Versions/3.14/lib/python3.14/contextlib.py", line 162, in __exit__
    self.gen.throw(value)
    ~~~~~~~~~~~~~~^^^^^^^
  File "/Users/housinsectsoffperu/Neotropical Specimens Native/.venv-ingest/lib/python3.14/site-packages/httpcore/_exceptions.py", line 14, in map_exceptions
    raise to_exc(exc) from exc
httpcore.ConnectError: [Errno 8] nodename nor servname provided, or not known

The above exception was the direct cause of the following exception:

Traceback (most recent call last):
  File "/Users/housinsectsoffperu/Neotropical Specimens Native/scripts/ingest_csv.py", line 831, in process_row
    region_id   = resolve_region(sb, r.region)
  File "/Users/housinsectsoffperu/Neotropical Specimens Native/scripts/ingest_csv.py", line 616, in resolve_region
    rid = _upsert(sb, "global_regions", {"region_name": region_name}, "region_name")
  File "/Users/housinsectsoffperu/Neotropical Specimens Native/scripts/ingest_csv.py", line 604, in _upsert
    res = sb.table(table).upsert(row, on_conflict=on_conflict).select("id").execute()
  File "/Users/housinsectsoffperu/Neotropical Specimens Native/.venv-ingest/lib/python3.14/site-packages/postgrest/_sync/request_builder.py", line 90, in execute
    r = send_with_retry(self.request)
  File "/Users/housinsectsoffperu/Neotropical Specimens Native/.venv-ingest/lib/python3.14/site-packages/postgrest/_sync/request_builder.py", line 51, in send_with_retry
    resp = req.send(headers)
  File "/Users/housinsectsoffperu/Neotropical Specimens Native/.venv-ingest/lib/python3.14/site-packages/postgrest/base_request_builder.py", line 90, in send
    return self.session.request(
           ~~~~~~~~~~~~~~~~~~~~^
        self.http_method,
        ^^^^^^^^^^^^^^^^^
    ...<4 lines>...
        auth=self.auth,
        ^^^^^^^^^^^^^^^
    )
    ^
  File "/Users/housinsectsoffperu/Neotropical Specimens Native/.venv-ingest/lib/python3.14/site-packages/httpx/_client.py", line 825, in request
    return self.send(request, auth=auth, follow_redirects=follow_redirects)
           ~~~~~~~~~^^^^^^^^^^^^^^^^^^^^^^^^^^^^^^^^^^^^^^^^^^^^^^^^^^^^^^^
  File "/Users/housinsectsoffperu/Neotropical Specimens Native/.venv-ingest/lib/python3.14/site-packages/httpx/_client.py", line 914, in send
    response = self._send_handling_auth(
        request,
    ...<2 lines>...
        history=[],
    )
  File "/Users/housinsectsoffperu/Neotropical Specimens Native/.venv-ingest/lib/python3.14/site-packages/httpx/_client.py", line 942, in _send_handling_auth
    response = self._send_handling_redirects(
        request,
        follow_redirects=follow_redirects,
        history=history,
    )
  File "/Users/housinsectsoffperu/Neotropical Specimens Native/.venv-ingest/lib/python3.14/site-packages/httpx/_client.py", line 979, in _send_handling_redirects
    response = self._send_single_request(request)
  File "/Users/housinsectsoffperu/Neotropical Specimens Native/.venv-ingest/lib/python3.14/site-packages/httpx/_client.py", line 1014, in _send_single_request
    response = transport.handle_request(request)
  File "/Users/housinsectsoffperu/Neotropical Specimens Native/.venv-ingest/lib/python3.14/site-packages/httpx/_transports/default.py", line 249, in handle_request
    with map_httpcore_exceptions():
         ~~~~~~~~~~~~~~~~~~~~~~~^^
  File "/usr/local/Cellar/python@3.14/3.14.5/Frameworks/Python.framework/Versions/3.14/lib/python3.14/contextlib.py", line 162, in __exit__
    self.gen.throw(value)
    ~~~~~~~~~~~~~~^^^^^^^
  File "/Users/housinsectsoffperu/Neotropical Specimens Native/.venv-ingest/lib/python3.14/site-packages/httpx/_transports/default.py", line 118, in map_httpcore_exceptions
    raise mapped_exc(message) from exc
httpx.ConnectError: [Errno 8] nodename nor servname provided, or not known
2026-08-01 14:25:09  ERROR     Línea 44 [RI-043] (Rhetus dysoni) — ConnectError: [Errno 8] nodename nor servname provided, or not known
Traceback (most recent call last):
  File "/Users/housinsectsoffperu/Neotropical Specimens Native/.venv-ingest/lib/python3.14/site-packages/httpx/_transports/default.py", line 101, in map_httpcore_exceptions
    yield
  File "/Users/housinsectsoffperu/Neotropical Specimens Native/.venv-ingest/lib/python3.14/site-packages/httpx/_transports/default.py", line 250, in handle_request
    resp = self._pool.handle_request(req)
  File "/Users/housinsectsoffperu/Neotropical Specimens Native/.venv-ingest/lib/python3.14/site-packages/httpcore/_sync/connection_pool.py", line 256, in handle_request
    raise exc from None
  File "/Users/housinsectsoffperu/Neotropical Specimens Native/.venv-ingest/lib/python3.14/site-packages/httpcore/_sync/connection_pool.py", line 236, in handle_request
    response = connection.handle_request(
        pool_request.request
    )
  File "/Users/housinsectsoffperu/Neotropical Specimens Native/.venv-ingest/lib/python3.14/site-packages/httpcore/_sync/connection.py", line 101, in handle_request
    raise exc
  File "/Users/housinsectsoffperu/Neotropical Specimens Native/.venv-ingest/lib/python3.14/site-packages/httpcore/_sync/connection.py", line 78, in handle_request
    stream = self._connect(request)
  File "/Users/housinsectsoffperu/Neotropical Specimens Native/.venv-ingest/lib/python3.14/site-packages/httpcore/_sync/connection.py", line 124, in _connect
    stream = self._network_backend.connect_tcp(**kwargs)
  File "/Users/housinsectsoffperu/Neotropical Specimens Native/.venv-ingest/lib/python3.14/site-packages/httpcore/_backends/sync.py", line 207, in connect_tcp
    with map_exceptions(exc_map):
         ~~~~~~~~~~~~~~^^^^^^^^^
  File "/usr/local/Cellar/python@3.14/3.14.5/Frameworks/Python.framework/Versions/3.14/lib/python3.14/contextlib.py", line 162, in __exit__
    self.gen.throw(value)
    ~~~~~~~~~~~~~~^^^^^^^
  File "/Users/housinsectsoffperu/Neotropical Specimens Native/.venv-ingest/lib/python3.14/site-packages/httpcore/_exceptions.py", line 14, in map_exceptions
    raise to_exc(exc) from exc
httpcore.ConnectError: [Errno 8] nodename nor servname provided, or not known

The above exception was the direct cause of the following exception:

Traceback (most recent call last):
  File "/Users/housinsectsoffperu/Neotropical Specimens Native/scripts/ingest_csv.py", line 831, in process_row
    region_id   = resolve_region(sb, r.region)
  File "/Users/housinsectsoffperu/Neotropical Specimens Native/scripts/ingest_csv.py", line 616, in resolve_region
    rid = _upsert(sb, "global_regions", {"region_name": region_name}, "region_name")
  File "/Users/housinsectsoffperu/Neotropical Specimens Native/scripts/ingest_csv.py", line 604, in _upsert
    res = sb.table(table).upsert(row, on_conflict=on_conflict).select("id").execute()
  File "/Users/housinsectsoffperu/Neotropical Specimens Native/.venv-ingest/lib/python3.14/site-packages/postgrest/_sync/request_builder.py", line 90, in execute
    r = send_with_retry(self.request)
  File "/Users/housinsectsoffperu/Neotropical Specimens Native/.venv-ingest/lib/python3.14/site-packages/postgrest/_sync/request_builder.py", line 51, in send_with_retry
    resp = req.send(headers)
  File "/Users/housinsectsoffperu/Neotropical Specimens Native/.venv-ingest/lib/python3.14/site-packages/postgrest/base_request_builder.py", line 90, in send
    return self.session.request(
           ~~~~~~~~~~~~~~~~~~~~^
        self.http_method,
        ^^^^^^^^^^^^^^^^^
    ...<4 lines>...
        auth=self.auth,
        ^^^^^^^^^^^^^^^
    )
    ^
  File "/Users/housinsectsoffperu/Neotropical Specimens Native/.venv-ingest/lib/python3.14/site-packages/httpx/_client.py", line 825, in request
    return self.send(request, auth=auth, follow_redirects=follow_redirects)
           ~~~~~~~~~^^^^^^^^^^^^^^^^^^^^^^^^^^^^^^^^^^^^^^^^^^^^^^^^^^^^^^^
  File "/Users/housinsectsoffperu/Neotropical Specimens Native/.venv-ingest/lib/python3.14/site-packages/httpx/_client.py", line 914, in send
    response = self._send_handling_auth(
        request,
    ...<2 lines>...
        history=[],
    )
  File "/Users/housinsectsoffperu/Neotropical Specimens Native/.venv-ingest/lib/python3.14/site-packages/httpx/_client.py", line 942, in _send_handling_auth
    response = self._send_handling_redirects(
        request,
        follow_redirects=follow_redirects,
        history=history,
    )
  File "/Users/housinsectsoffperu/Neotropical Specimens Native/.venv-ingest/lib/python3.14/site-packages/httpx/_client.py", line 979, in _send_handling_redirects
    response = self._send_single_request(request)
  File "/Users/housinsectsoffperu/Neotropical Specimens Native/.venv-ingest/lib/python3.14/site-packages/httpx/_client.py", line 1014, in _send_single_request
    response = transport.handle_request(request)
  File "/Users/housinsectsoffperu/Neotropical Specimens Native/.venv-ingest/lib/python3.14/site-packages/httpx/_transports/default.py", line 249, in handle_request
    with map_httpcore_exceptions():
         ~~~~~~~~~~~~~~~~~~~~~~~^^
  File "/usr/local/Cellar/python@3.14/3.14.5/Frameworks/Python.framework/Versions/3.14/lib/python3.14/contextlib.py", line 162, in __exit__
    self.gen.throw(value)
    ~~~~~~~~~~~~~~^^^^^^^
  File "/Users/housinsectsoffperu/Neotropical Specimens Native/.venv-ingest/lib/python3.14/site-packages/httpx/_transports/default.py", line 118, in map_httpcore_exceptions
    raise mapped_exc(message) from exc
httpx.ConnectError: [Errno 8] nodename nor servname provided, or not known
2026-08-01 14:25:09  ERROR     Línea 45 [RI-044] (Rhetus dysoni) — ConnectError: [Errno 8] nodename nor servname provided, or not known
Traceback (most recent call last):
  File "/Users/housinsectsoffperu/Neotropical Specimens Native/.venv-ingest/lib/python3.14/site-packages/httpx/_transports/default.py", line 101, in map_httpcore_exceptions
    yield
  File "/Users/housinsectsoffperu/Neotropical Specimens Native/.venv-ingest/lib/python3.14/site-packages/httpx/_transports/default.py", line 250, in handle_request
    resp = self._pool.handle_request(req)
  File "/Users/housinsectsoffperu/Neotropical Specimens Native/.venv-ingest/lib/python3.14/site-packages/httpcore/_sync/connection_pool.py", line 256, in handle_request
    raise exc from None
  File "/Users/housinsectsoffperu/Neotropical Specimens Native/.venv-ingest/lib/python3.14/site-packages/httpcore/_sync/connection_pool.py", line 236, in handle_request
    response = connection.handle_request(
        pool_request.request
    )
  File "/Users/housinsectsoffperu/Neotropical Specimens Native/.venv-ingest/lib/python3.14/site-packages/httpcore/_sync/connection.py", line 101, in handle_request
    raise exc
  File "/Users/housinsectsoffperu/Neotropical Specimens Native/.venv-ingest/lib/python3.14/site-packages/httpcore/_sync/connection.py", line 78, in handle_request
    stream = self._connect(request)
  File "/Users/housinsectsoffperu/Neotropical Specimens Native/.venv-ingest/lib/python3.14/site-packages/httpcore/_sync/connection.py", line 124, in _connect
    stream = self._network_backend.connect_tcp(**kwargs)
  File "/Users/housinsectsoffperu/Neotropical Specimens Native/.venv-ingest/lib/python3.14/site-packages/httpcore/_backends/sync.py", line 207, in connect_tcp
    with map_exceptions(exc_map):
         ~~~~~~~~~~~~~~^^^^^^^^^
  File "/usr/local/Cellar/python@3.14/3.14.5/Frameworks/Python.framework/Versions/3.14/lib/python3.14/contextlib.py", line 162, in __exit__
    self.gen.throw(value)
    ~~~~~~~~~~~~~~^^^^^^^
  File "/Users/housinsectsoffperu/Neotropical Specimens Native/.venv-ingest/lib/python3.14/site-packages/httpcore/_exceptions.py", line 14, in map_exceptions
    raise to_exc(exc) from exc
httpcore.ConnectError: [Errno 8] nodename nor servname provided, or not known

The above exception was the direct cause of the following exception:

Traceback (most recent call last):
  File "/Users/housinsectsoffperu/Neotropical Specimens Native/scripts/ingest_csv.py", line 831, in process_row
    region_id   = resolve_region(sb, r.region)
  File "/Users/housinsectsoffperu/Neotropical Specimens Native/scripts/ingest_csv.py", line 616, in resolve_region
    rid = _upsert(sb, "global_regions", {"region_name": region_name}, "region_name")
  File "/Users/housinsectsoffperu/Neotropical Specimens Native/scripts/ingest_csv.py", line 604, in _upsert
    res = sb.table(table).upsert(row, on_conflict=on_conflict).select("id").execute()
  File "/Users/housinsectsoffperu/Neotropical Specimens Native/.venv-ingest/lib/python3.14/site-packages/postgrest/_sync/request_builder.py", line 90, in execute
    r = send_with_retry(self.request)
  File "/Users/housinsectsoffperu/Neotropical Specimens Native/.venv-ingest/lib/python3.14/site-packages/postgrest/_sync/request_builder.py", line 51, in send_with_retry
    resp = req.send(headers)
  File "/Users/housinsectsoffperu/Neotropical Specimens Native/.venv-ingest/lib/python3.14/site-packages/postgrest/base_request_builder.py", line 90, in send
    return self.session.request(
           ~~~~~~~~~~~~~~~~~~~~^
        self.http_method,
        ^^^^^^^^^^^^^^^^^
    ...<4 lines>...
        auth=self.auth,
        ^^^^^^^^^^^^^^^
    )
    ^
  File "/Users/housinsectsoffperu/Neotropical Specimens Native/.venv-ingest/lib/python3.14/site-packages/httpx/_client.py", line 825, in request
    return self.send(request, auth=auth, follow_redirects=follow_redirects)
           ~~~~~~~~~^^^^^^^^^^^^^^^^^^^^^^^^^^^^^^^^^^^^^^^^^^^^^^^^^^^^^^^
  File "/Users/housinsectsoffperu/Neotropical Specimens Native/.venv-ingest/lib/python3.14/site-packages/httpx/_client.py", line 914, in send
    response = self._send_handling_auth(
        request,
    ...<2 lines>...
        history=[],
    )
  File "/Users/housinsectsoffperu/Neotropical Specimens Native/.venv-ingest/lib/python3.14/site-packages/httpx/_client.py", line 942, in _send_handling_auth
    response = self._send_handling_redirects(
        request,
        follow_redirects=follow_redirects,
        history=history,
    )
  File "/Users/housinsectsoffperu/Neotropical Specimens Native/.venv-ingest/lib/python3.14/site-packages/httpx/_client.py", line 979, in _send_handling_redirects
    response = self._send_single_request(request)
  File "/Users/housinsectsoffperu/Neotropical Specimens Native/.venv-ingest/lib/python3.14/site-packages/httpx/_client.py", line 1014, in _send_single_request
    response = transport.handle_request(request)
  File "/Users/housinsectsoffperu/Neotropical Specimens Native/.venv-ingest/lib/python3.14/site-packages/httpx/_transports/default.py", line 249, in handle_request
    with map_httpcore_exceptions():
         ~~~~~~~~~~~~~~~~~~~~~~~^^
  File "/usr/local/Cellar/python@3.14/3.14.5/Frameworks/Python.framework/Versions/3.14/lib/python3.14/contextlib.py", line 162, in __exit__
    self.gen.throw(value)
    ~~~~~~~~~~~~~~^^^^^^^
  File "/Users/housinsectsoffperu/Neotropical Specimens Native/.venv-ingest/lib/python3.14/site-packages/httpx/_transports/default.py", line 118, in map_httpcore_exceptions
    raise mapped_exc(message) from exc
httpx.ConnectError: [Errno 8] nodename nor servname provided, or not known
2026-08-01 14:25:09  ERROR     Línea 46 [RI-045] (Rhetus periander) — ConnectError: [Errno 8] nodename nor servname provided, or not known
Traceback (most recent call last):
  File "/Users/housinsectsoffperu/Neotropical Specimens Native/.venv-ingest/lib/python3.14/site-packages/httpx/_transports/default.py", line 101, in map_httpcore_exceptions
    yield
  File "/Users/housinsectsoffperu/Neotropical Specimens Native/.venv-ingest/lib/python3.14/site-packages/httpx/_transports/default.py", line 250, in handle_request
    resp = self._pool.handle_request(req)
  File "/Users/housinsectsoffperu/Neotropical Specimens Native/.venv-ingest/lib/python3.14/site-packages/httpcore/_sync/connection_pool.py", line 256, in handle_request
    raise exc from None
  File "/Users/housinsectsoffperu/Neotropical Specimens Native/.venv-ingest/lib/python3.14/site-packages/httpcore/_sync/connection_pool.py", line 236, in handle_request
    response = connection.handle_request(
        pool_request.request
    )
  File "/Users/housinsectsoffperu/Neotropical Specimens Native/.venv-ingest/lib/python3.14/site-packages/httpcore/_sync/connection.py", line 101, in handle_request
    raise exc
  File "/Users/housinsectsoffperu/Neotropical Specimens Native/.venv-ingest/lib/python3.14/site-packages/httpcore/_sync/connection.py", line 78, in handle_request
    stream = self._connect(request)
  File "/Users/housinsectsoffperu/Neotropical Specimens Native/.venv-ingest/lib/python3.14/site-packages/httpcore/_sync/connection.py", line 124, in _connect
    stream = self._network_backend.connect_tcp(**kwargs)
  File "/Users/housinsectsoffperu/Neotropical Specimens Native/.venv-ingest/lib/python3.14/site-packages/httpcore/_backends/sync.py", line 207, in connect_tcp
    with map_exceptions(exc_map):
         ~~~~~~~~~~~~~~^^^^^^^^^
  File "/usr/local/Cellar/python@3.14/3.14.5/Frameworks/Python.framework/Versions/3.14/lib/python3.14/contextlib.py", line 162, in __exit__
    self.gen.throw(value)
    ~~~~~~~~~~~~~~^^^^^^^
  File "/Users/housinsectsoffperu/Neotropical Specimens Native/.venv-ingest/lib/python3.14/site-packages/httpcore/_exceptions.py", line 14, in map_exceptions
    raise to_exc(exc) from exc
httpcore.ConnectError: [Errno 8] nodename nor servname provided, or not known

The above exception was the direct cause of the following exception:

Traceback (most recent call last):
  File "/Users/housinsectsoffperu/Neotropical Specimens Native/scripts/ingest_csv.py", line 831, in process_row
    region_id   = resolve_region(sb, r.region)
  File "/Users/housinsectsoffperu/Neotropical Specimens Native/scripts/ingest_csv.py", line 616, in resolve_region
    rid = _upsert(sb, "global_regions", {"region_name": region_name}, "region_name")
  File "/Users/housinsectsoffperu/Neotropical Specimens Native/scripts/ingest_csv.py", line 604, in _upsert
    res = sb.table(table).upsert(row, on_conflict=on_conflict).select("id").execute()
  File "/Users/housinsectsoffperu/Neotropical Specimens Native/.venv-ingest/lib/python3.14/site-packages/postgrest/_sync/request_builder.py", line 90, in execute
    r = send_with_retry(self.request)
  File "/Users/housinsectsoffperu/Neotropical Specimens Native/.venv-ingest/lib/python3.14/site-packages/postgrest/_sync/request_builder.py", line 51, in send_with_retry
    resp = req.send(headers)
  File "/Users/housinsectsoffperu/Neotropical Specimens Native/.venv-ingest/lib/python3.14/site-packages/postgrest/base_request_builder.py", line 90, in send
    return self.session.request(
           ~~~~~~~~~~~~~~~~~~~~^
        self.http_method,
        ^^^^^^^^^^^^^^^^^
    ...<4 lines>...
        auth=self.auth,
        ^^^^^^^^^^^^^^^
    )
    ^
  File "/Users/housinsectsoffperu/Neotropical Specimens Native/.venv-ingest/lib/python3.14/site-packages/httpx/_client.py", line 825, in request
    return self.send(request, auth=auth, follow_redirects=follow_redirects)
           ~~~~~~~~~^^^^^^^^^^^^^^^^^^^^^^^^^^^^^^^^^^^^^^^^^^^^^^^^^^^^^^^
  File "/Users/housinsectsoffperu/Neotropical Specimens Native/.venv-ingest/lib/python3.14/site-packages/httpx/_client.py", line 914, in send
    response = self._send_handling_auth(
        request,
    ...<2 lines>...
        history=[],
    )
  File "/Users/housinsectsoffperu/Neotropical Specimens Native/.venv-ingest/lib/python3.14/site-packages/httpx/_client.py", line 942, in _send_handling_auth
    response = self._send_handling_redirects(
        request,
        follow_redirects=follow_redirects,
        history=history,
    )
  File "/Users/housinsectsoffperu/Neotropical Specimens Native/.venv-ingest/lib/python3.14/site-packages/httpx/_client.py", line 979, in _send_handling_redirects
    response = self._send_single_request(request)
  File "/Users/housinsectsoffperu/Neotropical Specimens Native/.venv-ingest/lib/python3.14/site-packages/httpx/_client.py", line 1014, in _send_single_request
    response = transport.handle_request(request)
  File "/Users/housinsectsoffperu/Neotropical Specimens Native/.venv-ingest/lib/python3.14/site-packages/httpx/_transports/default.py", line 249, in handle_request
    with map_httpcore_exceptions():
         ~~~~~~~~~~~~~~~~~~~~~~~^^
  File "/usr/local/Cellar/python@3.14/3.14.5/Frameworks/Python.framework/Versions/3.14/lib/python3.14/contextlib.py", line 162, in __exit__
    self.gen.throw(value)
    ~~~~~~~~~~~~~~^^^^^^^
  File "/Users/housinsectsoffperu/Neotropical Specimens Native/.venv-ingest/lib/python3.14/site-packages/httpx/_transports/default.py", line 118, in map_httpcore_exceptions
    raise mapped_exc(message) from exc
httpx.ConnectError: [Errno 8] nodename nor servname provided, or not known
2026-08-01 14:25:09  ERROR     Línea 47 [RI-046] (Rhetus periander) — ConnectError: [Errno 8] nodename nor servname provided, or not known
Traceback (most recent call last):
  File "/Users/housinsectsoffperu/Neotropical Specimens Native/.venv-ingest/lib/python3.14/site-packages/httpx/_transports/default.py", line 101, in map_httpcore_exceptions
    yield
  File "/Users/housinsectsoffperu/Neotropical Specimens Native/.venv-ingest/lib/python3.14/site-packages/httpx/_transports/default.py", line 250, in handle_request
    resp = self._pool.handle_request(req)
  File "/Users/housinsectsoffperu/Neotropical Specimens Native/.venv-ingest/lib/python3.14/site-packages/httpcore/_sync/connection_pool.py", line 256, in handle_request
    raise exc from None
  File "/Users/housinsectsoffperu/Neotropical Specimens Native/.venv-ingest/lib/python3.14/site-packages/httpcore/_sync/connection_pool.py", line 236, in handle_request
    response = connection.handle_request(
        pool_request.request
    )
  File "/Users/housinsectsoffperu/Neotropical Specimens Native/.venv-ingest/lib/python3.14/site-packages/httpcore/_sync/connection.py", line 101, in handle_request
    raise exc
  File "/Users/housinsectsoffperu/Neotropical Specimens Native/.venv-ingest/lib/python3.14/site-packages/httpcore/_sync/connection.py", line 78, in handle_request
    stream = self._connect(request)
  File "/Users/housinsectsoffperu/Neotropical Specimens Native/.venv-ingest/lib/python3.14/site-packages/httpcore/_sync/connection.py", line 124, in _connect
    stream = self._network_backend.connect_tcp(**kwargs)
  File "/Users/housinsectsoffperu/Neotropical Specimens Native/.venv-ingest/lib/python3.14/site-packages/httpcore/_backends/sync.py", line 207, in connect_tcp
    with map_exceptions(exc_map):
         ~~~~~~~~~~~~~~^^^^^^^^^
  File "/usr/local/Cellar/python@3.14/3.14.5/Frameworks/Python.framework/Versions/3.14/lib/python3.14/contextlib.py", line 162, in __exit__
    self.gen.throw(value)
    ~~~~~~~~~~~~~~^^^^^^^
  File "/Users/housinsectsoffperu/Neotropical Specimens Native/.venv-ingest/lib/python3.14/site-packages/httpcore/_exceptions.py", line 14, in map_exceptions
    raise to_exc(exc) from exc
httpcore.ConnectError: [Errno 8] nodename nor servname provided, or not known

The above exception was the direct cause of the following exception:

Traceback (most recent call last):
  File "/Users/housinsectsoffperu/Neotropical Specimens Native/scripts/ingest_csv.py", line 831, in process_row
    region_id   = resolve_region(sb, r.region)
  File "/Users/housinsectsoffperu/Neotropical Specimens Native/scripts/ingest_csv.py", line 616, in resolve_region
    rid = _upsert(sb, "global_regions", {"region_name": region_name}, "region_name")
  File "/Users/housinsectsoffperu/Neotropical Specimens Native/scripts/ingest_csv.py", line 604, in _upsert
    res = sb.table(table).upsert(row, on_conflict=on_conflict).select("id").execute()
  File "/Users/housinsectsoffperu/Neotropical Specimens Native/.venv-ingest/lib/python3.14/site-packages/postgrest/_sync/request_builder.py", line 90, in execute
    r = send_with_retry(self.request)
  File "/Users/housinsectsoffperu/Neotropical Specimens Native/.venv-ingest/lib/python3.14/site-packages/postgrest/_sync/request_builder.py", line 51, in send_with_retry
    resp = req.send(headers)
  File "/Users/housinsectsoffperu/Neotropical Specimens Native/.venv-ingest/lib/python3.14/site-packages/postgrest/base_request_builder.py", line 90, in send
    return self.session.request(
           ~~~~~~~~~~~~~~~~~~~~^
        self.http_method,
        ^^^^^^^^^^^^^^^^^
    ...<4 lines>...
        auth=self.auth,
        ^^^^^^^^^^^^^^^
    )
    ^
  File "/Users/housinsectsoffperu/Neotropical Specimens Native/.venv-ingest/lib/python3.14/site-packages/httpx/_client.py", line 825, in request
    return self.send(request, auth=auth, follow_redirects=follow_redirects)
           ~~~~~~~~~^^^^^^^^^^^^^^^^^^^^^^^^^^^^^^^^^^^^^^^^^^^^^^^^^^^^^^^
  File "/Users/housinsectsoffperu/Neotropical Specimens Native/.venv-ingest/lib/python3.14/site-packages/httpx/_client.py", line 914, in send
    response = self._send_handling_auth(
        request,
    ...<2 lines>...
        history=[],
    )
  File "/Users/housinsectsoffperu/Neotropical Specimens Native/.venv-ingest/lib/python3.14/site-packages/httpx/_client.py", line 942, in _send_handling_auth
    response = self._send_handling_redirects(
        request,
        follow_redirects=follow_redirects,
        history=history,
    )
  File "/Users/housinsectsoffperu/Neotropical Specimens Native/.venv-ingest/lib/python3.14/site-packages/httpx/_client.py", line 979, in _send_handling_redirects
    response = self._send_single_request(request)
  File "/Users/housinsectsoffperu/Neotropical Specimens Native/.venv-ingest/lib/python3.14/site-packages/httpx/_client.py", line 1014, in _send_single_request
    response = transport.handle_request(request)
  File "/Users/housinsectsoffperu/Neotropical Specimens Native/.venv-ingest/lib/python3.14/site-packages/httpx/_transports/default.py", line 249, in handle_request
    with map_httpcore_exceptions():
         ~~~~~~~~~~~~~~~~~~~~~~~^^
  File "/usr/local/Cellar/python@3.14/3.14.5/Frameworks/Python.framework/Versions/3.14/lib/python3.14/contextlib.py", line 162, in __exit__
    self.gen.throw(value)
    ~~~~~~~~~~~~~~^^^^^^^
  File "/Users/housinsectsoffperu/Neotropical Specimens Native/.venv-ingest/lib/python3.14/site-packages/httpx/_transports/default.py", line 118, in map_httpcore_exceptions
    raise mapped_exc(message) from exc
httpx.ConnectError: [Errno 8] nodename nor servname provided, or not known
2026-08-01 14:25:10  ERROR     Línea 48 [RI-047] (Rhetus periander) — ConnectError: [Errno 8] nodename nor servname provided, or not known
Traceback (most recent call last):
  File "/Users/housinsectsoffperu/Neotropical Specimens Native/.venv-ingest/lib/python3.14/site-packages/httpx/_transports/default.py", line 101, in map_httpcore_exceptions
    yield
  File "/Users/housinsectsoffperu/Neotropical Specimens Native/.venv-ingest/lib/python3.14/site-packages/httpx/_transports/default.py", line 250, in handle_request
    resp = self._pool.handle_request(req)
  File "/Users/housinsectsoffperu/Neotropical Specimens Native/.venv-ingest/lib/python3.14/site-packages/httpcore/_sync/connection_pool.py", line 256, in handle_request
    raise exc from None
  File "/Users/housinsectsoffperu/Neotropical Specimens Native/.venv-ingest/lib/python3.14/site-packages/httpcore/_sync/connection_pool.py", line 236, in handle_request
    response = connection.handle_request(
        pool_request.request
    )
  File "/Users/housinsectsoffperu/Neotropical Specimens Native/.venv-ingest/lib/python3.14/site-packages/httpcore/_sync/connection.py", line 101, in handle_request
    raise exc
  File "/Users/housinsectsoffperu/Neotropical Specimens Native/.venv-ingest/lib/python3.14/site-packages/httpcore/_sync/connection.py", line 78, in handle_request
    stream = self._connect(request)
  File "/Users/housinsectsoffperu/Neotropical Specimens Native/.venv-ingest/lib/python3.14/site-packages/httpcore/_sync/connection.py", line 124, in _connect
    stream = self._network_backend.connect_tcp(**kwargs)
  File "/Users/housinsectsoffperu/Neotropical Specimens Native/.venv-ingest/lib/python3.14/site-packages/httpcore/_backends/sync.py", line 207, in connect_tcp
    with map_exceptions(exc_map):
         ~~~~~~~~~~~~~~^^^^^^^^^
  File "/usr/local/Cellar/python@3.14/3.14.5/Frameworks/Python.framework/Versions/3.14/lib/python3.14/contextlib.py", line 162, in __exit__
    self.gen.throw(value)
    ~~~~~~~~~~~~~~^^^^^^^
  File "/Users/housinsectsoffperu/Neotropical Specimens Native/.venv-ingest/lib/python3.14/site-packages/httpcore/_exceptions.py", line 14, in map_exceptions
    raise to_exc(exc) from exc
httpcore.ConnectError: [Errno 8] nodename nor servname provided, or not known

The above exception was the direct cause of the following exception:

Traceback (most recent call last):
  File "/Users/housinsectsoffperu/Neotropical Specimens Native/scripts/ingest_csv.py", line 831, in process_row
    region_id   = resolve_region(sb, r.region)
  File "/Users/housinsectsoffperu/Neotropical Specimens Native/scripts/ingest_csv.py", line 616, in resolve_region
    rid = _upsert(sb, "global_regions", {"region_name": region_name}, "region_name")
  File "/Users/housinsectsoffperu/Neotropical Specimens Native/scripts/ingest_csv.py", line 604, in _upsert
    res = sb.table(table).upsert(row, on_conflict=on_conflict).select("id").execute()
  File "/Users/housinsectsoffperu/Neotropical Specimens Native/.venv-ingest/lib/python3.14/site-packages/postgrest/_sync/request_builder.py", line 90, in execute
    r = send_with_retry(self.request)
  File "/Users/housinsectsoffperu/Neotropical Specimens Native/.venv-ingest/lib/python3.14/site-packages/postgrest/_sync/request_builder.py", line 51, in send_with_retry
    resp = req.send(headers)
  File "/Users/housinsectsoffperu/Neotropical Specimens Native/.venv-ingest/lib/python3.14/site-packages/postgrest/base_request_builder.py", line 90, in send
    return self.session.request(
           ~~~~~~~~~~~~~~~~~~~~^
        self.http_method,
        ^^^^^^^^^^^^^^^^^
    ...<4 lines>...
        auth=self.auth,
        ^^^^^^^^^^^^^^^
    )
    ^
  File "/Users/housinsectsoffperu/Neotropical Specimens Native/.venv-ingest/lib/python3.14/site-packages/httpx/_client.py", line 825, in request
    return self.send(request, auth=auth, follow_redirects=follow_redirects)
           ~~~~~~~~~^^^^^^^^^^^^^^^^^^^^^^^^^^^^^^^^^^^^^^^^^^^^^^^^^^^^^^^
  File "/Users/housinsectsoffperu/Neotropical Specimens Native/.venv-ingest/lib/python3.14/site-packages/httpx/_client.py", line 914, in send
    response = self._send_handling_auth(
        request,
    ...<2 lines>...
        history=[],
    )
  File "/Users/housinsectsoffperu/Neotropical Specimens Native/.venv-ingest/lib/python3.14/site-packages/httpx/_client.py", line 942, in _send_handling_auth
    response = self._send_handling_redirects(
        request,
        follow_redirects=follow_redirects,
        history=history,
    )
  File "/Users/housinsectsoffperu/Neotropical Specimens Native/.venv-ingest/lib/python3.14/site-packages/httpx/_client.py", line 979, in _send_handling_redirects
    response = self._send_single_request(request)
  File "/Users/housinsectsoffperu/Neotropical Specimens Native/.venv-ingest/lib/python3.14/site-packages/httpx/_client.py", line 1014, in _send_single_request
    response = transport.handle_request(request)
  File "/Users/housinsectsoffperu/Neotropical Specimens Native/.venv-ingest/lib/python3.14/site-packages/httpx/_transports/default.py", line 249, in handle_request
    with map_httpcore_exceptions():
         ~~~~~~~~~~~~~~~~~~~~~~~^^
  File "/usr/local/Cellar/python@3.14/3.14.5/Frameworks/Python.framework/Versions/3.14/lib/python3.14/contextlib.py", line 162, in __exit__
    self.gen.throw(value)
    ~~~~~~~~~~~~~~^^^^^^^
  File "/Users/housinsectsoffperu/Neotropical Specimens Native/.venv-ingest/lib/python3.14/site-packages/httpx/_transports/default.py", line 118, in map_httpcore_exceptions
    raise mapped_exc(message) from exc
httpx.ConnectError: [Errno 8] nodename nor servname provided, or not known
2026-08-01 14:25:10  ERROR     Línea 49 [RI-048] (Rhetus periander) — ConnectError: [Errno 8] nodename nor servname provided, or not known
Traceback (most recent call last):
  File "/Users/housinsectsoffperu/Neotropical Specimens Native/.venv-ingest/lib/python3.14/site-packages/httpx/_transports/default.py", line 101, in map_httpcore_exceptions
    yield
  File "/Users/housinsectsoffperu/Neotropical Specimens Native/.venv-ingest/lib/python3.14/site-packages/httpx/_transports/default.py", line 250, in handle_request
    resp = self._pool.handle_request(req)
  File "/Users/housinsectsoffperu/Neotropical Specimens Native/.venv-ingest/lib/python3.14/site-packages/httpcore/_sync/connection_pool.py", line 256, in handle_request
    raise exc from None
  File "/Users/housinsectsoffperu/Neotropical Specimens Native/.venv-ingest/lib/python3.14/site-packages/httpcore/_sync/connection_pool.py", line 236, in handle_request
    response = connection.handle_request(
        pool_request.request
    )
  File "/Users/housinsectsoffperu/Neotropical Specimens Native/.venv-ingest/lib/python3.14/site-packages/httpcore/_sync/connection.py", line 101, in handle_request
    raise exc
  File "/Users/housinsectsoffperu/Neotropical Specimens Native/.venv-ingest/lib/python3.14/site-packages/httpcore/_sync/connection.py", line 78, in handle_request
    stream = self._connect(request)
  File "/Users/housinsectsoffperu/Neotropical Specimens Native/.venv-ingest/lib/python3.14/site-packages/httpcore/_sync/connection.py", line 124, in _connect
    stream = self._network_backend.connect_tcp(**kwargs)
  File "/Users/housinsectsoffperu/Neotropical Specimens Native/.venv-ingest/lib/python3.14/site-packages/httpcore/_backends/sync.py", line 207, in connect_tcp
    with map_exceptions(exc_map):
         ~~~~~~~~~~~~~~^^^^^^^^^
  File "/usr/local/Cellar/python@3.14/3.14.5/Frameworks/Python.framework/Versions/3.14/lib/python3.14/contextlib.py", line 162, in __exit__
    self.gen.throw(value)
    ~~~~~~~~~~~~~~^^^^^^^
  File "/Users/housinsectsoffperu/Neotropical Specimens Native/.venv-ingest/lib/python3.14/site-packages/httpcore/_exceptions.py", line 14, in map_exceptions
    raise to_exc(exc) from exc
httpcore.ConnectError: [Errno 8] nodename nor servname provided, or not known

The above exception was the direct cause of the following exception:

Traceback (most recent call last):
  File "/Users/housinsectsoffperu/Neotropical Specimens Native/scripts/ingest_csv.py", line 831, in process_row
    region_id   = resolve_region(sb, r.region)
  File "/Users/housinsectsoffperu/Neotropical Specimens Native/scripts/ingest_csv.py", line 616, in resolve_region
    rid = _upsert(sb, "global_regions", {"region_name": region_name}, "region_name")
  File "/Users/housinsectsoffperu/Neotropical Specimens Native/scripts/ingest_csv.py", line 604, in _upsert
    res = sb.table(table).upsert(row, on_conflict=on_conflict).select("id").execute()
  File "/Users/housinsectsoffperu/Neotropical Specimens Native/.venv-ingest/lib/python3.14/site-packages/postgrest/_sync/request_builder.py", line 90, in execute
    r = send_with_retry(self.request)
  File "/Users/housinsectsoffperu/Neotropical Specimens Native/.venv-ingest/lib/python3.14/site-packages/postgrest/_sync/request_builder.py", line 51, in send_with_retry
    resp = req.send(headers)
  File "/Users/housinsectsoffperu/Neotropical Specimens Native/.venv-ingest/lib/python3.14/site-packages/postgrest/base_request_builder.py", line 90, in send
    return self.session.request(
           ~~~~~~~~~~~~~~~~~~~~^
        self.http_method,
        ^^^^^^^^^^^^^^^^^
    ...<4 lines>...
        auth=self.auth,
        ^^^^^^^^^^^^^^^
    )
    ^
  File "/Users/housinsectsoffperu/Neotropical Specimens Native/.venv-ingest/lib/python3.14/site-packages/httpx/_client.py", line 825, in request
    return self.send(request, auth=auth, follow_redirects=follow_redirects)
           ~~~~~~~~~^^^^^^^^^^^^^^^^^^^^^^^^^^^^^^^^^^^^^^^^^^^^^^^^^^^^^^^
  File "/Users/housinsectsoffperu/Neotropical Specimens Native/.venv-ingest/lib/python3.14/site-packages/httpx/_client.py", line 914, in send
    response = self._send_handling_auth(
        request,
    ...<2 lines>...
        history=[],
    )
  File "/Users/housinsectsoffperu/Neotropical Specimens Native/.venv-ingest/lib/python3.14/site-packages/httpx/_client.py", line 942, in _send_handling_auth
    response = self._send_handling_redirects(
        request,
        follow_redirects=follow_redirects,
        history=history,
    )
  File "/Users/housinsectsoffperu/Neotropical Specimens Native/.venv-ingest/lib/python3.14/site-packages/httpx/_client.py", line 979, in _send_handling_redirects
    response = self._send_single_request(request)
  File "/Users/housinsectsoffperu/Neotropical Specimens Native/.venv-ingest/lib/python3.14/site-packages/httpx/_client.py", line 1014, in _send_single_request
    response = transport.handle_request(request)
  File "/Users/housinsectsoffperu/Neotropical Specimens Native/.venv-ingest/lib/python3.14/site-packages/httpx/_transports/default.py", line 249, in handle_request
    with map_httpcore_exceptions():
         ~~~~~~~~~~~~~~~~~~~~~~~^^
  File "/usr/local/Cellar/python@3.14/3.14.5/Frameworks/Python.framework/Versions/3.14/lib/python3.14/contextlib.py", line 162, in __exit__
    self.gen.throw(value)
    ~~~~~~~~~~~~~~^^^^^^^
  File "/Users/housinsectsoffperu/Neotropical Specimens Native/.venv-ingest/lib/python3.14/site-packages/httpx/_transports/default.py", line 118, in map_httpcore_exceptions
    raise mapped_exc(message) from exc
httpx.ConnectError: [Errno 8] nodename nor servname provided, or not known
2026-08-01 14:25:10  ERROR     Línea 50 [RI-049] (Siseme hellotis) — ConnectError: [Errno 8] nodename nor servname provided, or not known
Traceback (most recent call last):
  File "/Users/housinsectsoffperu/Neotropical Specimens Native/.venv-ingest/lib/python3.14/site-packages/httpx/_transports/default.py", line 101, in map_httpcore_exceptions
    yield
  File "/Users/housinsectsoffperu/Neotropical Specimens Native/.venv-ingest/lib/python3.14/site-packages/httpx/_transports/default.py", line 250, in handle_request
    resp = self._pool.handle_request(req)
  File "/Users/housinsectsoffperu/Neotropical Specimens Native/.venv-ingest/lib/python3.14/site-packages/httpcore/_sync/connection_pool.py", line 256, in handle_request
    raise exc from None
  File "/Users/housinsectsoffperu/Neotropical Specimens Native/.venv-ingest/lib/python3.14/site-packages/httpcore/_sync/connection_pool.py", line 236, in handle_request
    response = connection.handle_request(
        pool_request.request
    )
  File "/Users/housinsectsoffperu/Neotropical Specimens Native/.venv-ingest/lib/python3.14/site-packages/httpcore/_sync/connection.py", line 101, in handle_request
    raise exc
  File "/Users/housinsectsoffperu/Neotropical Specimens Native/.venv-ingest/lib/python3.14/site-packages/httpcore/_sync/connection.py", line 78, in handle_request
    stream = self._connect(request)
  File "/Users/housinsectsoffperu/Neotropical Specimens Native/.venv-ingest/lib/python3.14/site-packages/httpcore/_sync/connection.py", line 124, in _connect
    stream = self._network_backend.connect_tcp(**kwargs)
  File "/Users/housinsectsoffperu/Neotropical Specimens Native/.venv-ingest/lib/python3.14/site-packages/httpcore/_backends/sync.py", line 207, in connect_tcp
    with map_exceptions(exc_map):
         ~~~~~~~~~~~~~~^^^^^^^^^
  File "/usr/local/Cellar/python@3.14/3.14.5/Frameworks/Python.framework/Versions/3.14/lib/python3.14/contextlib.py", line 162, in __exit__
    self.gen.throw(value)
    ~~~~~~~~~~~~~~^^^^^^^
  File "/Users/housinsectsoffperu/Neotropical Specimens Native/.venv-ingest/lib/python3.14/site-packages/httpcore/_exceptions.py", line 14, in map_exceptions
    raise to_exc(exc) from exc
httpcore.ConnectError: [Errno 8] nodename nor servname provided, or not known

The above exception was the direct cause of the following exception:

Traceback (most recent call last):
  File "/Users/housinsectsoffperu/Neotropical Specimens Native/scripts/ingest_csv.py", line 831, in process_row
    region_id   = resolve_region(sb, r.region)
  File "/Users/housinsectsoffperu/Neotropical Specimens Native/scripts/ingest_csv.py", line 616, in resolve_region
    rid = _upsert(sb, "global_regions", {"region_name": region_name}, "region_name")
  File "/Users/housinsectsoffperu/Neotropical Specimens Native/scripts/ingest_csv.py", line 604, in _upsert
    res = sb.table(table).upsert(row, on_conflict=on_conflict).select("id").execute()
  File "/Users/housinsectsoffperu/Neotropical Specimens Native/.venv-ingest/lib/python3.14/site-packages/postgrest/_sync/request_builder.py", line 90, in execute
    r = send_with_retry(self.request)
  File "/Users/housinsectsoffperu/Neotropical Specimens Native/.venv-ingest/lib/python3.14/site-packages/postgrest/_sync/request_builder.py", line 51, in send_with_retry
    resp = req.send(headers)
  File "/Users/housinsectsoffperu/Neotropical Specimens Native/.venv-ingest/lib/python3.14/site-packages/postgrest/base_request_builder.py", line 90, in send
    return self.session.request(
           ~~~~~~~~~~~~~~~~~~~~^
        self.http_method,
        ^^^^^^^^^^^^^^^^^
    ...<4 lines>...
        auth=self.auth,
        ^^^^^^^^^^^^^^^
    )
    ^
  File "/Users/housinsectsoffperu/Neotropical Specimens Native/.venv-ingest/lib/python3.14/site-packages/httpx/_client.py", line 825, in request
    return self.send(request, auth=auth, follow_redirects=follow_redirects)
           ~~~~~~~~~^^^^^^^^^^^^^^^^^^^^^^^^^^^^^^^^^^^^^^^^^^^^^^^^^^^^^^^
  File "/Users/housinsectsoffperu/Neotropical Specimens Native/.venv-ingest/lib/python3.14/site-packages/httpx/_client.py", line 914, in send
    response = self._send_handling_auth(
        request,
    ...<2 lines>...
        history=[],
    )
  File "/Users/housinsectsoffperu/Neotropical Specimens Native/.venv-ingest/lib/python3.14/site-packages/httpx/_client.py", line 942, in _send_handling_auth
    response = self._send_handling_redirects(
        request,
        follow_redirects=follow_redirects,
        history=history,
    )
  File "/Users/housinsectsoffperu/Neotropical Specimens Native/.venv-ingest/lib/python3.14/site-packages/httpx/_client.py", line 979, in _send_handling_redirects
    response = self._send_single_request(request)
  File "/Users/housinsectsoffperu/Neotropical Specimens Native/.venv-ingest/lib/python3.14/site-packages/httpx/_client.py", line 1014, in _send_single_request
    response = transport.handle_request(request)
  File "/Users/housinsectsoffperu/Neotropical Specimens Native/.venv-ingest/lib/python3.14/site-packages/httpx/_transports/default.py", line 249, in handle_request
    with map_httpcore_exceptions():
         ~~~~~~~~~~~~~~~~~~~~~~~^^
  File "/usr/local/Cellar/python@3.14/3.14.5/Frameworks/Python.framework/Versions/3.14/lib/python3.14/contextlib.py", line 162, in __exit__
    self.gen.throw(value)
    ~~~~~~~~~~~~~~^^^^^^^
  File "/Users/housinsectsoffperu/Neotropical Specimens Native/.venv-ingest/lib/python3.14/site-packages/httpx/_transports/default.py", line 118, in map_httpcore_exceptions
    raise mapped_exc(message) from exc
httpx.ConnectError: [Errno 8] nodename nor servname provided, or not known
2026-08-01 14:25:10  ERROR     Línea 51 [RI-050] (Stalachtis euterpe) — ConnectError: [Errno 8] nodename nor servname provided, or not known
Traceback (most recent call last):
  File "/Users/housinsectsoffperu/Neotropical Specimens Native/.venv-ingest/lib/python3.14/site-packages/httpx/_transports/default.py", line 101, in map_httpcore_exceptions
    yield
  File "/Users/housinsectsoffperu/Neotropical Specimens Native/.venv-ingest/lib/python3.14/site-packages/httpx/_transports/default.py", line 250, in handle_request
    resp = self._pool.handle_request(req)
  File "/Users/housinsectsoffperu/Neotropical Specimens Native/.venv-ingest/lib/python3.14/site-packages/httpcore/_sync/connection_pool.py", line 256, in handle_request
    raise exc from None
  File "/Users/housinsectsoffperu/Neotropical Specimens Native/.venv-ingest/lib/python3.14/site-packages/httpcore/_sync/connection_pool.py", line 236, in handle_request
    response = connection.handle_request(
        pool_request.request
    )
  File "/Users/housinsectsoffperu/Neotropical Specimens Native/.venv-ingest/lib/python3.14/site-packages/httpcore/_sync/connection.py", line 101, in handle_request
    raise exc
  File "/Users/housinsectsoffperu/Neotropical Specimens Native/.venv-ingest/lib/python3.14/site-packages/httpcore/_sync/connection.py", line 78, in handle_request
    stream = self._connect(request)
  File "/Users/housinsectsoffperu/Neotropical Specimens Native/.venv-ingest/lib/python3.14/site-packages/httpcore/_sync/connection.py", line 124, in _connect
    stream = self._network_backend.connect_tcp(**kwargs)
  File "/Users/housinsectsoffperu/Neotropical Specimens Native/.venv-ingest/lib/python3.14/site-packages/httpcore/_backends/sync.py", line 207, in connect_tcp
    with map_exceptions(exc_map):
         ~~~~~~~~~~~~~~^^^^^^^^^
  File "/usr/local/Cellar/python@3.14/3.14.5/Frameworks/Python.framework/Versions/3.14/lib/python3.14/contextlib.py", line 162, in __exit__
    self.gen.throw(value)
    ~~~~~~~~~~~~~~^^^^^^^
  File "/Users/housinsectsoffperu/Neotropical Specimens Native/.venv-ingest/lib/python3.14/site-packages/httpcore/_exceptions.py", line 14, in map_exceptions
    raise to_exc(exc) from exc
httpcore.ConnectError: [Errno 8] nodename nor servname provided, or not known

The above exception was the direct cause of the following exception:

Traceback (most recent call last):
  File "/Users/housinsectsoffperu/Neotropical Specimens Native/scripts/ingest_csv.py", line 831, in process_row
    region_id   = resolve_region(sb, r.region)
  File "/Users/housinsectsoffperu/Neotropical Specimens Native/scripts/ingest_csv.py", line 616, in resolve_region
    rid = _upsert(sb, "global_regions", {"region_name": region_name}, "region_name")
  File "/Users/housinsectsoffperu/Neotropical Specimens Native/scripts/ingest_csv.py", line 604, in _upsert
    res = sb.table(table).upsert(row, on_conflict=on_conflict).select("id").execute()
  File "/Users/housinsectsoffperu/Neotropical Specimens Native/.venv-ingest/lib/python3.14/site-packages/postgrest/_sync/request_builder.py", line 90, in execute
    r = send_with_retry(self.request)
  File "/Users/housinsectsoffperu/Neotropical Specimens Native/.venv-ingest/lib/python3.14/site-packages/postgrest/_sync/request_builder.py", line 51, in send_with_retry
    resp = req.send(headers)
  File "/Users/housinsectsoffperu/Neotropical Specimens Native/.venv-ingest/lib/python3.14/site-packages/postgrest/base_request_builder.py", line 90, in send
    return self.session.request(
           ~~~~~~~~~~~~~~~~~~~~^
        self.http_method,
        ^^^^^^^^^^^^^^^^^
    ...<4 lines>...
        auth=self.auth,
        ^^^^^^^^^^^^^^^
    )
    ^
  File "/Users/housinsectsoffperu/Neotropical Specimens Native/.venv-ingest/lib/python3.14/site-packages/httpx/_client.py", line 825, in request
    return self.send(request, auth=auth, follow_redirects=follow_redirects)
           ~~~~~~~~~^^^^^^^^^^^^^^^^^^^^^^^^^^^^^^^^^^^^^^^^^^^^^^^^^^^^^^^
  File "/Users/housinsectsoffperu/Neotropical Specimens Native/.venv-ingest/lib/python3.14/site-packages/httpx/_client.py", line 914, in send
    response = self._send_handling_auth(
        request,
    ...<2 lines>...
        history=[],
    )
  File "/Users/housinsectsoffperu/Neotropical Specimens Native/.venv-ingest/lib/python3.14/site-packages/httpx/_client.py", line 942, in _send_handling_auth
    response = self._send_handling_redirects(
        request,
        follow_redirects=follow_redirects,
        history=history,
    )
  File "/Users/housinsectsoffperu/Neotropical Specimens Native/.venv-ingest/lib/python3.14/site-packages/httpx/_client.py", line 979, in _send_handling_redirects
    response = self._send_single_request(request)
  File "/Users/housinsectsoffperu/Neotropical Specimens Native/.venv-ingest/lib/python3.14/site-packages/httpx/_client.py", line 1014, in _send_single_request
    response = transport.handle_request(request)
  File "/Users/housinsectsoffperu/Neotropical Specimens Native/.venv-ingest/lib/python3.14/site-packages/httpx/_transports/default.py", line 249, in handle_request
    with map_httpcore_exceptions():
         ~~~~~~~~~~~~~~~~~~~~~~~^^
  File "/usr/local/Cellar/python@3.14/3.14.5/Frameworks/Python.framework/Versions/3.14/lib/python3.14/contextlib.py", line 162, in __exit__
    self.gen.throw(value)
    ~~~~~~~~~~~~~~^^^^^^^
  File "/Users/housinsectsoffperu/Neotropical Specimens Native/.venv-ingest/lib/python3.14/site-packages/httpx/_transports/default.py", line 118, in map_httpcore_exceptions
    raise mapped_exc(message) from exc
httpx.ConnectError: [Errno 8] nodename nor servname provided, or not known
2026-08-01 14:25:10  ERROR     Línea 52 [RI-051] (Stalachtis euterpe) — ConnectError: [Errno 8] nodename nor servname provided, or not known
Traceback (most recent call last):
  File "/Users/housinsectsoffperu/Neotropical Specimens Native/.venv-ingest/lib/python3.14/site-packages/httpx/_transports/default.py", line 101, in map_httpcore_exceptions
    yield
  File "/Users/housinsectsoffperu/Neotropical Specimens Native/.venv-ingest/lib/python3.14/site-packages/httpx/_transports/default.py", line 250, in handle_request
    resp = self._pool.handle_request(req)
  File "/Users/housinsectsoffperu/Neotropical Specimens Native/.venv-ingest/lib/python3.14/site-packages/httpcore/_sync/connection_pool.py", line 256, in handle_request
    raise exc from None
  File "/Users/housinsectsoffperu/Neotropical Specimens Native/.venv-ingest/lib/python3.14/site-packages/httpcore/_sync/connection_pool.py", line 236, in handle_request
    response = connection.handle_request(
        pool_request.request
    )
  File "/Users/housinsectsoffperu/Neotropical Specimens Native/.venv-ingest/lib/python3.14/site-packages/httpcore/_sync/connection.py", line 101, in handle_request
    raise exc
  File "/Users/housinsectsoffperu/Neotropical Specimens Native/.venv-ingest/lib/python3.14/site-packages/httpcore/_sync/connection.py", line 78, in handle_request
    stream = self._connect(request)
  File "/Users/housinsectsoffperu/Neotropical Specimens Native/.venv-ingest/lib/python3.14/site-packages/httpcore/_sync/connection.py", line 124, in _connect
    stream = self._network_backend.connect_tcp(**kwargs)
  File "/Users/housinsectsoffperu/Neotropical Specimens Native/.venv-ingest/lib/python3.14/site-packages/httpcore/_backends/sync.py", line 207, in connect_tcp
    with map_exceptions(exc_map):
         ~~~~~~~~~~~~~~^^^^^^^^^
  File "/usr/local/Cellar/python@3.14/3.14.5/Frameworks/Python.framework/Versions/3.14/lib/python3.14/contextlib.py", line 162, in __exit__
    self.gen.throw(value)
    ~~~~~~~~~~~~~~^^^^^^^
  File "/Users/housinsectsoffperu/Neotropical Specimens Native/.venv-ingest/lib/python3.14/site-packages/httpcore/_exceptions.py", line 14, in map_exceptions
    raise to_exc(exc) from exc
httpcore.ConnectError: [Errno 8] nodename nor servname provided, or not known

The above exception was the direct cause of the following exception:

Traceback (most recent call last):
  File "/Users/housinsectsoffperu/Neotropical Specimens Native/scripts/ingest_csv.py", line 831, in process_row
    region_id   = resolve_region(sb, r.region)
  File "/Users/housinsectsoffperu/Neotropical Specimens Native/scripts/ingest_csv.py", line 616, in resolve_region
    rid = _upsert(sb, "global_regions", {"region_name": region_name}, "region_name")
  File "/Users/housinsectsoffperu/Neotropical Specimens Native/scripts/ingest_csv.py", line 604, in _upsert
    res = sb.table(table).upsert(row, on_conflict=on_conflict).select("id").execute()
  File "/Users/housinsectsoffperu/Neotropical Specimens Native/.venv-ingest/lib/python3.14/site-packages/postgrest/_sync/request_builder.py", line 90, in execute
    r = send_with_retry(self.request)
  File "/Users/housinsectsoffperu/Neotropical Specimens Native/.venv-ingest/lib/python3.14/site-packages/postgrest/_sync/request_builder.py", line 51, in send_with_retry
    resp = req.send(headers)
  File "/Users/housinsectsoffperu/Neotropical Specimens Native/.venv-ingest/lib/python3.14/site-packages/postgrest/base_request_builder.py", line 90, in send
    return self.session.request(
           ~~~~~~~~~~~~~~~~~~~~^
        self.http_method,
        ^^^^^^^^^^^^^^^^^
    ...<4 lines>...
        auth=self.auth,
        ^^^^^^^^^^^^^^^
    )
    ^
  File "/Users/housinsectsoffperu/Neotropical Specimens Native/.venv-ingest/lib/python3.14/site-packages/httpx/_client.py", line 825, in request
    return self.send(request, auth=auth, follow_redirects=follow_redirects)
           ~~~~~~~~~^^^^^^^^^^^^^^^^^^^^^^^^^^^^^^^^^^^^^^^^^^^^^^^^^^^^^^^
  File "/Users/housinsectsoffperu/Neotropical Specimens Native/.venv-ingest/lib/python3.14/site-packages/httpx/_client.py", line 914, in send
    response = self._send_handling_auth(
        request,
    ...<2 lines>...
        history=[],
    )
  File "/Users/housinsectsoffperu/Neotropical Specimens Native/.venv-ingest/lib/python3.14/site-packages/httpx/_client.py", line 942, in _send_handling_auth
    response = self._send_handling_redirects(
        request,
        follow_redirects=follow_redirects,
        history=history,
    )
  File "/Users/housinsectsoffperu/Neotropical Specimens Native/.venv-ingest/lib/python3.14/site-packages/httpx/_client.py", line 979, in _send_handling_redirects
    response = self._send_single_request(request)
  File "/Users/housinsectsoffperu/Neotropical Specimens Native/.venv-ingest/lib/python3.14/site-packages/httpx/_client.py", line 1014, in _send_single_request
    response = transport.handle_request(request)
  File "/Users/housinsectsoffperu/Neotropical Specimens Native/.venv-ingest/lib/python3.14/site-packages/httpx/_transports/default.py", line 249, in handle_request
    with map_httpcore_exceptions():
         ~~~~~~~~~~~~~~~~~~~~~~~^^
  File "/usr/local/Cellar/python@3.14/3.14.5/Frameworks/Python.framework/Versions/3.14/lib/python3.14/contextlib.py", line 162, in __exit__
    self.gen.throw(value)
    ~~~~~~~~~~~~~~^^^^^^^
  File "/Users/housinsectsoffperu/Neotropical Specimens Native/.venv-ingest/lib/python3.14/site-packages/httpx/_transports/default.py", line 118, in map_httpcore_exceptions
    raise mapped_exc(message) from exc
httpx.ConnectError: [Errno 8] nodename nor servname provided, or not known
2026-08-01 14:25:10  ERROR     Línea 53 [RI-052] (Stalachtis phaedusa) — ConnectError: [Errno 8] nodename nor servname provided, or not known
Traceback (most recent call last):
  File "/Users/housinsectsoffperu/Neotropical Specimens Native/.venv-ingest/lib/python3.14/site-packages/httpx/_transports/default.py", line 101, in map_httpcore_exceptions
    yield
  File "/Users/housinsectsoffperu/Neotropical Specimens Native/.venv-ingest/lib/python3.14/site-packages/httpx/_transports/default.py", line 250, in handle_request
    resp = self._pool.handle_request(req)
  File "/Users/housinsectsoffperu/Neotropical Specimens Native/.venv-ingest/lib/python3.14/site-packages/httpcore/_sync/connection_pool.py", line 256, in handle_request
    raise exc from None
  File "/Users/housinsectsoffperu/Neotropical Specimens Native/.venv-ingest/lib/python3.14/site-packages/httpcore/_sync/connection_pool.py", line 236, in handle_request
    response = connection.handle_request(
        pool_request.request
    )
  File "/Users/housinsectsoffperu/Neotropical Specimens Native/.venv-ingest/lib/python3.14/site-packages/httpcore/_sync/connection.py", line 101, in handle_request
    raise exc
  File "/Users/housinsectsoffperu/Neotropical Specimens Native/.venv-ingest/lib/python3.14/site-packages/httpcore/_sync/connection.py", line 78, in handle_request
    stream = self._connect(request)
  File "/Users/housinsectsoffperu/Neotropical Specimens Native/.venv-ingest/lib/python3.14/site-packages/httpcore/_sync/connection.py", line 124, in _connect
    stream = self._network_backend.connect_tcp(**kwargs)
  File "/Users/housinsectsoffperu/Neotropical Specimens Native/.venv-ingest/lib/python3.14/site-packages/httpcore/_backends/sync.py", line 207, in connect_tcp
    with map_exceptions(exc_map):
         ~~~~~~~~~~~~~~^^^^^^^^^
  File "/usr/local/Cellar/python@3.14/3.14.5/Frameworks/Python.framework/Versions/3.14/lib/python3.14/contextlib.py", line 162, in __exit__
    self.gen.throw(value)
    ~~~~~~~~~~~~~~^^^^^^^
  File "/Users/housinsectsoffperu/Neotropical Specimens Native/.venv-ingest/lib/python3.14/site-packages/httpcore/_exceptions.py", line 14, in map_exceptions
    raise to_exc(exc) from exc
httpcore.ConnectError: [Errno 8] nodename nor servname provided, or not known

The above exception was the direct cause of the following exception:

Traceback (most recent call last):
  File "/Users/housinsectsoffperu/Neotropical Specimens Native/scripts/ingest_csv.py", line 831, in process_row
    region_id   = resolve_region(sb, r.region)
  File "/Users/housinsectsoffperu/Neotropical Specimens Native/scripts/ingest_csv.py", line 616, in resolve_region
    rid = _upsert(sb, "global_regions", {"region_name": region_name}, "region_name")
  File "/Users/housinsectsoffperu/Neotropical Specimens Native/scripts/ingest_csv.py", line 604, in _upsert
    res = sb.table(table).upsert(row, on_conflict=on_conflict).select("id").execute()
  File "/Users/housinsectsoffperu/Neotropical Specimens Native/.venv-ingest/lib/python3.14/site-packages/postgrest/_sync/request_builder.py", line 90, in execute
    r = send_with_retry(self.request)
  File "/Users/housinsectsoffperu/Neotropical Specimens Native/.venv-ingest/lib/python3.14/site-packages/postgrest/_sync/request_builder.py", line 51, in send_with_retry
    resp = req.send(headers)
  File "/Users/housinsectsoffperu/Neotropical Specimens Native/.venv-ingest/lib/python3.14/site-packages/postgrest/base_request_builder.py", line 90, in send
    return self.session.request(
           ~~~~~~~~~~~~~~~~~~~~^
        self.http_method,
        ^^^^^^^^^^^^^^^^^
    ...<4 lines>...
        auth=self.auth,
        ^^^^^^^^^^^^^^^
    )
    ^
  File "/Users/housinsectsoffperu/Neotropical Specimens Native/.venv-ingest/lib/python3.14/site-packages/httpx/_client.py", line 825, in request
    return self.send(request, auth=auth, follow_redirects=follow_redirects)
           ~~~~~~~~~^^^^^^^^^^^^^^^^^^^^^^^^^^^^^^^^^^^^^^^^^^^^^^^^^^^^^^^
  File "/Users/housinsectsoffperu/Neotropical Specimens Native/.venv-ingest/lib/python3.14/site-packages/httpx/_client.py", line 914, in send
    response = self._send_handling_auth(
        request,
    ...<2 lines>...
        history=[],
    )
  File "/Users/housinsectsoffperu/Neotropical Specimens Native/.venv-ingest/lib/python3.14/site-packages/httpx/_client.py", line 942, in _send_handling_auth
    response = self._send_handling_redirects(
        request,
        follow_redirects=follow_redirects,
        history=history,
    )
  File "/Users/housinsectsoffperu/Neotropical Specimens Native/.venv-ingest/lib/python3.14/site-packages/httpx/_client.py", line 979, in _send_handling_redirects
    response = self._send_single_request(request)
  File "/Users/housinsectsoffperu/Neotropical Specimens Native/.venv-ingest/lib/python3.14/site-packages/httpx/_client.py", line 1014, in _send_single_request
    response = transport.handle_request(request)
  File "/Users/housinsectsoffperu/Neotropical Specimens Native/.venv-ingest/lib/python3.14/site-packages/httpx/_transports/default.py", line 249, in handle_request
    with map_httpcore_exceptions():
         ~~~~~~~~~~~~~~~~~~~~~~~^^
  File "/usr/local/Cellar/python@3.14/3.14.5/Frameworks/Python.framework/Versions/3.14/lib/python3.14/contextlib.py", line 162, in __exit__
    self.gen.throw(value)
    ~~~~~~~~~~~~~~^^^^^^^
  File "/Users/housinsectsoffperu/Neotropical Specimens Native/.venv-ingest/lib/python3.14/site-packages/httpx/_transports/default.py", line 118, in map_httpcore_exceptions
    raise mapped_exc(message) from exc
httpx.ConnectError: [Errno 8] nodename nor servname provided, or not known
2026-08-01 14:25:10  ERROR     Línea 54 [RI-053] (Thisbe irene) — ConnectError: [Errno 8] nodename nor servname provided, or not known
Traceback (most recent call last):
  File "/Users/housinsectsoffperu/Neotropical Specimens Native/.venv-ingest/lib/python3.14/site-packages/httpx/_transports/default.py", line 101, in map_httpcore_exceptions
    yield
  File "/Users/housinsectsoffperu/Neotropical Specimens Native/.venv-ingest/lib/python3.14/site-packages/httpx/_transports/default.py", line 250, in handle_request
    resp = self._pool.handle_request(req)
  File "/Users/housinsectsoffperu/Neotropical Specimens Native/.venv-ingest/lib/python3.14/site-packages/httpcore/_sync/connection_pool.py", line 256, in handle_request
    raise exc from None
  File "/Users/housinsectsoffperu/Neotropical Specimens Native/.venv-ingest/lib/python3.14/site-packages/httpcore/_sync/connection_pool.py", line 236, in handle_request
    response = connection.handle_request(
        pool_request.request
    )
  File "/Users/housinsectsoffperu/Neotropical Specimens Native/.venv-ingest/lib/python3.14/site-packages/httpcore/_sync/connection.py", line 101, in handle_request
    raise exc
  File "/Users/housinsectsoffperu/Neotropical Specimens Native/.venv-ingest/lib/python3.14/site-packages/httpcore/_sync/connection.py", line 78, in handle_request
    stream = self._connect(request)
  File "/Users/housinsectsoffperu/Neotropical Specimens Native/.venv-ingest/lib/python3.14/site-packages/httpcore/_sync/connection.py", line 124, in _connect
    stream = self._network_backend.connect_tcp(**kwargs)
  File "/Users/housinsectsoffperu/Neotropical Specimens Native/.venv-ingest/lib/python3.14/site-packages/httpcore/_backends/sync.py", line 207, in connect_tcp
    with map_exceptions(exc_map):
         ~~~~~~~~~~~~~~^^^^^^^^^
  File "/usr/local/Cellar/python@3.14/3.14.5/Frameworks/Python.framework/Versions/3.14/lib/python3.14/contextlib.py", line 162, in __exit__
    self.gen.throw(value)
    ~~~~~~~~~~~~~~^^^^^^^
  File "/Users/housinsectsoffperu/Neotropical Specimens Native/.venv-ingest/lib/python3.14/site-packages/httpcore/_exceptions.py", line 14, in map_exceptions
    raise to_exc(exc) from exc
httpcore.ConnectError: [Errno 8] nodename nor servname provided, or not known

The above exception was the direct cause of the following exception:

Traceback (most recent call last):
  File "/Users/housinsectsoffperu/Neotropical Specimens Native/scripts/ingest_csv.py", line 831, in process_row
    region_id   = resolve_region(sb, r.region)
  File "/Users/housinsectsoffperu/Neotropical Specimens Native/scripts/ingest_csv.py", line 616, in resolve_region
    rid = _upsert(sb, "global_regions", {"region_name": region_name}, "region_name")
  File "/Users/housinsectsoffperu/Neotropical Specimens Native/scripts/ingest_csv.py", line 604, in _upsert
    res = sb.table(table).upsert(row, on_conflict=on_conflict).select("id").execute()
  File "/Users/housinsectsoffperu/Neotropical Specimens Native/.venv-ingest/lib/python3.14/site-packages/postgrest/_sync/request_builder.py", line 90, in execute
    r = send_with_retry(self.request)
  File "/Users/housinsectsoffperu/Neotropical Specimens Native/.venv-ingest/lib/python3.14/site-packages/postgrest/_sync/request_builder.py", line 51, in send_with_retry
    resp = req.send(headers)
  File "/Users/housinsectsoffperu/Neotropical Specimens Native/.venv-ingest/lib/python3.14/site-packages/postgrest/base_request_builder.py", line 90, in send
    return self.session.request(
           ~~~~~~~~~~~~~~~~~~~~^
        self.http_method,
        ^^^^^^^^^^^^^^^^^
    ...<4 lines>...
        auth=self.auth,
        ^^^^^^^^^^^^^^^
    )
    ^
  File "/Users/housinsectsoffperu/Neotropical Specimens Native/.venv-ingest/lib/python3.14/site-packages/httpx/_client.py", line 825, in request
    return self.send(request, auth=auth, follow_redirects=follow_redirects)
           ~~~~~~~~~^^^^^^^^^^^^^^^^^^^^^^^^^^^^^^^^^^^^^^^^^^^^^^^^^^^^^^^
  File "/Users/housinsectsoffperu/Neotropical Specimens Native/.venv-ingest/lib/python3.14/site-packages/httpx/_client.py", line 914, in send
    response = self._send_handling_auth(
        request,
    ...<2 lines>...
        history=[],
    )
  File "/Users/housinsectsoffperu/Neotropical Specimens Native/.venv-ingest/lib/python3.14/site-packages/httpx/_client.py", line 942, in _send_handling_auth
    response = self._send_handling_redirects(
        request,
        follow_redirects=follow_redirects,
        history=history,
    )
  File "/Users/housinsectsoffperu/Neotropical Specimens Native/.venv-ingest/lib/python3.14/site-packages/httpx/_client.py", line 979, in _send_handling_redirects
    response = self._send_single_request(request)
  File "/Users/housinsectsoffperu/Neotropical Specimens Native/.venv-ingest/lib/python3.14/site-packages/httpx/_client.py", line 1014, in _send_single_request
    response = transport.handle_request(request)
  File "/Users/housinsectsoffperu/Neotropical Specimens Native/.venv-ingest/lib/python3.14/site-packages/httpx/_transports/default.py", line 249, in handle_request
    with map_httpcore_exceptions():
         ~~~~~~~~~~~~~~~~~~~~~~~^^
  File "/usr/local/Cellar/python@3.14/3.14.5/Frameworks/Python.framework/Versions/3.14/lib/python3.14/contextlib.py", line 162, in __exit__
    self.gen.throw(value)
    ~~~~~~~~~~~~~~^^^^^^^
  File "/Users/housinsectsoffperu/Neotropical Specimens Native/.venv-ingest/lib/python3.14/site-packages/httpx/_transports/default.py", line 118, in map_httpcore_exceptions
    raise mapped_exc(message) from exc
httpx.ConnectError: [Errno 8] nodename nor servname provided, or not known
2026-08-01 14:25:10  ERROR     Línea 55 [RI-054] (Thisbe irene) — ConnectError: [Errno 8] nodename nor servname provided, or not known
Traceback (most recent call last):
  File "/Users/housinsectsoffperu/Neotropical Specimens Native/.venv-ingest/lib/python3.14/site-packages/httpx/_transports/default.py", line 101, in map_httpcore_exceptions
    yield
  File "/Users/housinsectsoffperu/Neotropical Specimens Native/.venv-ingest/lib/python3.14/site-packages/httpx/_transports/default.py", line 250, in handle_request
    resp = self._pool.handle_request(req)
  File "/Users/housinsectsoffperu/Neotropical Specimens Native/.venv-ingest/lib/python3.14/site-packages/httpcore/_sync/connection_pool.py", line 256, in handle_request
    raise exc from None
  File "/Users/housinsectsoffperu/Neotropical Specimens Native/.venv-ingest/lib/python3.14/site-packages/httpcore/_sync/connection_pool.py", line 236, in handle_request
    response = connection.handle_request(
        pool_request.request
    )
  File "/Users/housinsectsoffperu/Neotropical Specimens Native/.venv-ingest/lib/python3.14/site-packages/httpcore/_sync/connection.py", line 101, in handle_request
    raise exc
  File "/Users/housinsectsoffperu/Neotropical Specimens Native/.venv-ingest/lib/python3.14/site-packages/httpcore/_sync/connection.py", line 78, in handle_request
    stream = self._connect(request)
  File "/Users/housinsectsoffperu/Neotropical Specimens Native/.venv-ingest/lib/python3.14/site-packages/httpcore/_sync/connection.py", line 124, in _connect
    stream = self._network_backend.connect_tcp(**kwargs)
  File "/Users/housinsectsoffperu/Neotropical Specimens Native/.venv-ingest/lib/python3.14/site-packages/httpcore/_backends/sync.py", line 207, in connect_tcp
    with map_exceptions(exc_map):
         ~~~~~~~~~~~~~~^^^^^^^^^
  File "/usr/local/Cellar/python@3.14/3.14.5/Frameworks/Python.framework/Versions/3.14/lib/python3.14/contextlib.py", line 162, in __exit__
    self.gen.throw(value)
    ~~~~~~~~~~~~~~^^^^^^^
  File "/Users/housinsectsoffperu/Neotropical Specimens Native/.venv-ingest/lib/python3.14/site-packages/httpcore/_exceptions.py", line 14, in map_exceptions
    raise to_exc(exc) from exc
httpcore.ConnectError: [Errno 8] nodename nor servname provided, or not known

The above exception was the direct cause of the following exception:

Traceback (most recent call last):
  File "/Users/housinsectsoffperu/Neotropical Specimens Native/scripts/ingest_csv.py", line 831, in process_row
    region_id   = resolve_region(sb, r.region)
  File "/Users/housinsectsoffperu/Neotropical Specimens Native/scripts/ingest_csv.py", line 616, in resolve_region
    rid = _upsert(sb, "global_regions", {"region_name": region_name}, "region_name")
  File "/Users/housinsectsoffperu/Neotropical Specimens Native/scripts/ingest_csv.py", line 604, in _upsert
    res = sb.table(table).upsert(row, on_conflict=on_conflict).select("id").execute()
  File "/Users/housinsectsoffperu/Neotropical Specimens Native/.venv-ingest/lib/python3.14/site-packages/postgrest/_sync/request_builder.py", line 90, in execute
    r = send_with_retry(self.request)
  File "/Users/housinsectsoffperu/Neotropical Specimens Native/.venv-ingest/lib/python3.14/site-packages/postgrest/_sync/request_builder.py", line 51, in send_with_retry
    resp = req.send(headers)
  File "/Users/housinsectsoffperu/Neotropical Specimens Native/.venv-ingest/lib/python3.14/site-packages/postgrest/base_request_builder.py", line 90, in send
    return self.session.request(
           ~~~~~~~~~~~~~~~~~~~~^
        self.http_method,
        ^^^^^^^^^^^^^^^^^
    ...<4 lines>...
        auth=self.auth,
        ^^^^^^^^^^^^^^^
    )
    ^
  File "/Users/housinsectsoffperu/Neotropical Specimens Native/.venv-ingest/lib/python3.14/site-packages/httpx/_client.py", line 825, in request
    return self.send(request, auth=auth, follow_redirects=follow_redirects)
           ~~~~~~~~~^^^^^^^^^^^^^^^^^^^^^^^^^^^^^^^^^^^^^^^^^^^^^^^^^^^^^^^
  File "/Users/housinsectsoffperu/Neotropical Specimens Native/.venv-ingest/lib/python3.14/site-packages/httpx/_client.py", line 914, in send
    response = self._send_handling_auth(
        request,
    ...<2 lines>...
        history=[],
    )
  File "/Users/housinsectsoffperu/Neotropical Specimens Native/.venv-ingest/lib/python3.14/site-packages/httpx/_client.py", line 942, in _send_handling_auth
    response = self._send_handling_redirects(
        request,
        follow_redirects=follow_redirects,
        history=history,
    )
  File "/Users/housinsectsoffperu/Neotropical Specimens Native/.venv-ingest/lib/python3.14/site-packages/httpx/_client.py", line 979, in _send_handling_redirects
    response = self._send_single_request(request)
  File "/Users/housinsectsoffperu/Neotropical Specimens Native/.venv-ingest/lib/python3.14/site-packages/httpx/_client.py", line 1014, in _send_single_request
    response = transport.handle_request(request)
  File "/Users/housinsectsoffperu/Neotropical Specimens Native/.venv-ingest/lib/python3.14/site-packages/httpx/_transports/default.py", line 249, in handle_request
    with map_httpcore_exceptions():
         ~~~~~~~~~~~~~~~~~~~~~~~^^
  File "/usr/local/Cellar/python@3.14/3.14.5/Frameworks/Python.framework/Versions/3.14/lib/python3.14/contextlib.py", line 162, in __exit__
    self.gen.throw(value)
    ~~~~~~~~~~~~~~^^^^^^^
  File "/Users/housinsectsoffperu/Neotropical Specimens Native/.venv-ingest/lib/python3.14/site-packages/httpx/_transports/default.py", line 118, in map_httpcore_exceptions
    raise mapped_exc(message) from exc
httpx.ConnectError: [Errno 8] nodename nor servname provided, or not known
2026-08-01 14:30:18  WARNING   Insert full falló ({'message': "Could not find the 'specimen_code' column of 'specimens' in the schema cache", 'code': 'PGRST204', 'hint': ). Reintento slim. code=RI-001
2026-08-01 14:30:20  WARNING   Insert full falló ({'message': "Could not find the 'specimen_code' column of 'specimens' in the schema cache", 'code': 'PGRST204', 'hint': ). Reintento slim. code=RI-002
2026-08-01 14:30:21  WARNING   Insert full falló ({'message': "Could not find the 'specimen_code' column of 'specimens' in the schema cache", 'code': 'PGRST204', 'hint': ). Reintento slim. code=RI-003
2026-08-01 14:30:23  WARNING   Insert full falló ({'message': "Could not find the 'specimen_code' column of 'specimens' in the schema cache", 'code': 'PGRST204', 'hint': ). Reintento slim. code=RI-004
2026-08-01 14:30:24  WARNING   Insert full falló ({'message': "Could not find the 'specimen_code' column of 'specimens' in the schema cache", 'code': 'PGRST204', 'hint': ). Reintento slim. code=RI-005
2026-08-01 14:30:26  WARNING   Insert full falló ({'message': "Could not find the 'specimen_code' column of 'specimens' in the schema cache", 'code': 'PGRST204', 'hint': ). Reintento slim. code=RI-006
2026-08-01 14:30:27  WARNING   Insert full falló ({'message': "Could not find the 'specimen_code' column of 'specimens' in the schema cache", 'code': 'PGRST204', 'hint': ). Reintento slim. code=RI-007
2026-08-01 14:30:29  WARNING   Insert full falló ({'message': "Could not find the 'specimen_code' column of 'specimens' in the schema cache", 'code': 'PGRST204', 'hint': ). Reintento slim. code=RI-008
2026-08-01 14:30:31  WARNING   Insert full falló ({'message': "Could not find the 'specimen_code' column of 'specimens' in the schema cache", 'code': 'PGRST204', 'hint': ). Reintento slim. code=RI-009
2026-08-01 14:30:32  WARNING   Insert full falló ({'message': "Could not find the 'specimen_code' column of 'specimens' in the schema cache", 'code': 'PGRST204', 'hint': ). Reintento slim. code=RI-010
2026-08-01 14:30:34  WARNING   Insert full falló ({'message': "Could not find the 'specimen_code' column of 'specimens' in the schema cache", 'code': 'PGRST204', 'hint': ). Reintento slim. code=RI-011
2026-08-01 14:30:35  WARNING   Insert full falló ({'message': "Could not find the 'specimen_code' column of 'specimens' in the schema cache", 'code': 'PGRST204', 'hint': ). Reintento slim. code=RI-012
2026-08-01 14:30:37  WARNING   Insert full falló ({'message': "Could not find the 'specimen_code' column of 'specimens' in the schema cache", 'code': 'PGRST204', 'hint': ). Reintento slim. code=RI-013
2026-08-01 14:30:39  WARNING   Insert full falló ({'message': "Could not find the 'specimen_code' column of 'specimens' in the schema cache", 'code': 'PGRST204', 'hint': ). Reintento slim. code=RI-014
2026-08-01 14:30:40  WARNING   Insert full falló ({'message': "Could not find the 'specimen_code' column of 'specimens' in the schema cache", 'code': 'PGRST204', 'hint': ). Reintento slim. code=RI-015
2026-08-01 14:30:42  WARNING   Insert full falló ({'message': "Could not find the 'specimen_code' column of 'specimens' in the schema cache", 'code': 'PGRST204', 'hint': ). Reintento slim. code=RI-016
2026-08-01 14:30:44  WARNING   Insert full falló ({'message': "Could not find the 'specimen_code' column of 'specimens' in the schema cache", 'code': 'PGRST204', 'hint': ). Reintento slim. code=RI-017
2026-08-01 14:30:45  WARNING   Insert full falló ({'message': "Could not find the 'specimen_code' column of 'specimens' in the schema cache", 'code': 'PGRST204', 'hint': ). Reintento slim. code=RI-018
2026-08-01 14:30:47  WARNING   Insert full falló ({'message': "Could not find the 'specimen_code' column of 'specimens' in the schema cache", 'code': 'PGRST204', 'hint': ). Reintento slim. code=RI-019
2026-08-01 14:30:48  WARNING   Insert full falló ({'message': "Could not find the 'specimen_code' column of 'specimens' in the schema cache", 'code': 'PGRST204', 'hint': ). Reintento slim. code=RI-020
2026-08-01 14:30:49  WARNING   Insert full falló ({'message': "Could not find the 'specimen_code' column of 'specimens' in the schema cache", 'code': 'PGRST204', 'hint': ). Reintento slim. code=RI-021
2026-08-01 14:30:51  WARNING   Insert full falló ({'message': "Could not find the 'specimen_code' column of 'specimens' in the schema cache", 'code': 'PGRST204', 'hint': ). Reintento slim. code=RI-022
2026-08-01 14:30:52  WARNING   Insert full falló ({'message': "Could not find the 'specimen_code' column of 'specimens' in the schema cache", 'code': 'PGRST204', 'hint': ). Reintento slim. code=RI-023
2026-08-01 14:30:54  WARNING   Insert full falló ({'message': "Could not find the 'specimen_code' column of 'specimens' in the schema cache", 'code': 'PGRST204', 'hint': ). Reintento slim. code=RI-024
2026-08-01 14:30:55  WARNING   Insert full falló ({'message': "Could not find the 'specimen_code' column of 'specimens' in the schema cache", 'code': 'PGRST204', 'hint': ). Reintento slim. code=RI-025
2026-08-01 14:30:57  WARNING   Insert full falló ({'message': "Could not find the 'specimen_code' column of 'specimens' in the schema cache", 'code': 'PGRST204', 'hint': ). Reintento slim. code=RI-026
2026-08-01 14:30:58  WARNING   Insert full falló ({'message': "Could not find the 'specimen_code' column of 'specimens' in the schema cache", 'code': 'PGRST204', 'hint': ). Reintento slim. code=RI-027
2026-08-01 14:31:00  WARNING   Insert full falló ({'message': "Could not find the 'specimen_code' column of 'specimens' in the schema cache", 'code': 'PGRST204', 'hint': ). Reintento slim. code=RI-028
2026-08-01 14:31:02  WARNING   Insert full falló ({'message': "Could not find the 'specimen_code' column of 'specimens' in the schema cache", 'code': 'PGRST204', 'hint': ). Reintento slim. code=RI-029
2026-08-01 14:31:03  WARNING   Insert full falló ({'message': "Could not find the 'specimen_code' column of 'specimens' in the schema cache", 'code': 'PGRST204', 'hint': ). Reintento slim. code=RI-030
2026-08-01 14:31:05  WARNING   Insert full falló ({'message': "Could not find the 'specimen_code' column of 'specimens' in the schema cache", 'code': 'PGRST204', 'hint': ). Reintento slim. code=RI-031
2026-08-01 14:31:07  WARNING   Insert full falló ({'message': "Could not find the 'specimen_code' column of 'specimens' in the schema cache", 'code': 'PGRST204', 'hint': ). Reintento slim. code=RI-032
2026-08-01 14:31:09  WARNING   Insert full falló ({'message': "Could not find the 'specimen_code' column of 'specimens' in the schema cache", 'code': 'PGRST204', 'hint': ). Reintento slim. code=RI-033
2026-08-01 14:31:10  WARNING   Insert full falló ({'message': "Could not find the 'specimen_code' column of 'specimens' in the schema cache", 'code': 'PGRST204', 'hint': ). Reintento slim. code=RI-034
2026-08-01 14:31:12  WARNING   Insert full falló ({'message': "Could not find the 'specimen_code' column of 'specimens' in the schema cache", 'code': 'PGRST204', 'hint': ). Reintento slim. code=RI-035
2026-08-01 14:31:14  WARNING   Insert full falló ({'message': "Could not find the 'specimen_code' column of 'specimens' in the schema cache", 'code': 'PGRST204', 'hint': ). Reintento slim. code=RI-036
2026-08-01 14:31:16  WARNING   Insert full falló ({'message': "Could not find the 'specimen_code' column of 'specimens' in the schema cache", 'code': 'PGRST204', 'hint': ). Reintento slim. code=RI-037
2026-08-01 14:31:17  WARNING   Insert full falló ({'message': "Could not find the 'specimen_code' column of 'specimens' in the schema cache", 'code': 'PGRST204', 'hint': ). Reintento slim. code=RI-038
2026-08-01 14:31:19  WARNING   Insert full falló ({'message': "Could not find the 'specimen_code' column of 'specimens' in the schema cache", 'code': 'PGRST204', 'hint': ). Reintento slim. code=RI-039
2026-08-01 14:31:21  WARNING   Insert full falló ({'message': "Could not find the 'specimen_code' column of 'specimens' in the schema cache", 'code': 'PGRST204', 'hint': ). Reintento slim. code=RI-040
2026-08-01 14:31:23  WARNING   Insert full falló ({'message': "Could not find the 'specimen_code' column of 'specimens' in the schema cache", 'code': 'PGRST204', 'hint': ). Reintento slim. code=RI-041
2026-08-01 14:31:25  WARNING   Insert full falló ({'message': "Could not find the 'specimen_code' column of 'specimens' in the schema cache", 'code': 'PGRST204', 'hint': ). Reintento slim. code=RI-042
2026-08-01 14:31:26  WARNING   Insert full falló ({'message': "Could not find the 'specimen_code' column of 'specimens' in the schema cache", 'code': 'PGRST204', 'hint': ). Reintento slim. code=RI-043
2026-08-01 14:31:27  WARNING   Insert full falló ({'message': "Could not find the 'specimen_code' column of 'specimens' in the schema cache", 'code': 'PGRST204', 'hint': ). Reintento slim. code=RI-044
2026-08-01 14:31:29  WARNING   Insert full falló ({'message': "Could not find the 'specimen_code' column of 'specimens' in the schema cache", 'code': 'PGRST204', 'hint': ). Reintento slim. code=RI-045
2026-08-01 14:31:30  WARNING   Insert full falló ({'message': "Could not find the 'specimen_code' column of 'specimens' in the schema cache", 'code': 'PGRST204', 'hint': ). Reintento slim. code=RI-046
2026-08-01 14:31:31  WARNING   Insert full falló ({'message': "Could not find the 'specimen_code' column of 'specimens' in the schema cache", 'code': 'PGRST204', 'hint': ). Reintento slim. code=RI-047
2026-08-01 14:31:32  WARNING   Insert full falló ({'message': "Could not find the 'specimen_code' column of 'specimens' in the schema cache", 'code': 'PGRST204', 'hint': ). Reintento slim. code=RI-048
2026-08-01 14:31:34  WARNING   Insert full falló ({'message': "Could not find the 'specimen_code' column of 'specimens' in the schema cache", 'code': 'PGRST204', 'hint': ). Reintento slim. code=RI-049
2026-08-01 14:31:36  WARNING   Insert full falló ({'message': "Could not find the 'specimen_code' column of 'specimens' in the schema cache", 'code': 'PGRST204', 'hint': ). Reintento slim. code=RI-050
2026-08-01 14:31:37  WARNING   Insert full falló ({'message': "Could not find the 'specimen_code' column of 'specimens' in the schema cache", 'code': 'PGRST204', 'hint': ). Reintento slim. code=RI-051
2026-08-01 14:31:39  WARNING   Insert full falló ({'message': "Could not find the 'specimen_code' column of 'specimens' in the schema cache", 'code': 'PGRST204', 'hint': ). Reintento slim. code=RI-052
2026-08-01 14:31:41  WARNING   Insert full falló ({'message': "Could not find the 'specimen_code' column of 'specimens' in the schema cache", 'code': 'PGRST204', 'hint': ). Reintento slim. code=RI-053
2026-08-01 14:31:42  WARNING   Insert full falló ({'message': "Could not find the 'specimen_code' column of 'specimens' in the schema cache", 'code': 'PGRST204', 'hint': ). Reintento slim. code=RI-054
2026-08-01 14:54:35  WARNING   Insert full falló ({'message': "Could not find the 'specimen_code' column of 'specimens' in the schema cache", 'code': 'PGRST204', 'hint': ). Reintento slim. code=PA-100
2026-08-01 14:54:37  WARNING   Insert full falló ({'message': "Could not find the 'specimen_code' column of 'specimens' in the schema cache", 'code': 'PGRST204', 'hint': ). Reintento slim. code=PA-101
2026-08-01 14:54:39  WARNING   Insert full falló ({'message': "Could not find the 'specimen_code' column of 'specimens' in the schema cache", 'code': 'PGRST204', 'hint': ). Reintento slim. code=PA-102
2026-08-01 14:54:40  WARNING   Insert full falló ({'message': "Could not find the 'specimen_code' column of 'specimens' in the schema cache", 'code': 'PGRST204', 'hint': ). Reintento slim. code=PA-103
2026-08-01 14:54:42  WARNING   Insert full falló ({'message': "Could not find the 'specimen_code' column of 'specimens' in the schema cache", 'code': 'PGRST204', 'hint': ). Reintento slim. code=PA-104
2026-08-01 14:54:44  WARNING   Insert full falló ({'message': "Could not find the 'specimen_code' column of 'specimens' in the schema cache", 'code': 'PGRST204', 'hint': ). Reintento slim. code=PA-105
2026-08-01 14:54:45  WARNING   Insert full falló ({'message': "Could not find the 'specimen_code' column of 'specimens' in the schema cache", 'code': 'PGRST204', 'hint': ). Reintento slim. code=PA-106
2026-08-01 14:54:47  WARNING   Insert full falló ({'message': "Could not find the 'specimen_code' column of 'specimens' in the schema cache", 'code': 'PGRST204', 'hint': ). Reintento slim. code=PA-107
2026-08-01 14:54:49  WARNING   Insert full falló ({'message': "Could not find the 'specimen_code' column of 'specimens' in the schema cache", 'code': 'PGRST204', 'hint': ). Reintento slim. code=PA-108
2026-08-01 14:54:50  WARNING   Insert full falló ({'message': "Could not find the 'specimen_code' column of 'specimens' in the schema cache", 'code': 'PGRST204', 'hint': ). Reintento slim. code=PA-109
2026-08-01 14:54:52  WARNING   Insert full falló ({'message': "Could not find the 'specimen_code' column of 'specimens' in the schema cache", 'code': 'PGRST204', 'hint': ). Reintento slim. code=PA-110
2026-08-01 14:54:53  WARNING   Insert full falló ({'message': "Could not find the 'specimen_code' column of 'specimens' in the schema cache", 'code': 'PGRST204', 'hint': ). Reintento slim. code=PA-111
2026-08-01 14:54:54  WARNING   Insert full falló ({'message': "Could not find the 'specimen_code' column of 'specimens' in the schema cache", 'code': 'PGRST204', 'hint': ). Reintento slim. code=PA-112
2026-08-01 14:54:56  WARNING   Insert full falló ({'message': "Could not find the 'specimen_code' column of 'specimens' in the schema cache", 'code': 'PGRST204', 'hint': ). Reintento slim. code=PA-113
2026-08-01 14:54:57  WARNING   Insert full falló ({'message': "Could not find the 'specimen_code' column of 'specimens' in the schema cache", 'code': 'PGRST204', 'hint': ). Reintento slim. code=PA-114
2026-08-01 14:54:59  WARNING   Insert full falló ({'message': "Could not find the 'specimen_code' column of 'specimens' in the schema cache", 'code': 'PGRST204', 'hint': ). Reintento slim. code=PA-115
2026-08-01 14:55:00  WARNING   Insert full falló ({'message': "Could not find the 'specimen_code' column of 'specimens' in the schema cache", 'code': 'PGRST204', 'hint': ). Reintento slim. code=PA-116
2026-08-01 14:55:02  WARNING   Insert full falló ({'message': "Could not find the 'specimen_code' column of 'specimens' in the schema cache", 'code': 'PGRST204', 'hint': ). Reintento slim. code=PA-117
2026-08-01 14:55:04  WARNING   Insert full falló ({'message': "Could not find the 'specimen_code' column of 'specimens' in the schema cache", 'code': 'PGRST204', 'hint': ). Reintento slim. code=PA-118
2026-08-01 14:55:05  WARNING   Insert full falló ({'message': "Could not find the 'specimen_code' column of 'specimens' in the schema cache", 'code': 'PGRST204', 'hint': ). Reintento slim. code=PA-119
2026-08-01 14:55:07  WARNING   Insert full falló ({'message': "Could not find the 'specimen_code' column of 'specimens' in the schema cache", 'code': 'PGRST204', 'hint': ). Reintento slim. code=PA-120
2026-08-01 14:55:09  WARNING   Insert full falló ({'message': "Could not find the 'specimen_code' column of 'specimens' in the schema cache", 'code': 'PGRST204', 'hint': ). Reintento slim. code=PA-121
2026-08-01 14:55:11  WARNING   Insert full falló ({'message': "Could not find the 'specimen_code' column of 'specimens' in the schema cache", 'code': 'PGRST204', 'hint': ). Reintento slim. code=PA-122
2026-08-01 14:55:12  WARNING   Insert full falló ({'message': "Could not find the 'specimen_code' column of 'specimens' in the schema cache", 'code': 'PGRST204', 'hint': ). Reintento slim. code=PA-123
2026-08-01 14:55:14  WARNING   Insert full falló ({'message': "Could not find the 'specimen_code' column of 'specimens' in the schema cache", 'code': 'PGRST204', 'hint': ). Reintento slim. code=PA-124
2026-08-01 14:55:16  WARNING   Insert full falló ({'message': "Could not find the 'specimen_code' column of 'specimens' in the schema cache", 'code': 'PGRST204', 'hint': ). Reintento slim. code=PA-125
2026-08-01 14:55:18  WARNING   Insert full falló ({'message': "Could not find the 'specimen_code' column of 'specimens' in the schema cache", 'code': 'PGRST204', 'hint': ). Reintento slim. code=PA-126
2026-08-01 14:55:19  WARNING   Insert full falló ({'message': "Could not find the 'specimen_code' column of 'specimens' in the schema cache", 'code': 'PGRST204', 'hint': ). Reintento slim. code=PA-127
2026-08-01 14:55:21  WARNING   Insert full falló ({'message': "Could not find the 'specimen_code' column of 'specimens' in the schema cache", 'code': 'PGRST204', 'hint': ). Reintento slim. code=PA-128
2026-08-01 14:55:22  WARNING   Insert full falló ({'message': "Could not find the 'specimen_code' column of 'specimens' in the schema cache", 'code': 'PGRST204', 'hint': ). Reintento slim. code=PA-129
2026-08-01 14:55:24  WARNING   Insert full falló ({'message': "Could not find the 'specimen_code' column of 'specimens' in the schema cache", 'code': 'PGRST204', 'hint': ). Reintento slim. code=PA-130
2026-08-01 14:55:25  WARNING   Insert full falló ({'message': "Could not find the 'specimen_code' column of 'specimens' in the schema cache", 'code': 'PGRST204', 'hint': ). Reintento slim. code=PA-131
2026-08-01 14:55:26  WARNING   Insert full falló ({'message': "Could not find the 'specimen_code' column of 'specimens' in the schema cache", 'code': 'PGRST204', 'hint': ). Reintento slim. code=PA-132
2026-08-01 14:55:28  WARNING   Insert full falló ({'message': "Could not find the 'specimen_code' column of 'specimens' in the schema cache", 'code': 'PGRST204', 'hint': ). Reintento slim. code=PA-133
2026-08-01 14:55:30  WARNING   Insert full falló ({'message': "Could not find the 'specimen_code' column of 'specimens' in the schema cache", 'code': 'PGRST204', 'hint': ). Reintento slim. code=PA-134
2026-08-01 14:55:31  WARNING   Insert full falló ({'message': "Could not find the 'specimen_code' column of 'specimens' in the schema cache", 'code': 'PGRST204', 'hint': ). Reintento slim. code=PA-135
2026-08-01 14:55:32  WARNING   Insert full falló ({'message': "Could not find the 'specimen_code' column of 'specimens' in the schema cache", 'code': 'PGRST204', 'hint': ). Reintento slim. code=PA-136
2026-08-01 14:55:34  WARNING   Insert full falló ({'message': "Could not find the 'specimen_code' column of 'specimens' in the schema cache", 'code': 'PGRST204', 'hint': ). Reintento slim. code=PA-137
2026-08-01 14:55:35  WARNING   Insert full falló ({'message': "Could not find the 'specimen_code' column of 'specimens' in the schema cache", 'code': 'PGRST204', 'hint': ). Reintento slim. code=PA-138
2026-08-01 14:55:36  WARNING   Insert full falló ({'message': "Could not find the 'specimen_code' column of 'specimens' in the schema cache", 'code': 'PGRST204', 'hint': ). Reintento slim. code=PA-139
2026-08-01 14:55:38  WARNING   Insert full falló ({'message': "Could not find the 'specimen_code' column of 'specimens' in the schema cache", 'code': 'PGRST204', 'hint': ). Reintento slim. code=PA-140
2026-08-01 14:55:39  WARNING   Insert full falló ({'message': "Could not find the 'specimen_code' column of 'specimens' in the schema cache", 'code': 'PGRST204', 'hint': ). Reintento slim. code=PA-141
2026-08-01 14:55:40  WARNING   Insert full falló ({'message': "Could not find the 'specimen_code' column of 'specimens' in the schema cache", 'code': 'PGRST204', 'hint': ). Reintento slim. code=PA-142
2026-08-01 14:55:42  WARNING   Insert full falló ({'message': "Could not find the 'specimen_code' column of 'specimens' in the schema cache", 'code': 'PGRST204', 'hint': ). Reintento slim. code=PA-143
2026-08-01 14:55:43  WARNING   Insert full falló ({'message': "Could not find the 'specimen_code' column of 'specimens' in the schema cache", 'code': 'PGRST204', 'hint': ). Reintento slim. code=PA-144
2026-08-01 14:55:45  WARNING   Insert full falló ({'message': "Could not find the 'specimen_code' column of 'specimens' in the schema cache", 'code': 'PGRST204', 'hint': ). Reintento slim. code=PA-145
2026-08-01 14:55:47  WARNING   Insert full falló ({'message': "Could not find the 'specimen_code' column of 'specimens' in the schema cache", 'code': 'PGRST204', 'hint': ). Reintento slim. code=PA-146
2026-08-01 14:55:48  WARNING   Insert full falló ({'message': "Could not find the 'specimen_code' column of 'specimens' in the schema cache", 'code': 'PGRST204', 'hint': ). Reintento slim. code=PA-147
2026-08-01 14:55:50  WARNING   Insert full falló ({'message': "Could not find the 'specimen_code' column of 'specimens' in the schema cache", 'code': 'PGRST204', 'hint': ). Reintento slim. code=PA-148
2026-08-01 14:55:51  WARNING   Insert full falló ({'message': "Could not find the 'specimen_code' column of 'specimens' in the schema cache", 'code': 'PGRST204', 'hint': ). Reintento slim. code=PA-149
2026-08-01 14:55:53  WARNING   Insert full falló ({'message': "Could not find the 'specimen_code' column of 'specimens' in the schema cache", 'code': 'PGRST204', 'hint': ). Reintento slim. code=PA-150
2026-08-01 14:55:54  WARNING   Insert full falló ({'message': "Could not find the 'specimen_code' column of 'specimens' in the schema cache", 'code': 'PGRST204', 'hint': ). Reintento slim. code=PA-151
2026-08-01 14:55:56  WARNING   Insert full falló ({'message': "Could not find the 'specimen_code' column of 'specimens' in the schema cache", 'code': 'PGRST204', 'hint': ). Reintento slim. code=PA-152
2026-08-01 14:55:58  WARNING   Insert full falló ({'message': "Could not find the 'specimen_code' column of 'specimens' in the schema cache", 'code': 'PGRST204', 'hint': ). Reintento slim. code=PA-153
2026-08-01 14:55:59  WARNING   Insert full falló ({'message': "Could not find the 'specimen_code' column of 'specimens' in the schema cache", 'code': 'PGRST204', 'hint': ). Reintento slim. code=PA-154
2026-08-01 14:56:01  WARNING   Insert full falló ({'message': "Could not find the 'specimen_code' column of 'specimens' in the schema cache", 'code': 'PGRST204', 'hint': ). Reintento slim. code=PA-155
2026-08-01 14:56:03  WARNING   Insert full falló ({'message': "Could not find the 'specimen_code' column of 'specimens' in the schema cache", 'code': 'PGRST204', 'hint': ). Reintento slim. code=PA-156
2026-08-01 14:56:05  WARNING   Insert full falló ({'message': "Could not find the 'specimen_code' column of 'specimens' in the schema cache", 'code': 'PGRST204', 'hint': ). Reintento slim. code=PA-157
2026-08-01 14:56:07  WARNING   Insert full falló ({'message': "Could not find the 'specimen_code' column of 'specimens' in the schema cache", 'code': 'PGRST204', 'hint': ). Reintento slim. code=PA-158
2026-08-01 14:56:08  WARNING   Insert full falló ({'message': "Could not find the 'specimen_code' column of 'specimens' in the schema cache", 'code': 'PGRST204', 'hint': ). Reintento slim. code=PA-159
2026-08-01 14:56:10  WARNING   Insert full falló ({'message': "Could not find the 'specimen_code' column of 'specimens' in the schema cache", 'code': 'PGRST204', 'hint': ). Reintento slim. code=PA-160
2026-08-01 14:56:11  WARNING   Insert full falló ({'message': "Could not find the 'specimen_code' column of 'specimens' in the schema cache", 'code': 'PGRST204', 'hint': ). Reintento slim. code=PA-161
2026-08-01 14:56:13  WARNING   Insert full falló ({'message': "Could not find the 'specimen_code' column of 'specimens' in the schema cache", 'code': 'PGRST204', 'hint': ). Reintento slim. code=PA-162
2026-08-01 14:56:15  WARNING   Insert full falló ({'message': "Could not find the 'specimen_code' column of 'specimens' in the schema cache", 'code': 'PGRST204', 'hint': ). Reintento slim. code=PA-163
2026-08-01 14:56:17  WARNING   Insert full falló ({'message': "Could not find the 'specimen_code' column of 'specimens' in the schema cache", 'code': 'PGRST204', 'hint': ). Reintento slim. code=PA-164
2026-08-01 14:56:18  WARNING   Insert full falló ({'message': "Could not find the 'specimen_code' column of 'specimens' in the schema cache", 'code': 'PGRST204', 'hint': ). Reintento slim. code=PA-165
2026-08-01 14:56:20  WARNING   Insert full falló ({'message': "Could not find the 'specimen_code' column of 'specimens' in the schema cache", 'code': 'PGRST204', 'hint': ). Reintento slim. code=PA-166
2026-08-01 14:56:22  WARNING   Insert full falló ({'message': "Could not find the 'specimen_code' column of 'specimens' in the schema cache", 'code': 'PGRST204', 'hint': ). Reintento slim. code=PA-167
2026-08-01 14:56:23  WARNING   Insert full falló ({'message': "Could not find the 'specimen_code' column of 'specimens' in the schema cache", 'code': 'PGRST204', 'hint': ). Reintento slim. code=PA-168
2026-08-01 14:56:25  WARNING   Insert full falló ({'message': "Could not find the 'specimen_code' column of 'specimens' in the schema cache", 'code': 'PGRST204', 'hint': ). Reintento slim. code=PA-169
2026-08-01 14:56:26  WARNING   Insert full falló ({'message': "Could not find the 'specimen_code' column of 'specimens' in the schema cache", 'code': 'PGRST204', 'hint': ). Reintento slim. code=PA-170
2026-08-01 14:56:28  WARNING   Insert full falló ({'message': "Could not find the 'specimen_code' column of 'specimens' in the schema cache", 'code': 'PGRST204', 'hint': ). Reintento slim. code=PA-171
2026-08-01 14:56:29  WARNING   Insert full falló ({'message': "Could not find the 'specimen_code' column of 'specimens' in the schema cache", 'code': 'PGRST204', 'hint': ). Reintento slim. code=PA-172
2026-08-01 14:56:31  WARNING   Insert full falló ({'message': "Could not find the 'specimen_code' column of 'specimens' in the schema cache", 'code': 'PGRST204', 'hint': ). Reintento slim. code=PA-173
2026-08-01 14:56:33  WARNING   Insert full falló ({'message': "Could not find the 'specimen_code' column of 'specimens' in the schema cache", 'code': 'PGRST204', 'hint': ). Reintento slim. code=PA-174
2026-08-01 14:56:34  WARNING   Insert full falló ({'message': "Could not find the 'specimen_code' column of 'specimens' in the schema cache", 'code': 'PGRST204', 'hint': ). Reintento slim. code=PA-175
2026-08-01 14:56:36  WARNING   Insert full falló ({'message': "Could not find the 'specimen_code' column of 'specimens' in the schema cache", 'code': 'PGRST204', 'hint': ). Reintento slim. code=PA-176
2026-08-01 14:56:38  WARNING   Insert full falló ({'message': "Could not find the 'specimen_code' column of 'specimens' in the schema cache", 'code': 'PGRST204', 'hint': ). Reintento slim. code=PA-177
2026-08-01 14:56:39  WARNING   Insert full falló ({'message': "Could not find the 'specimen_code' column of 'specimens' in the schema cache", 'code': 'PGRST204', 'hint': ). Reintento slim. code=PA-178
2026-08-01 14:56:41  WARNING   Insert full falló ({'message': "Could not find the 'specimen_code' column of 'specimens' in the schema cache", 'code': 'PGRST204', 'hint': ). Reintento slim. code=PA-179
2026-08-01 14:56:42  WARNING   Insert full falló ({'message': "Could not find the 'specimen_code' column of 'specimens' in the schema cache", 'code': 'PGRST204', 'hint': ). Reintento slim. code=PA-180
2026-08-01 14:56:44  WARNING   Insert full falló ({'message': "Could not find the 'specimen_code' column of 'specimens' in the schema cache", 'code': 'PGRST204', 'hint': ). Reintento slim. code=PA-181
2026-08-01 14:56:46  WARNING   Insert full falló ({'message': "Could not find the 'specimen_code' column of 'specimens' in the schema cache", 'code': 'PGRST204', 'hint': ). Reintento slim. code=PA-182
2026-08-01 14:56:47  WARNING   Insert full falló ({'message': "Could not find the 'specimen_code' column of 'specimens' in the schema cache", 'code': 'PGRST204', 'hint': ). Reintento slim. code=PA-183
2026-08-01 14:56:49  WARNING   Insert full falló ({'message': "Could not find the 'specimen_code' column of 'specimens' in the schema cache", 'code': 'PGRST204', 'hint': ). Reintento slim. code=PA-184
2026-08-01 14:56:50  WARNING   Insert full falló ({'message': "Could not find the 'specimen_code' column of 'specimens' in the schema cache", 'code': 'PGRST204', 'hint': ). Reintento slim. code=PA-185
2026-08-01 14:56:52  WARNING   Insert full falló ({'message': "Could not find the 'specimen_code' column of 'specimens' in the schema cache", 'code': 'PGRST204', 'hint': ). Reintento slim. code=PA-186
2026-08-01 14:56:53  WARNING   Insert full falló ({'message': "Could not find the 'specimen_code' column of 'specimens' in the schema cache", 'code': 'PGRST204', 'hint': ). Reintento slim. code=PA-187
2026-08-01 14:56:55  WARNING   Insert full falló ({'message': "Could not find the 'specimen_code' column of 'specimens' in the schema cache", 'code': 'PGRST204', 'hint': ). Reintento slim. code=PA-188
2026-08-01 14:56:56  WARNING   Insert full falló ({'message': "Could not find the 'specimen_code' column of 'specimens' in the schema cache", 'code': 'PGRST204', 'hint': ). Reintento slim. code=PA-189
2026-08-01 14:56:57  WARNING   Insert full falló ({'message': "Could not find the 'specimen_code' column of 'specimens' in the schema cache", 'code': 'PGRST204', 'hint': ). Reintento slim. code=PA-190
2026-08-13 16:24:44  WARNING   Insert full falló ({'message': "Could not find the 'specimen_code' column of 'specimens' in the schema cache", 'code': 'PGRST204', 'hint': ). Reintento slim. code=BR-031
2026-08-13 16:24:46  WARNING   Insert full falló ({'message': "Could not find the 'specimen_code' column of 'specimens' in the schema cache", 'code': 'PGRST204', 'hint': ). Reintento slim. code=BR-032
2026-08-13 16:24:48  WARNING   Insert full falló ({'message': "Could not find the 'specimen_code' column of 'specimens' in the schema cache", 'code': 'PGRST204', 'hint': ). Reintento slim. code=BR-033
2026-08-13 16:24:50  WARNING   Insert full falló ({'message': "Could not find the 'specimen_code' column of 'specimens' in the schema cache", 'code': 'PGRST204', 'hint': ). Reintento slim. code=BR-034
2026-08-13 16:24:52  WARNING   Insert full falló ({'message': "Could not find the 'specimen_code' column of 'specimens' in the schema cache", 'code': 'PGRST204', 'hint': ). Reintento slim. code=BR-035
2026-08-13 16:24:54  WARNING   Insert full falló ({'message': "Could not find the 'specimen_code' column of 'specimens' in the schema cache", 'code': 'PGRST204', 'hint': ). Reintento slim. code=BR-036
2026-08-13 16:24:55  WARNING   Insert full falló ({'message': "Could not find the 'specimen_code' column of 'specimens' in the schema cache", 'code': 'PGRST204', 'hint': ). Reintento slim. code=BR-037
2026-08-13 16:24:57  WARNING   Insert full falló ({'message': "Could not find the 'specimen_code' column of 'specimens' in the schema cache", 'code': 'PGRST204', 'hint': ). Reintento slim. code=BR-038
2026-08-13 16:24:59  WARNING   Insert full falló ({'message': "Could not find the 'specimen_code' column of 'specimens' in the schema cache", 'code': 'PGRST204', 'hint': ). Reintento slim. code=BR-039
2026-08-13 16:25:01  WARNING   Insert full falló ({'message': "Could not find the 'specimen_code' column of 'specimens' in the schema cache", 'code': 'PGRST204', 'hint': ). Reintento slim. code=BR-040
2026-08-13 16:25:03  WARNING   Insert full falló ({'message': "Could not find the 'specimen_code' column of 'specimens' in the schema cache", 'code': 'PGRST204', 'hint': ). Reintento slim. code=BR-041
2026-08-13 16:25:06  WARNING   Insert full falló ({'message': "Could not find the 'specimen_code' column of 'specimens' in the schema cache", 'code': 'PGRST204', 'hint': ). Reintento slim. code=BR-042
2026-08-13 16:25:07  WARNING   Insert full falló ({'message': "Could not find the 'specimen_code' column of 'specimens' in the schema cache", 'code': 'PGRST204', 'hint': ). Reintento slim. code=BR-043
2026-08-13 16:32:19  WARNING   Insert full falló ({'message': "Could not find the 'specimen_code' column of 'specimens' in the schema cache", 'code': 'PGRST204', 'hint': ). Reintento slim. code=BR-044
2026-08-14 09:50:52  ERROR     Archivo no encontrado: tu_archivo.csv
2026-08-14 09:51:01  ERROR     Archivo no encontrado: especies.csv
2026-08-14 09:51:10  ERROR     Archivo no encontrado: data/especies.csv
2026-08-14 09:52:23  ERROR     Archivo no encontrado: NOMBRE_DE_TU_ARCHIVO.csv
2026-08-14 09:53:08  WARNING   Insert full falló ({'message': "Could not find the 'stock' column of 'specimens' in the schema cache", 'code': 'PGRST204', 'hint': None, 'd). Reintento slim. code=HE-001
2026-08-14 09:53:09  WARNING   Insert full falló ({'message': "Could not find the 'stock' column of 'specimens' in the schema cache", 'code': 'PGRST204', 'hint': None, 'd). Reintento slim. code=HE-002
2026-08-14 09:53:11  WARNING   Insert full falló ({'message': "Could not find the 'stock' column of 'specimens' in the schema cache", 'code': 'PGRST204', 'hint': None, 'd). Reintento slim. code=HE-003
2026-08-14 09:53:13  WARNING   Insert full falló ({'message': "Could not find the 'stock' column of 'specimens' in the schema cache", 'code': 'PGRST204', 'hint': None, 'd). Reintento slim. code=HE-004
2026-08-14 09:53:15  WARNING   Insert full falló ({'message': "Could not find the 'stock' column of 'specimens' in the schema cache", 'code': 'PGRST204', 'hint': None, 'd). Reintento slim. code=HE-005
2026-08-14 09:53:17  WARNING   Insert full falló ({'message': "Could not find the 'stock' column of 'specimens' in the schema cache", 'code': 'PGRST204', 'hint': None, 'd). Reintento slim. code=HE-006
2026-08-14 09:53:19  WARNING   Insert full falló ({'message': "Could not find the 'stock' column of 'specimens' in the schema cache", 'code': 'PGRST204', 'hint': None, 'd). Reintento slim. code=HE-007
2026-08-14 09:53:21  WARNING   Insert full falló ({'message': "Could not find the 'stock' column of 'specimens' in the schema cache", 'code': 'PGRST204', 'hint': None, 'd). Reintento slim. code=HE-008
2026-08-14 09:53:23  WARNING   Insert full falló ({'message': "Could not find the 'stock' column of 'specimens' in the schema cache", 'code': 'PGRST204', 'hint': None, 'd). Reintento slim. code=HE-009
2026-08-14 09:53:26  WARNING   Insert full falló ({'message': "Could not find the 'stock' column of 'specimens' in the schema cache", 'code': 'PGRST204', 'hint': None, 'd). Reintento slim. code=IT-001
2026-08-14 09:53:28  WARNING   Insert full falló ({'message': "Could not find the 'stock' column of 'specimens' in the schema cache", 'code': 'PGRST204', 'hint': None, 'd). Reintento slim. code=IT-002
2026-08-14 09:53:30  WARNING   Insert full falló ({'message': "Could not find the 'stock' column of 'specimens' in the schema cache", 'code': 'PGRST204', 'hint': None, 'd). Reintento slim. code=IT-003
2026-08-14 10:21:06  ERROR     Archivo no encontrado: data/NOMBRE_DEL_OTRO_ARCHIVO.csv
2026-08-14 10:24:25  ERROR     Archivo no encontrado: data/carga_brassolini.csv
2026-08-14 10:25:41  WARNING   Insert full falló ({'message': "Could not find the 'stock' column of 'specimens' in the schema cache", 'code': 'PGRST204', 'hint': None, 'd). Reintento slim. code=BR-001
2026-08-14 10:25:43  WARNING   Insert full falló ({'message': "Could not find the 'stock' column of 'specimens' in the schema cache", 'code': 'PGRST204', 'hint': None, 'd). Reintento slim. code=BR-002
2026-08-14 10:25:45  WARNING   Insert full falló ({'message': "Could not find the 'stock' column of 'specimens' in the schema cache", 'code': 'PGRST204', 'hint': None, 'd). Reintento slim. code=BR-003
2026-08-14 10:25:47  WARNING   Insert full falló ({'message': "Could not find the 'stock' column of 'specimens' in the schema cache", 'code': 'PGRST204', 'hint': None, 'd). Reintento slim. code=BR-004
2026-08-14 10:25:48  WARNING   Insert full falló ({'message': "Could not find the 'stock' column of 'specimens' in the schema cache", 'code': 'PGRST204', 'hint': None, 'd). Reintento slim. code=BR-005
2026-08-14 10:25:50  WARNING   Insert full falló ({'message': "Could not find the 'stock' column of 'specimens' in the schema cache", 'code': 'PGRST204', 'hint': None, 'd). Reintento slim. code=BR-006
2026-08-14 10:25:51  WARNING   Insert full falló ({'message': "Could not find the 'stock' column of 'specimens' in the schema cache", 'code': 'PGRST204', 'hint': None, 'd). Reintento slim. code=BR-007
2026-08-14 10:25:53  WARNING   Insert full falló ({'message': "Could not find the 'stock' column of 'specimens' in the schema cache", 'code': 'PGRST204', 'hint': None, 'd). Reintento slim. code=BR-008
2026-08-14 10:25:55  WARNING   Insert full falló ({'message': "Could not find the 'stock' column of 'specimens' in the schema cache", 'code': 'PGRST204', 'hint': None, 'd). Reintento slim. code=BR-009
2026-08-14 10:25:57  WARNING   Insert full falló ({'message': "Could not find the 'stock' column of 'specimens' in the schema cache", 'code': 'PGRST204', 'hint': None, 'd). Reintento slim. code=BR-010
2026-08-14 10:25:59  WARNING   Insert full falló ({'message': "Could not find the 'stock' column of 'specimens' in the schema cache", 'code': 'PGRST204', 'hint': None, 'd). Reintento slim. code=BR-011
2026-08-14 10:26:00  WARNING   Insert full falló ({'message': "Could not find the 'stock' column of 'specimens' in the schema cache", 'code': 'PGRST204', 'hint': None, 'd). Reintento slim. code=BR-012
2026-08-14 10:26:02  WARNING   Insert full falló ({'message': "Could not find the 'stock' column of 'specimens' in the schema cache", 'code': 'PGRST204', 'hint': None, 'd). Reintento slim. code=BR-013
2026-08-14 10:26:04  WARNING   Insert full falló ({'message': "Could not find the 'stock' column of 'specimens' in the schema cache", 'code': 'PGRST204', 'hint': None, 'd). Reintento slim. code=BR-014
2026-08-14 10:26:06  WARNING   Insert full falló ({'message': "Could not find the 'stock' column of 'specimens' in the schema cache", 'code': 'PGRST204', 'hint': None, 'd). Reintento slim. code=BR-015
2026-08-14 10:26:08  WARNING   Insert full falló ({'message': "Could not find the 'stock' column of 'specimens' in the schema cache", 'code': 'PGRST204', 'hint': None, 'd). Reintento slim. code=BR-016
2026-08-14 10:26:10  WARNING   Insert full falló ({'message': "Could not find the 'stock' column of 'specimens' in the schema cache", 'code': 'PGRST204', 'hint': None, 'd). Reintento slim. code=BR-017
2026-08-14 10:26:12  WARNING   Insert full falló ({'message': "Could not find the 'stock' column of 'specimens' in the schema cache", 'code': 'PGRST204', 'hint': None, 'd). Reintento slim. code=BR-018
2026-08-14 10:26:14  WARNING   Insert full falló ({'message': "Could not find the 'stock' column of 'specimens' in the schema cache", 'code': 'PGRST204', 'hint': None, 'd). Reintento slim. code=BR-019
2026-08-14 10:26:16  WARNING   Insert full falló ({'message': "Could not find the 'stock' column of 'specimens' in the schema cache", 'code': 'PGRST204', 'hint': None, 'd). Reintento slim. code=BR-020
2026-08-14 10:26:18  WARNING   Insert full falló ({'message': "Could not find the 'stock' column of 'specimens' in the schema cache", 'code': 'PGRST204', 'hint': None, 'd). Reintento slim. code=BR-021
2026-08-14 10:26:19  WARNING   Insert full falló ({'message': "Could not find the 'stock' column of 'specimens' in the schema cache", 'code': 'PGRST204', 'hint': None, 'd). Reintento slim. code=BR-022
2026-08-14 10:26:21  WARNING   Insert full falló ({'message': "Could not find the 'stock' column of 'specimens' in the schema cache", 'code': 'PGRST204', 'hint': None, 'd). Reintento slim. code=BR-023
2026-08-14 10:26:23  WARNING   Insert full falló ({'message': "Could not find the 'stock' column of 'specimens' in the schema cache", 'code': 'PGRST204', 'hint': None, 'd). Reintento slim. code=BR-024
2026-08-14 10:26:25  WARNING   Insert full falló ({'message': "Could not find the 'stock' column of 'specimens' in the schema cache", 'code': 'PGRST204', 'hint': None, 'd). Reintento slim. code=BR-025
2026-08-14 10:26:27  WARNING   Insert full falló ({'message': "Could not find the 'stock' column of 'specimens' in the schema cache", 'code': 'PGRST204', 'hint': None, 'd). Reintento slim. code=BR-026
2026-08-14 10:26:29  WARNING   Insert full falló ({'message': "Could not find the 'stock' column of 'specimens' in the schema cache", 'code': 'PGRST204', 'hint': None, 'd). Reintento slim. code=BR-027
2026-08-14 10:27:57  WARNING   Insert full falló ({'message': "Could not find the 'stock' column of 'specimens' in the schema cache", 'code': 'PGRST204', 'hint': None, 'd). Reintento slim. code=BR-001
2026-08-14 10:27:59  WARNING   Insert full falló ({'message': "Could not find the 'stock' column of 'specimens' in the schema cache", 'code': 'PGRST204', 'hint': None, 'd). Reintento slim. code=BR-002
2026-08-14 10:28:01  WARNING   Insert full falló ({'message': "Could not find the 'stock' column of 'specimens' in the schema cache", 'code': 'PGRST204', 'hint': None, 'd). Reintento slim. code=BR-003
2026-08-14 10:28:03  WARNING   Insert full falló ({'message': "Could not find the 'stock' column of 'specimens' in the schema cache", 'code': 'PGRST204', 'hint': None, 'd). Reintento slim. code=BR-004
2026-08-14 10:28:04  WARNING   Insert full falló ({'message': "Could not find the 'stock' column of 'specimens' in the schema cache", 'code': 'PGRST204', 'hint': None, 'd). Reintento slim. code=BR-005
2026-08-14 10:28:06  WARNING   Insert full falló ({'message': "Could not find the 'stock' column of 'specimens' in the schema cache", 'code': 'PGRST204', 'hint': None, 'd). Reintento slim. code=BR-006
2026-08-14 10:28:08  WARNING   Insert full falló ({'message': "Could not find the 'stock' column of 'specimens' in the schema cache", 'code': 'PGRST204', 'hint': None, 'd). Reintento slim. code=BR-007
2026-08-14 10:28:09  WARNING   Insert full falló ({'message': "Could not find the 'stock' column of 'specimens' in the schema cache", 'code': 'PGRST204', 'hint': None, 'd). Reintento slim. code=BR-008
2026-08-14 10:28:11  WARNING   Insert full falló ({'message': "Could not find the 'stock' column of 'specimens' in the schema cache", 'code': 'PGRST204', 'hint': None, 'd). Reintento slim. code=BR-009
2026-08-14 10:28:13  WARNING   Insert full falló ({'message': "Could not find the 'stock' column of 'specimens' in the schema cache", 'code': 'PGRST204', 'hint': None, 'd). Reintento slim. code=BR-010
2026-08-14 10:28:15  WARNING   Insert full falló ({'message': "Could not find the 'stock' column of 'specimens' in the schema cache", 'code': 'PGRST204', 'hint': None, 'd). Reintento slim. code=BR-011
2026-08-14 10:28:17  WARNING   Insert full falló ({'message': "Could not find the 'stock' column of 'specimens' in the schema cache", 'code': 'PGRST204', 'hint': None, 'd). Reintento slim. code=BR-012
2026-08-14 10:28:18  WARNING   Insert full falló ({'message': "Could not find the 'stock' column of 'specimens' in the schema cache", 'code': 'PGRST204', 'hint': None, 'd). Reintento slim. code=BR-013
2026-08-14 10:28:20  WARNING   Insert full falló ({'message': "Could not find the 'stock' column of 'specimens' in the schema cache", 'code': 'PGRST204', 'hint': None, 'd). Reintento slim. code=BR-014
2026-08-14 10:28:22  WARNING   Insert full falló ({'message': "Could not find the 'stock' column of 'specimens' in the schema cache", 'code': 'PGRST204', 'hint': None, 'd). Reintento slim. code=BR-015
2026-08-14 10:28:24  WARNING   Insert full falló ({'message': "Could not find the 'stock' column of 'specimens' in the schema cache", 'code': 'PGRST204', 'hint': None, 'd). Reintento slim. code=BR-016
2026-08-14 10:28:26  WARNING   Insert full falló ({'message': "Could not find the 'stock' column of 'specimens' in the schema cache", 'code': 'PGRST204', 'hint': None, 'd). Reintento slim. code=BR-017
2026-08-14 10:28:28  WARNING   Insert full falló ({'message': "Could not find the 'stock' column of 'specimens' in the schema cache", 'code': 'PGRST204', 'hint': None, 'd). Reintento slim. code=BR-018
2026-08-14 10:28:30  WARNING   Insert full falló ({'message': "Could not find the 'stock' column of 'specimens' in the schema cache", 'code': 'PGRST204', 'hint': None, 'd). Reintento slim. code=BR-019
2026-08-14 10:28:32  WARNING   Insert full falló ({'message': "Could not find the 'stock' column of 'specimens' in the schema cache", 'code': 'PGRST204', 'hint': None, 'd). Reintento slim. code=BR-020
2026-08-14 10:28:34  WARNING   Insert full falló ({'message': "Could not find the 'stock' column of 'specimens' in the schema cache", 'code': 'PGRST204', 'hint': None, 'd). Reintento slim. code=BR-021
2026-08-14 10:28:35  WARNING   Insert full falló ({'message': "Could not find the 'stock' column of 'specimens' in the schema cache", 'code': 'PGRST204', 'hint': None, 'd). Reintento slim. code=BR-022
2026-08-14 10:28:37  WARNING   Insert full falló ({'message': "Could not find the 'stock' column of 'specimens' in the schema cache", 'code': 'PGRST204', 'hint': None, 'd). Reintento slim. code=BR-023
2026-08-14 10:28:39  WARNING   Insert full falló ({'message': "Could not find the 'stock' column of 'specimens' in the schema cache", 'code': 'PGRST204', 'hint': None, 'd). Reintento slim. code=BR-024
2026-08-14 10:28:41  WARNING   Insert full falló ({'message': "Could not find the 'stock' column of 'specimens' in the schema cache", 'code': 'PGRST204', 'hint': None, 'd). Reintento slim. code=BR-025
2026-08-14 10:28:43  WARNING   Insert full falló ({'message': "Could not find the 'stock' column of 'specimens' in the schema cache", 'code': 'PGRST204', 'hint': None, 'd). Reintento slim. code=BR-026
2026-08-14 10:28:45  WARNING   Insert full falló ({'message': "Could not find the 'stock' column of 'specimens' in the schema cache", 'code': 'PGRST204', 'hint': None, 'd). Reintento slim. code=BR-027
2026-08-14 10:39:22  WARNING   Insert full falló ({'message': "Could not find the 'stock' column of 'specimens' in the schema cache", 'code': 'PGRST204', 'hint': None, 'd). Reintento slim. code=BR-001
2026-08-14 10:39:24  WARNING   Insert full falló ({'message': "Could not find the 'stock' column of 'specimens' in the schema cache", 'code': 'PGRST204', 'hint': None, 'd). Reintento slim. code=BR-002
2026-08-14 10:39:26  WARNING   Insert full falló ({'message': "Could not find the 'stock' column of 'specimens' in the schema cache", 'code': 'PGRST204', 'hint': None, 'd). Reintento slim. code=BR-003
2026-08-14 10:39:27  WARNING   Insert full falló ({'message': "Could not find the 'stock' column of 'specimens' in the schema cache", 'code': 'PGRST204', 'hint': None, 'd). Reintento slim. code=BR-004
2026-08-14 10:39:29  WARNING   Insert full falló ({'message': "Could not find the 'stock' column of 'specimens' in the schema cache", 'code': 'PGRST204', 'hint': None, 'd). Reintento slim. code=BR-005
2026-08-14 10:39:31  WARNING   Insert full falló ({'message': "Could not find the 'stock' column of 'specimens' in the schema cache", 'code': 'PGRST204', 'hint': None, 'd). Reintento slim. code=BR-006
2026-08-14 10:39:32  WARNING   Insert full falló ({'message': "Could not find the 'stock' column of 'specimens' in the schema cache", 'code': 'PGRST204', 'hint': None, 'd). Reintento slim. code=BR-007
2026-08-14 10:39:34  WARNING   Insert full falló ({'message': "Could not find the 'stock' column of 'specimens' in the schema cache", 'code': 'PGRST204', 'hint': None, 'd). Reintento slim. code=BR-008
2026-08-14 10:39:36  WARNING   Insert full falló ({'message': "Could not find the 'stock' column of 'specimens' in the schema cache", 'code': 'PGRST204', 'hint': None, 'd). Reintento slim. code=BR-009
2026-08-14 10:39:38  WARNING   Insert full falló ({'message': "Could not find the 'stock' column of 'specimens' in the schema cache", 'code': 'PGRST204', 'hint': None, 'd). Reintento slim. code=BR-010
2026-08-14 10:39:40  WARNING   Insert full falló ({'message': "Could not find the 'stock' column of 'specimens' in the schema cache", 'code': 'PGRST204', 'hint': None, 'd). Reintento slim. code=BR-011
2026-08-14 10:39:42  WARNING   Insert full falló ({'message': "Could not find the 'stock' column of 'specimens' in the schema cache", 'code': 'PGRST204', 'hint': None, 'd). Reintento slim. code=BR-012
2026-08-14 10:39:43  WARNING   Insert full falló ({'message': "Could not find the 'stock' column of 'specimens' in the schema cache", 'code': 'PGRST204', 'hint': None, 'd). Reintento slim. code=BR-013
2026-08-14 10:39:46  WARNING   Insert full falló ({'message': "Could not find the 'stock' column of 'specimens' in the schema cache", 'code': 'PGRST204', 'hint': None, 'd). Reintento slim. code=BR-014
2026-08-14 10:39:48  WARNING   Insert full falló ({'message': "Could not find the 'stock' column of 'specimens' in the schema cache", 'code': 'PGRST204', 'hint': None, 'd). Reintento slim. code=BR-015
2026-08-14 10:39:49  WARNING   Insert full falló ({'message': "Could not find the 'stock' column of 'specimens' in the schema cache", 'code': 'PGRST204', 'hint': None, 'd). Reintento slim. code=BR-016
2026-08-14 10:39:51  WARNING   Insert full falló ({'message': "Could not find the 'stock' column of 'specimens' in the schema cache", 'code': 'PGRST204', 'hint': None, 'd). Reintento slim. code=BR-017
2026-08-14 10:39:54  WARNING   Insert full falló ({'message': "Could not find the 'stock' column of 'specimens' in the schema cache", 'code': 'PGRST204', 'hint': None, 'd). Reintento slim. code=BR-018
2026-08-14 10:39:55  WARNING   Insert full falló ({'message': "Could not find the 'stock' column of 'specimens' in the schema cache", 'code': 'PGRST204', 'hint': None, 'd). Reintento slim. code=BR-019
2026-08-14 10:39:57  WARNING   Insert full falló ({'message': "Could not find the 'stock' column of 'specimens' in the schema cache", 'code': 'PGRST204', 'hint': None, 'd). Reintento slim. code=BR-020
2026-08-14 10:39:59  WARNING   Insert full falló ({'message': "Could not find the 'stock' column of 'specimens' in the schema cache", 'code': 'PGRST204', 'hint': None, 'd). Reintento slim. code=BR-021
2026-08-14 10:40:01  WARNING   Insert full falló ({'message': "Could not find the 'stock' column of 'specimens' in the schema cache", 'code': 'PGRST204', 'hint': None, 'd). Reintento slim. code=BR-022
2026-08-14 10:40:03  WARNING   Insert full falló ({'message': "Could not find the 'stock' column of 'specimens' in the schema cache", 'code': 'PGRST204', 'hint': None, 'd). Reintento slim. code=BR-023
2026-08-14 10:40:04  WARNING   Insert full falló ({'message': "Could not find the 'stock' column of 'specimens' in the schema cache", 'code': 'PGRST204', 'hint': None, 'd). Reintento slim. code=BR-024
2026-08-14 10:40:07  WARNING   Insert full falló ({'message': "Could not find the 'stock' column of 'specimens' in the schema cache", 'code': 'PGRST204', 'hint': None, 'd). Reintento slim. code=BR-025
2026-08-14 10:40:09  WARNING   Insert full falló ({'message': "Could not find the 'stock' column of 'specimens' in the schema cache", 'code': 'PGRST204', 'hint': None, 'd). Reintento slim. code=BR-026
2026-08-14 10:40:10  WARNING   Insert full falló ({'message': "Could not find the 'stock' column of 'specimens' in the schema cache", 'code': 'PGRST204', 'hint': None, 'd). Reintento slim. code=BR-027
2026-08-14 10:40:29  WARNING   Insert full falló ({'message': "Could not find the 'stock' column of 'specimens' in the schema cache", 'code': 'PGRST204', 'hint': None, 'd). Reintento slim. code=BR-001
2026-08-14 10:40:31  WARNING   Insert full falló ({'message': "Could not find the 'stock' column of 'specimens' in the schema cache", 'code': 'PGRST204', 'hint': None, 'd). Reintento slim. code=BR-002
2026-08-14 10:40:33  WARNING   Insert full falló ({'message': "Could not find the 'stock' column of 'specimens' in the schema cache", 'code': 'PGRST204', 'hint': None, 'd). Reintento slim. code=BR-003
2026-08-14 10:40:34  WARNING   Insert full falló ({'message': "Could not find the 'stock' column of 'specimens' in the schema cache", 'code': 'PGRST204', 'hint': None, 'd). Reintento slim. code=BR-004
2026-08-14 10:40:36  WARNING   Insert full falló ({'message': "Could not find the 'stock' column of 'specimens' in the schema cache", 'code': 'PGRST204', 'hint': None, 'd). Reintento slim. code=BR-005
2026-08-14 10:40:37  WARNING   Insert full falló ({'message': "Could not find the 'stock' column of 'specimens' in the schema cache", 'code': 'PGRST204', 'hint': None, 'd). Reintento slim. code=BR-006
2026-08-14 10:40:39  WARNING   Insert full falló ({'message': "Could not find the 'stock' column of 'specimens' in the schema cache", 'code': 'PGRST204', 'hint': None, 'd). Reintento slim. code=BR-007
2026-08-14 10:40:41  WARNING   Insert full falló ({'message': "Could not find the 'stock' column of 'specimens' in the schema cache", 'code': 'PGRST204', 'hint': None, 'd). Reintento slim. code=BR-008
2026-08-14 10:40:43  WARNING   Insert full falló ({'message': "Could not find the 'stock' column of 'specimens' in the schema cache", 'code': 'PGRST204', 'hint': None, 'd). Reintento slim. code=BR-009
2026-08-14 10:40:45  WARNING   Insert full falló ({'message': "Could not find the 'stock' column of 'specimens' in the schema cache", 'code': 'PGRST204', 'hint': None, 'd). Reintento slim. code=BR-010
2026-08-14 10:40:46  WARNING   Insert full falló ({'message': "Could not find the 'stock' column of 'specimens' in the schema cache", 'code': 'PGRST204', 'hint': None, 'd). Reintento slim. code=BR-011
2026-08-14 10:40:48  WARNING   Insert full falló ({'message': "Could not find the 'stock' column of 'specimens' in the schema cache", 'code': 'PGRST204', 'hint': None, 'd). Reintento slim. code=BR-012
2026-08-14 10:40:50  WARNING   Insert full falló ({'message': "Could not find the 'stock' column of 'specimens' in the schema cache", 'code': 'PGRST204', 'hint': None, 'd). Reintento slim. code=BR-013
2026-08-14 10:40:52  WARNING   Insert full falló ({'message': "Could not find the 'stock' column of 'specimens' in the schema cache", 'code': 'PGRST204', 'hint': None, 'd). Reintento slim. code=BR-014
2026-08-14 10:40:54  WARNING   Insert full falló ({'message': "Could not find the 'stock' column of 'specimens' in the schema cache", 'code': 'PGRST204', 'hint': None, 'd). Reintento slim. code=BR-015
2026-08-14 10:40:56  WARNING   Insert full falló ({'message': "Could not find the 'stock' column of 'specimens' in the schema cache", 'code': 'PGRST204', 'hint': None, 'd). Reintento slim. code=BR-016
2026-08-14 10:40:58  WARNING   Insert full falló ({'message': "Could not find the 'stock' column of 'specimens' in the schema cache", 'code': 'PGRST204', 'hint': None, 'd). Reintento slim. code=BR-017
2026-08-14 10:41:00  WARNING   Insert full falló ({'message': "Could not find the 'stock' column of 'specimens' in the schema cache", 'code': 'PGRST204', 'hint': None, 'd). Reintento slim. code=BR-018
2026-08-14 10:41:01  WARNING   Insert full falló ({'message': "Could not find the 'stock' column of 'specimens' in the schema cache", 'code': 'PGRST204', 'hint': None, 'd). Reintento slim. code=BR-019
2026-08-14 10:41:03  WARNING   Insert full falló ({'message': "Could not find the 'stock' column of 'specimens' in the schema cache", 'code': 'PGRST204', 'hint': None, 'd). Reintento slim. code=BR-020
2026-08-14 10:41:05  WARNING   Insert full falló ({'message': "Could not find the 'stock' column of 'specimens' in the schema cache", 'code': 'PGRST204', 'hint': None, 'd). Reintento slim. code=BR-021
2026-08-14 10:41:07  WARNING   Insert full falló ({'message': "Could not find the 'stock' column of 'specimens' in the schema cache", 'code': 'PGRST204', 'hint': None, 'd). Reintento slim. code=BR-022
2026-08-14 10:41:09  WARNING   Insert full falló ({'message': "Could not find the 'stock' column of 'specimens' in the schema cache", 'code': 'PGRST204', 'hint': None, 'd). Reintento slim. code=BR-023
2026-08-14 10:41:11  WARNING   Insert full falló ({'message': "Could not find the 'stock' column of 'specimens' in the schema cache", 'code': 'PGRST204', 'hint': None, 'd). Reintento slim. code=BR-024
2026-08-14 10:41:13  WARNING   Insert full falló ({'message': "Could not find the 'stock' column of 'specimens' in the schema cache", 'code': 'PGRST204', 'hint': None, 'd). Reintento slim. code=BR-025
2026-08-14 10:41:15  WARNING   Insert full falló ({'message': "Could not find the 'stock' column of 'specimens' in the schema cache", 'code': 'PGRST204', 'hint': None, 'd). Reintento slim. code=BR-026
2026-08-14 10:41:16  WARNING   Insert full falló ({'message': "Could not find the 'stock' column of 'specimens' in the schema cache", 'code': 'PGRST204', 'hint': None, 'd). Reintento slim. code=BR-027
